work,dimension,population_size,max_gens,alpha,RAM,PKG,seconds,generations,diff_fitness,evaluations,initial_temp
base-intel-2, 10, 400, 10, 10, 16.66, 177.97, 14.57626446, , 0, , 43.0
intel-2, 10, 400, 10, 10, 26.31, 167.24, 25.05545398, 18, 6.08442100000002, 67245, 51.0
base-intel-2, 10, 400, 10, 10, 18.98, 115.02, 18.33571757, , 0, , 51.0
intel-2, 10, 400, 10, 10, 26.33, 159.52, 25.49901340, 12, 6.22968200000003, 45173, 52.0
base-intel-2, 10, 400, 10, 10, 19.08, 113.77, 18.40832924, , 0, , 56.0
intel-2, 10, 400, 10, 10, 26.56, 158.03, 25.71003943, 36, 3.130289, 133443, 55.0
base-intel-2, 10, 400, 10, 10, 19.94, 116.61, 18.99702015, , 0, , 56.0
intel-2, 10, 400, 10, 10, 26.50, 158.85, 25.59174534, 16, 4.697699, 59958, 57.0
base-intel-2, 10, 400, 10, 10, 19.07, 115.40, 18.45314005, , 0, , 57.0
intel-2, 10, 400, 10, 10, 26.33, 160.51, 25.58317105, 14, 4.47451699999999, 52559, 57.0
base-intel-2, 10, 400, 10, 10, 19.26, 113.26, 18.55957760, , 0, , 58.0
intel-2, 10, 400, 10, 10, 26.99, 161.27, 25.96384063, 18, 4.41042800000002, 67426, 58.0
base-intel-2, 10, 400, 10, 10, 19.84, 116.67, 18.92114007, , 0, , 59.0
intel-2, 10, 400, 10, 10, 26.75, 157.14, 25.70045181, 17, 3.63586500000002, 63667, 59.0
base-intel-2, 10, 400, 10, 10, 19.77, 117.91, 18.90283806, , 0, , 60.0
intel-2, 10, 400, 10, 10, 26.44, 158.59, 25.63285633, 15, 4.450716, 56141, 62.0
base-intel-2, 10, 400, 10, 10, 19.47, 115.02, 18.72106986, , 0, , 59.0
intel-2, 10, 400, 10, 10, 27.79, 162.51, 26.50616204, 25, 5.04553099999998, 93143, 60.0
base-intel-2, 10, 400, 10, 10, 19.66, 116.86, 18.86060056, , 0, , 68.0
intel-2, 10, 400, 10, 10, 26.35, 155.77, 25.57031581, 16, 5.34365500000001, 59698, 61.0
base-intel-2, 10, 400, 10, 10, 20.33, 114.37, 19.27759196, , 0, , 62.0
intel-2, 10, 400, 10, 10, 27.14, 159.85, 26.04319203, 25, 3.44062400000001, 93046, 62.0
base-intel-2, 10, 400, 10, 10, 19.65, 115.87, 18.89345589, , 0, , 61.0
intel-2, 10, 400, 10, 10, 26.52, 156.27, 25.75896168, 12, 6.50411800000001, 45213, 62.0
base-intel-2, 10, 400, 10, 10, 19.38, 114.90, 18.81277483, , 0, , 62.0
intel-2, 10, 400, 10, 10, 26.77, 159.94, 25.93136173, 17, 6.010175, 63664, 63.0
base-intel-2, 10, 400, 10, 10, 19.60, 116.66, 18.83577943, , 0, , 62.0
intel-2, 10, 400, 10, 10, 26.71, 158.51, 25.97549886, 18, 5.11336, 67231, 62.0
base-intel-2, 10, 400, 10, 10, 19.97, 114.17, 19.17612916, , 0, , 63.0
intel-2, 10, 400, 10, 10, 26.77, 159.34, 26.01943119, 24, 2.78215899999998, 89511, 62.0
base-intel-2, 10, 400, 10, 10, 19.83, 117.60, 18.98854729, , 0, , 62.0
intel-2, 10, 400, 10, 10, 27.16, 160.79, 26.08260771, 36, 3.92385400000001, 133916, 60.0
base-intel-2, 10, 400, 10, 10, 25.21, 115.00, 19.88541032, , 0, , 59.0
intel-2, 10, 400, 10, 10, 20.24, 169.32, 26.17029885, 23, 5.20859200000001, 85618, 60.0
base-intel-2, 10, 400, 10, 10, 14.68, 122.56, 18.73904829, , 0, , 60.0
intel-2, 10, 400, 10, 10, 19.64, 166.89, 25.84477495, 34, 3.83603499999998, 126384, 59.0
base-intel-2, 10, 400, 10, 10, 14.63, 122.96, 19.01132804, , 0, , 67.0
intel-2, 10, 400, 10, 10, 19.82, 165.98, 25.78944172, 17, 1.953349, 63688, 62.0
base-intel-2, 10, 400, 10, 10, 14.57, 121.85, 18.95483579, , 0, , 61.0
intel-2, 10, 400, 10, 10, 19.84, 166.88, 25.93247002, 23, 2.58552500000002, 85929, 64.0
base-intel-2, 10, 400, 10, 10, 14.45, 122.10, 18.83341112, , 0, , 61.0
intel-2, 10, 400, 10, 10, 19.89, 165.39, 25.92692740, 24, 5.300207, 89307, 61.0
base-intel-2, 10, 400, 10, 10, 14.63, 121.82, 18.99102486, , 0, , 62.0
intel-2, 10, 400, 10, 10, 19.91, 165.29, 25.97611177, 20, 3.44091100000003, 74599, 63.0
base-intel-2, 10, 400, 10, 10, 14.80, 125.44, 19.13815808, , 0, , 62.0
intel-2, 10, 400, 10, 10, 19.38, 166.95, 25.72043235, 16, 4.71377999999999, 59797, 60.0
base-intel-2, 10, 400, 10, 10, 14.74, 122.15, 18.84703164, , 0, , 62.0
intel-2, 10, 400, 10, 10, 20.06, 163.28, 25.81923748, 16, 6.57895000000002, 59994, 59.0
base-intel-2, 10, 400, 10, 10, 15.02, 122.19, 19.12241239, , 0, , 62.0
intel-2, 10, 400, 10, 10, 20.47, 168.14, 26.23812597, 33, 4.13567899999998, 122515, 58.0
base-intel-2, 10, 400, 10, 10, 14.43, 120.33, 18.57697957, , 0, , 60.0
intel-2, 10, 400, 10, 10, 19.92, 167.13, 25.73936608, 18, 3.37230700000003, 67128, 62.0
base-intel-2, 10, 400, 10, 10, 14.92, 122.70, 19.01470286, , 0, , 61.0
intel-2, 10, 400, 10, 10, 19.88, 166.21, 25.85354821, 21, 2.08307500000001, 78257, 61.0
base-intel-2, 10, 400, 10, 10, 15.29, 125.09, 19.32478207, , 0, , 61.0
intel-2, 10, 400, 10, 10, 20.21, 163.41, 26.17303988, 24, 3.64219900000001, 89318, 62.0
base-intel-2, 10, 400, 10, 10, 14.65, 121.14, 18.84786894, , 0, , 62.0
intel-2, 10, 400, 10, 10, 21.54, 170.16, 26.89269691, 34, 4.96470399999998, 126083, 63.0
base-intel-2, 10, 400, 10, 10, 14.90, 121.81, 18.95934356, , 0, , 63.0
intel-2, 10, 400, 10, 10, 19.50, 164.58, 25.77457396, 22, 3.65574400000003, 81967, 62.0
base-intel-2, 10, 400, 10, 10, 14.81, 122.73, 19.09480150, , 0, , 61.0
base-intel-2, 10, 400, 25, 10, 14.50, 120.16, 18.78757925, , 0, , 61.0
intel-2, 10, 400, 25, 10, 20.08, 166.01, 26.01797515, 58, 4.45652200000001, 215025, 60.0
base-intel-2, 10, 400, 25, 10, 14.57, 121.08, 18.77483065, , 0, , 60.0
intel-2, 10, 400, 25, 10, 19.71, 165.08, 25.68633450, 28, 3.356202, 104037, 58.0
base-intel-2, 10, 400, 25, 10, 14.82, 118.53, 18.96278261, , 0, , 60.0
intel-2, 10, 400, 25, 10, 20.14, 167.45, 26.00941368, 44, 4.06623999999999, 163082, 61.0
base-intel-2, 10, 400, 25, 10, 15.01, 121.60, 19.07373165, , 0, , 63.0
intel-2, 10, 400, 25, 10, 20.53, 170.89, 26.25323447, 29, 3.364012, 108019, 61.0
base-intel-2, 10, 400, 25, 10, 14.61, 121.70, 18.80198289, , 0, , 63.0
intel-2, 10, 400, 25, 10, 20.72, 169.88, 26.46941879, 30, 2.07706899999999, 111575, 64.0
base-intel-2, 10, 400, 25, 10, 14.93, 126.76, 19.08800089, , 0, , 62.0
intel-2, 10, 400, 25, 10, 20.42, 168.19, 26.12188365, 35, 4.12126599999999, 130286, 63.0
base-intel-2, 10, 400, 25, 10, 15.02, 123.26, 18.93156830, , 0, , 62.0
intel-2, 10, 400, 25, 10, 20.11, 166.80, 25.84403057, 38, 3.40691500000003, 141268, 61.0
base-intel-2, 10, 400, 25, 10, 14.62, 117.60, 18.66995367, , 0, , 60.0
intel-2, 10, 400, 25, 10, 20.98, 168.90, 26.49121492, 27, 4.716768, 100421, 61.0
base-intel-2, 10, 400, 25, 10, 14.60, 122.34, 18.73813226, , 0, , 60.0
intel-2, 10, 400, 25, 10, 20.32, 167.54, 26.07950551, 31, 4.05438600000002, 115080, 58.0
base-intel-2, 10, 400, 25, 10, 14.70, 119.67, 19.01316735, , 0, , 60.0
intel-2, 10, 400, 25, 10, 20.73, 171.33, 26.50365492, 49, 3.89718099999999, 181461, 62.0
base-intel-2, 10, 400, 25, 10, 14.55, 120.67, 18.83283259, , 0, , 63.0
intel-2, 10, 400, 25, 10, 20.16, 170.68, 26.19781003, 43, 4.14099800000002, 159314, 61.0
base-intel-2, 10, 400, 25, 10, 15.03, 121.92, 19.10739176, , 0, , 63.0
intel-2, 10, 400, 25, 10, 22.36, 170.52, 26.78445503, 80, 4.15499699999998, 296105, 63.0
base-intel-2, 10, 400, 25, 10, 17.93, 120.97, 19.17558466, , 0, , 65.0
intel-2, 10, 400, 25, 10, 20.45, 168.26, 26.26745687, 31, 3.71832000000001, 115290, 64.0
base-intel-2, 10, 400, 25, 10, 14.75, 122.96, 18.82788932, , 0, , 61.0
intel-2, 10, 400, 25, 10, 20.19, 164.85, 26.11398471, 56, 4.61987499999998, 207076, 60.0
base-intel-2, 10, 400, 25, 10, 14.54, 120.72, 18.91321932, , 0, , 60.0
intel-2, 10, 400, 25, 10, 20.78, 169.48, 26.35741556, 52, 3.98063200000001, 192491, 60.0
base-intel-2, 10, 400, 25, 10, 15.07, 122.43, 19.16078488, , 0, , 60.0
intel-2, 10, 400, 25, 10, 20.53, 171.77, 26.19270644, 42, 5.30904800000002, 155962, 60.0
base-intel-2, 10, 400, 25, 10, 15.18, 120.11, 19.16357544, , 0, , 62.0
intel-2, 10, 400, 25, 10, 21.45, 169.50, 26.52570672, 50, 4.09712300000001, 185098, 62.0
base-intel-2, 10, 400, 25, 10, 15.04, 122.01, 19.13295904, , 0, , 62.0
intel-2, 10, 400, 25, 10, 21.21, 170.54, 26.51918198, 59, 1.95071000000002, 218567, 62.0
base-intel-2, 10, 400, 25, 10, 15.09, 122.10, 19.17317035, , 0, , 63.0
intel-2, 10, 400, 25, 10, 20.38, 168.75, 26.18597114, 64, 2.67478, 236539, 62.0
base-intel-2, 10, 400, 25, 10, 15.42, 122.83, 19.26397640, , 0, , 65.0
intel-2, 10, 400, 25, 10, 20.05, 163.57, 25.81714334, 32, 2.60082399999999, 119041, 62.0
base-intel-2, 10, 400, 25, 10, 15.23, 125.69, 19.13788882, , 0, , 60.0
intel-2, 10, 400, 25, 10, 20.62, 168.59, 26.06696876, 34, 3.87929000000003, 126414, 59.0
base-intel-2, 10, 400, 25, 10, 15.20, 122.46, 19.04082073, , 0, , 58.0
intel-2, 10, 400, 25, 10, 20.71, 167.11, 26.14752546, 34, 4.66992299999998, 126146, 59.0
base-intel-2, 10, 400, 25, 10, 15.58, 123.26, 19.19091114, , 0, , 60.0
intel-2, 10, 400, 25, 10, 20.53, 170.89, 26.23886302, 49, 4.489778, 181659, 61.0
base-intel-2, 10, 400, 25, 10, 15.35, 125.69, 19.22124611, , 0, , 62.0
intel-2, 10, 400, 25, 10, 20.53, 170.31, 26.23829526, 36, 4.26809300000002, 133875, 62.0
base-intel-2, 10, 400, 25, 10, 15.03, 122.66, 19.11503671, , 0, , 62.0
intel-2, 10, 400, 25, 10, 21.51, 170.52, 26.54210365, 65, 4.42457999999999, 240450, 63.0
base-intel-2, 10, 400, 25, 10, 15.16, 122.29, 19.05949209, , 0, , 63.0
intel-2, 10, 400, 25, 10, 20.99, 172.48, 26.65165397, 58, 4.79812700000002, 214803, 60.0
base-intel-2, 10, 400, 25, 10, 15.57, 125.71, 19.13941187, , 0, , 60.0
intel-2, 10, 400, 25, 10, 20.92, 169.05, 26.49647217, 44, 3.57162900000003, 163140, 59.0
base-intel-2, 10, 400, 25, 10, 15.67, 122.33, 19.17571871, , 0, , 62.0
intel-2, 10, 400, 25, 10, 20.74, 169.81, 26.41499615, 56, 3.93240900000001, 207334, 59.0
base-intel-2, 10, 400, 25, 10, 15.31, 124.65, 19.22910072, , 0, , 60.0
intel-2, 10, 400, 25, 10, 20.99, 168.11, 26.34465498, 34, 6.04274600000002, 126201, 60.0
base-intel-2, 10, 400, 25, 10, 15.29, 121.50, 19.09635071, , 0, , 61.0
intel-2, 10, 400, 25, 10, 20.67, 172.00, 26.17628455, 43, 3.41032200000001, 159469, 63.0
base-intel-2, 10, 400, 25, 10, 15.36, 120.97, 19.04102034, , 0, , 61.0
base-intel-2, 10, 200, 10, 10, 16.26, 128.75, 19.79155098, , 0, , 62.0
intel-2, 10, 200, 10, 10, 20.28, 165.12, 25.99719191, 22, 5.35438099999999, 41136, 63.0
base-intel-2, 10, 200, 10, 10, 15.29, 123.88, 19.26863059, , 0, , 63.0
intel-2, 10, 200, 10, 10, 20.74, 164.69, 26.09170367, 13, 6.82322800000003, 24368, 62.0
base-intel-2, 10, 200, 10, 10, 15.20, 120.36, 19.01357714, , 0, , 61.0
intel-2, 10, 200, 10, 10, 20.66, 167.89, 26.14327976, 31, 2.471833, 57560, 61.0
base-intel-2, 10, 200, 10, 10, 19.31, 121.12, 19.24818420, , 0, , 64.0
intel-2, 10, 200, 10, 10, 20.86, 168.30, 26.38895732, 21, 5.10592100000002, 39044, 59.0
base-intel-2, 10, 200, 10, 10, 15.68, 122.85, 19.50776546, , 0, , 62.0
intel-2, 10, 200, 10, 10, 20.44, 168.33, 25.94758612, 14, 5.970304, 26262, 62.0
base-intel-2, 10, 200, 10, 10, 15.80, 125.09, 19.42234586, , 0, , 62.0
intel-2, 10, 200, 10, 10, 20.20, 165.34, 26.17081627, 33, 4.42695900000001, 61134, 62.0
base-intel-2, 10, 200, 10, 10, 15.43, 121.99, 19.40457829, , 0, , 62.0
intel-2, 10, 200, 10, 10, 20.69, 168.63, 26.27001436, 22, 4.58415600000001, 41111, 63.0
base-intel-2, 10, 200, 10, 10, 14.93, 122.59, 19.06412996, , 0, , 61.0
intel-2, 10, 200, 10, 10, 20.99, 168.88, 26.17090945, 16, 6.76554800000002, 30053, 60.0
base-intel-2, 10, 200, 10, 10, 15.18, 121.19, 19.05540231, , 0, , 62.0
intel-2, 10, 200, 10, 10, 20.84, 167.22, 26.18612627, 24, 4.686556, 44712, 59.0
base-intel-2, 10, 200, 10, 10, 15.69, 125.37, 19.35091207, , 0, , 60.0
intel-2, 10, 200, 10, 10, 20.61, 167.54, 26.09960015, 13, 5.321684, 24378, 58.0
base-intel-2, 10, 200, 10, 10, 15.36, 122.64, 19.35005006, , 0, , 60.0
intel-2, 10, 200, 10, 10, 20.85, 166.69, 26.11858427, 15, 6.21754800000002, 28067, 65.0
base-intel-2, 10, 200, 10, 10, 15.27, 121.93, 19.15558930, , 0, , 63.0
intel-2, 10, 200, 10, 10, 21.31, 171.28, 26.61880302, 48, 3.85357800000003, 88908, 62.0
base-intel-2, 10, 200, 10, 10, 15.62, 122.06, 19.14125704, , 0, , 63.0
intel-2, 10, 200, 10, 10, 20.78, 169.87, 26.29013914, 15, 7.57381700000002, 28088, 62.0
base-intel-2, 10, 200, 10, 10, 16.47, 124.20, 19.67176377, , 0, , 63.0
intel-2, 10, 200, 10, 10, 21.13, 165.69, 26.31342601, 22, 4.674756, 41003, 61.0
base-intel-2, 10, 200, 10, 10, 15.65, 121.93, 19.25762664, , 0, , 61.0
intel-2, 10, 200, 10, 10, 20.98, 168.61, 26.17941178, 17, 5.885537, 31540, 59.0
base-intel-2, 10, 200, 10, 10, 15.21, 125.92, 19.10216131, , 0, , 60.0
intel-2, 10, 200, 10, 10, 20.63, 168.27, 26.18877108, 22, 5.06751700000001, 40856, 60.0
base-intel-2, 10, 200, 10, 10, 15.37, 124.24, 19.07338417, , 0, , 58.0
intel-2, 10, 200, 10, 10, 21.13, 169.51, 26.55467416, 20, 5.22540600000002, 37114, 61.0
base-intel-2, 10, 200, 10, 10, 15.29, 120.65, 19.07566388, , 0, , 61.0
intel-2, 10, 200, 10, 10, 21.29, 168.75, 26.58292448, 16, 4.84086300000001, 29912, 62.0
base-intel-2, 10, 200, 10, 10, 15.65, 122.23, 19.29745573, , 0, , 62.0
intel-2, 10, 200, 10, 10, 20.64, 167.57, 26.12290200, 22, 5.467375, 40983, 66.0
base-intel-2, 10, 200, 10, 10, 15.68, 124.05, 19.39275730, , 0, , 62.0
intel-2, 10, 200, 10, 10, 21.13, 170.72, 26.45047812, 17, 4.60526700000003, 31784, 63.0
base-intel-2, 10, 200, 10, 10, 15.20, 120.43, 19.05872844, , 0, , 61.0
intel-2, 10, 200, 10, 10, 21.18, 170.53, 26.46841534, 16, 7.88769200000002, 29870, 60.0
base-intel-2, 10, 200, 10, 10, 16.29, 125.38, 19.40403029, , 0, , 63.0
intel-2, 10, 200, 10, 10, 20.93, 166.67, 26.19190230, 19, 6.68168000000003, 35462, 60.0
base-intel-2, 10, 200, 10, 10, 15.57, 122.20, 19.26302797, , 0, , 59.0
intel-2, 10, 200, 10, 10, 20.87, 168.31, 26.17017920, 15, 6.39066200000002, 28138, 60.0
base-intel-2, 10, 200, 10, 10, 16.65, 124.63, 19.82581275, , 0, , 60.0
intel-2, 10, 200, 10, 10, 22.16, 168.24, 26.73596173, 17, 3.364915, 31810, 66.0
base-intel-2, 10, 200, 10, 10, 15.37, 125.85, 19.22183257, , 0, , 63.0
intel-2, 10, 200, 10, 10, 21.52, 168.74, 26.71361626, 21, 4.26711399999999, 38979, 62.0
base-intel-2, 10, 200, 10, 10, 15.61, 124.20, 19.41148484, , 0, , 65.0
intel-2, 10, 200, 10, 10, 21.20, 169.21, 26.16999206, 18, 6.00883299999998, 33679, 62.0
base-intel-2, 10, 200, 10, 10, 16.56, 125.56, 19.69781892, , 0, , 60.0
intel-2, 10, 200, 10, 10, 20.53, 165.74, 26.02124365, 20, 4.44536399999998, 37324, 60.0
base-intel-2, 10, 200, 10, 10, 16.15, 123.49, 19.53180058, , 0, , 61.0
intel-2, 10, 200, 10, 10, 21.29, 167.59, 26.24441249, 16, 5.96884299999999, 29833, 58.0
base-intel-2, 10, 200, 10, 10, 15.33, 124.83, 19.09640746, , 0, , 58.0
intel-2, 10, 200, 10, 10, 22.62, 174.10, 26.82350149, 14, 4.474716, 26411, 60.0
base-intel-2, 10, 200, 10, 10, 16.06, 125.84, 19.40484968, , 0, , 62.0
intel-2, 10, 200, 10, 10, 21.01, 167.61, 26.60684988, 16, 3.14221000000003, 29897, 62.0
base-intel-2, 10, 200, 10, 10, 15.99, 124.57, 19.43110139, , 0, , 62.0
base-intel-2, 10, 200, 25, 10, 15.43, 124.39, 19.30883788, , 0, , 63.0
intel-2, 10, 200, 25, 10, 21.03, 168.61, 26.56320164, 43, 4.324861, 79620, 66.0
base-intel-2, 10, 200, 25, 10, 16.87, 126.58, 19.73662221, , 0, , 62.0
intel-2, 10, 200, 25, 10, 20.85, 165.23, 26.04510643, 29, 4.15410800000001, 53893, 61.0
base-intel-2, 10, 200, 25, 10, 15.90, 124.81, 19.40836412, , 0, , 59.0
intel-2, 10, 200, 25, 10, 21.08, 165.94, 26.30392423, 48, 3.49925400000001, 88709, 60.0
base-intel-2, 10, 200, 25, 10, 15.44, 120.03, 19.09285222, , 0, , 59.0
intel-2, 10, 200, 25, 10, 21.30, 167.72, 26.54351747, 41, 2.11723000000001, 76025, 65.0
base-intel-2, 10, 200, 25, 10, 15.71, 124.12, 19.27543878, , 0, , 60.0
intel-2, 10, 200, 25, 10, 21.25, 173.37, 26.74831961, 70, 3.70622200000003, 129595, 61.0
base-intel-2, 10, 200, 25, 10, 15.41, 121.19, 19.19253541, , 0, , 62.0
intel-2, 10, 200, 25, 10, 21.63, 168.47, 26.59147652, 52, 5.06215000000003, 96333, 63.0
base-intel-2, 10, 200, 25, 10, 16.04, 123.44, 19.52041491, , 0, , 63.0
intel-2, 10, 200, 25, 10, 21.42, 168.94, 26.46995912, 67, 4.90134999999998, 123680, 62.0
base-intel-2, 10, 200, 25, 10, 15.92, 126.02, 19.44782741, , 0, , 61.0
intel-2, 10, 200, 25, 10, 20.93, 166.38, 26.30134883, 29, 3.99388399999998, 54027, 60.0
base-intel-2, 10, 200, 25, 10, 15.98, 125.18, 19.26775723, , 0, , 62.0
intel-2, 10, 200, 25, 10, 21.39, 170.71, 26.51974113, 43, 3.83086400000002, 79743, 60.0
base-intel-2, 10, 200, 25, 10, 15.43, 120.79, 19.15966009, , 0, , 62.0
intel-2, 10, 200, 25, 10, 22.26, 173.06, 27.03486594, 58, 3.42046700000003, 107407, 59.0
base-intel-2, 10, 200, 25, 10, 16.12, 125.47, 19.47565234, , 0, , 60.0
intel-2, 10, 200, 25, 10, 21.04, 170.34, 26.35612391, 29, 3.97660500000001, 53807, 60.0
base-intel-2, 10, 200, 25, 10, 16.92, 126.86, 20.07951881, , 0, , 63.0
intel-2, 10, 200, 25, 10, 21.28, 169.65, 26.41712359, 73, 5.26462500000002, 134874, 63.0
base-intel-2, 10, 200, 25, 10, 15.80, 120.98, 19.33940643, , 0, , 64.0
intel-2, 10, 200, 25, 10, 21.61, 173.48, 26.61630519, 35, 4.37492800000001, 65026, 62.0
base-intel-2, 10, 200, 25, 10, 15.75, 124.19, 19.36756094, , 0, , 65.0
intel-2, 10, 200, 25, 10, 21.63, 172.10, 26.68899899, 29, 4.40414300000003, 53684, 60.0
base-intel-2, 10, 200, 25, 10, 15.70, 123.86, 19.11610471, , 0, , 60.0
intel-2, 10, 200, 25, 10, 21.42, 169.74, 26.45371756, 40, 4.027173, 74008, 61.0
base-intel-2, 10, 200, 25, 10, 16.43, 122.62, 19.64611528, , 0, , 59.0
intel-2, 10, 200, 25, 10, 21.14, 170.40, 26.43970224, 42, 4.20234900000003, 77727, 60.0
base-intel-2, 10, 200, 25, 10, 15.90, 126.07, 19.33847742, , 0, , 61.0
intel-2, 10, 200, 25, 10, 21.74, 170.88, 26.74863750, 54, 4.04532699999999, 100126, 66.0
base-intel-2, 10, 200, 25, 10, 15.54, 119.23, 19.19170157, , 0, , 64.0
intel-2, 10, 200, 25, 10, 21.57, 169.13, 26.69553800, 50, 4.673472, 92796, 66.0
base-intel-2, 10, 200, 25, 10, 15.98, 125.55, 19.46276171, , 0, , 63.0
intel-2, 10, 200, 25, 10, 21.74, 168.72, 26.50743431, 33, 5.15840200000002, 61112, 62.0
base-intel-2, 10, 200, 25, 10, 16.46, 127.69, 19.83156050, , 0, , 63.0
intel-2, 10, 200, 25, 10, 21.69, 169.68, 26.70555650, 31, 5.70405499999998, 57608, 60.0
base-intel-2, 10, 200, 25, 10, 16.15, 125.15, 19.39582474, , 0, , 65.0
intel-2, 10, 200, 25, 10, 21.71, 169.14, 26.71563061, 35, 4.53489999999999, 64989, 60.0
base-intel-2, 10, 200, 25, 10, 15.91, 124.01, 19.37429619, , 0, , 60.0
intel-2, 10, 200, 25, 10, 23.04, 174.97, 27.09680949, 40, 2.05191400000001, 74205, 60.0
base-intel-2, 10, 200, 25, 10, 16.14, 122.28, 19.58326255, , 0, , 62.0
intel-2, 10, 200, 25, 10, 22.57, 173.45, 27.10157180, 39, 2.30773700000003, 72416, 63.0
base-intel-2, 10, 200, 25, 10, 15.98, 125.37, 19.39836834, , 0, , 63.0
intel-2, 10, 200, 25, 10, 21.94, 172.08, 26.84309263, 29, 5.37837200000001, 53928, 64.0
base-intel-2, 10, 200, 25, 10, 16.11, 122.62, 19.43766511, , 0, , 61.0
intel-2, 10, 200, 25, 10, 21.80, 170.44, 26.63864556, 60, 4.328802, 111028, 60.0
base-intel-2, 10, 200, 25, 10, 16.23, 125.19, 19.61712533, , 0, , 59.0
intel-2, 10, 200, 25, 10, 21.65, 171.73, 26.39962183, 59, 4.157017, 109052, 59.0
base-intel-2, 10, 200, 25, 10, 16.37, 128.08, 19.65583729, , 0, , 61.0
intel-2, 10, 200, 25, 10, 22.06, 172.48, 26.63389113, 41, 4.59139900000002, 76051, 59.0
base-intel-2, 10, 200, 25, 10, 16.04, 121.79, 19.37853144, , 0, , 64.0
intel-2, 10, 200, 25, 10, 22.36, 172.08, 27.06568750, 67, 2.55096700000001, 123765, 61.0
base-intel-2, 10, 200, 25, 10, 15.90, 125.28, 19.44399950, , 0, , 62.0
intel-2, 10, 200, 25, 10, 22.37, 173.44, 27.25493934, 78, 3.57849099999999, 144236, 62.0
base-intel-2, 10, 200, 25, 10, 16.06, 124.87, 19.33827954, , 0, , 60.0
intel-2, 10, 200, 25, 10, 21.74, 174.07, 26.82075151, 39, 4.72733099999999, 72221, 60.0
base-intel-2, 10, 200, 25, 10, 16.54, 123.10, 19.65342759, , 0, , 60.0
base-intel-2, 5, 400, 10, 10, 16.60, 122.17, 19.49252365, , 0, , 59.0
intel-2, 5, 400, 10, 10, 21.75, 170.68, 26.53677554, 19, 0.0814619999999877, 71222, 61.0
base-intel-2, 5, 400, 10, 10, 17.78, 126.73, 20.05171560, , 0, , 58.0
intel-2, 5, 400, 10, 10, 21.60, 170.84, 26.50221258, 35, 0.156468000000018, 130400, 60.0
base-intel-2, 5, 400, 10, 10, 16.28, 130.06, 19.74951819, , 0, , 61.0
intel-2, 5, 400, 10, 10, 22.43, 172.46, 26.89242202, 33, 0.185555000000022, 122831, 61.0
base-intel-2, 5, 400, 10, 10, 15.99, 124.38, 19.49293373, , 0, , 66.0
intel-2, 5, 400, 10, 10, 22.29, 172.39, 26.96287899, 39, 0.106161999999983, 144973, 63.0
base-intel-2, 5, 400, 10, 10, 16.12, 124.70, 19.42864479, , 0, , 63.0
intel-2, 5, 400, 10, 10, 21.72, 169.60, 26.69122859, 12, 0.10306300000002, 45257, 62.0
base-intel-2, 5, 400, 10, 10, 16.52, 124.62, 19.55586895, , 0, , 61.0
intel-2, 5, 400, 10, 10, 22.07, 169.36, 26.77677447, 13, 0.32455299999998, 49015, 60.0
base-intel-2, 5, 400, 10, 10, 16.31, 125.09, 19.59665387, , 0, , 62.0
intel-2, 5, 400, 10, 10, 22.64, 169.57, 26.76634820, 24, 0.217388000000028, 89666, 60.0
base-intel-2, 5, 400, 10, 10, 15.85, 125.58, 19.35180032, , 0, , 59.0
intel-2, 5, 400, 10, 10, 22.61, 172.24, 27.01603794, 41, 0.157085999999993, 152294, 59.0
base-intel-2, 5, 400, 10, 10, 16.78, 126.08, 19.58031635, , 0, , 62.0
intel-2, 5, 400, 10, 10, 23.65, 173.16, 27.37392464, 35, 0.179791000000023, 130226, 61.0
base-intel-2, 5, 400, 10, 10, 16.41, 126.27, 19.53464093, , 0, , 63.0
intel-2, 5, 400, 10, 10, 21.99, 170.76, 26.78266841, 16, 0.180372000000034, 59889, 63.0
base-intel-2, 5, 400, 10, 10, 16.39, 126.53, 19.72692364, , 0, , 63.0
intel-2, 5, 400, 10, 10, 22.07, 173.41, 26.92136347, 17, 0.073869000000002, 63865, 63.0
base-intel-2, 5, 400, 10, 10, 16.41, 127.32, 19.74381056, , 0, , 65.0
intel-2, 5, 400, 10, 10, 21.57, 168.23, 26.45329724, 30, 0.0824959999999919, 111633, 61.0
base-intel-2, 5, 400, 10, 10, 16.75, 127.31, 19.64382252, , 0, , 60.0
intel-2, 5, 400, 10, 10, 22.02, 172.30, 26.86969198, 15, 0.257374000000027, 56407, 59.0
base-intel-2, 5, 400, 10, 10, 16.49, 122.93, 19.58177008, , 0, , 61.0
intel-2, 5, 400, 10, 10, 22.24, 171.75, 26.82832868, 12, 0.262032000000033, 45382, 59.0
base-intel-2, 5, 400, 10, 10, 16.08, 121.03, 19.40590440, , 0, , 60.0
intel-2, 5, 400, 10, 10, 22.99, 172.55, 27.18786223, 13, 0.27081400000003, 49000, 62.0
base-intel-2, 5, 400, 10, 10, 16.71, 127.76, 19.69568990, , 0, , 61.0
intel-2, 5, 400, 10, 10, 21.72, 173.55, 26.54857165, 18, 0.104284000000007, 67520, 62.0
base-intel-2, 5, 400, 10, 10, 16.76, 127.01, 19.78852475, , 0, , 62.0
intel-2, 5, 400, 10, 10, 22.44, 172.82, 27.03760033, 25, 0.183386999999982, 93329, 64.0
base-intel-2, 5, 400, 10, 10, 15.98, 125.34, 19.42492685, , 0, , 62.0
intel-2, 5, 400, 10, 10, 22.49, 174.37, 27.07027719, 21, 0.147079000000019, 78664, 61.0
base-intel-2, 5, 400, 10, 10, 16.08, 124.59, 19.47223341, , 0, , 60.0
intel-2, 5, 400, 10, 10, 21.90, 167.23, 26.51071499, 15, 0.185206999999991, 56262, 62.0
base-intel-2, 5, 400, 10, 10, 16.98, 124.85, 19.89583774, , 0, , 60.0
intel-2, 5, 400, 10, 10, 21.93, 171.08, 26.82384085, 17, 0.104510000000005, 63963, 60.0
base-intel-2, 5, 400, 10, 10, 17.73, 127.13, 20.09390963, , 0, , 60.0
intel-2, 5, 400, 10, 10, 21.95, 173.42, 26.73078678, 14, 0.354393000000016, 52659, 61.0
base-intel-2, 5, 400, 10, 10, 16.29, 126.35, 19.57487143, , 0, , 60.0
intel-2, 5, 400, 10, 10, 22.82, 171.86, 27.14531443, 16, 0.125254999999981, 60010, 63.0
base-intel-2, 5, 400, 10, 10, 16.34, 126.03, 19.56509653, , 0, , 62.0
intel-2, 5, 400, 10, 10, 22.26, 172.59, 26.89373911, 16, 0.19922200000002, 59981, 64.0
base-intel-2, 5, 400, 10, 10, 16.76, 123.45, 19.61480102, , 0, , 67.0
intel-2, 5, 400, 10, 10, 22.29, 168.37, 26.92520201, 20, 0.259447000000023, 74961, 62.0
base-intel-2, 5, 400, 10, 10, 16.62, 126.46, 19.71790906, , 0, , 61.0
intel-2, 5, 400, 10, 10, 22.20, 168.73, 26.57250374, 19, 0.172105999999985, 71120, 58.0
base-intel-2, 5, 400, 10, 10, 16.36, 124.88, 19.43974341, , 0, , 62.0
intel-2, 5, 400, 10, 10, 22.55, 174.70, 26.97315439, 31, 0.248870000000011, 115482, 59.0
base-intel-2, 5, 400, 10, 10, 16.20, 124.05, 19.46925265, , 0, , 59.0
intel-2, 5, 400, 10, 10, 22.17, 169.14, 26.85672615, 22, 0.232822999999996, 82241, 62.0
base-intel-2, 5, 400, 10, 10, 16.68, 122.46, 19.57482914, , 0, , 62.0
intel-2, 5, 400, 10, 10, 22.36, 170.89, 26.93710664, 50, 0.150214000000005, 185581, 62.0
base-intel-2, 5, 400, 10, 10, 18.72, 126.52, 20.12766643, , 0, , 62.0
intel-2, 5, 400, 10, 10, 29.48, 166.31, 27.28546329, 56, 0.0291080000000079, 208409, 65.0
base-intel-2, 5, 400, 10, 10, 20.51, 122.01, 19.91506136, , 0, , 61.0
intel-2, 5, 400, 10, 10, 22.42, 174.59, 26.80444132, 24, 0.107646999999986, 89624, 63.0
base-intel-2, 5, 400, 10, 10, 16.50, 123.40, 19.66659185, , 0, , 60.0
base-intel-2, 5, 400, 25, 10, 16.49, 128.26, 19.68459032, , 0, , 60.0
intel-2, 5, 400, 25, 10, 22.17, 170.82, 26.55532274, 43, 0.0861040000000344, 159741, 59.0
base-intel-2, 5, 400, 25, 10, 16.40, 126.17, 19.48610253, , 0, , 59.0
intel-2, 5, 400, 25, 10, 22.41, 172.92, 26.89445217, 32, 0.21123399999999, 119201, 66.0
base-intel-2, 5, 400, 25, 10, 17.00, 125.69, 19.91278698, , 0, , 61.0
intel-2, 5, 400, 25, 10, 22.44, 169.83, 26.95551533, 48, 0.105167999999992, 178300, 64.0
base-intel-2, 5, 400, 25, 10, 16.37, 124.45, 19.63691205, , 0, , 62.0
intel-2, 5, 400, 25, 10, 22.82, 176.50, 26.98482579, 71, 0.0537760000000276, 263908, 63.0
base-intel-2, 5, 400, 25, 10, 16.52, 125.58, 19.50155346, , 0, , 63.0
intel-2, 5, 400, 25, 10, 22.14, 171.34, 26.54848282, 43, 0.115541000000007, 160069, 64.0
base-intel-2, 5, 400, 25, 10, 17.04, 129.95, 19.72760065, , 0, , 61.0
intel-2, 5, 400, 25, 10, 23.42, 174.69, 27.17024538, 72, 0.0512949999999819, 267553, 60.0
base-intel-2, 5, 400, 25, 10, 16.18, 124.66, 19.33431195, , 0, , 61.0
intel-2, 5, 400, 25, 10, 23.11, 177.18, 26.80677907, 39, 0.0841240000000312, 144931, 67.0
base-intel-2, 5, 400, 25, 10, 17.06, 128.12, 19.72910417, , 0, , 60.0
intel-2, 5, 400, 25, 10, 22.76, 178.22, 26.88553268, 48, 0.0830210000000307, 178589, 61.0
base-intel-2, 5, 400, 25, 10, 17.26, 125.91, 19.65285836, , 0, , 61.0
intel-2, 5, 400, 25, 10, 22.17, 173.12, 26.46906296, 37, 0.086180000000013, 137910, 62.0
base-intel-2, 5, 400, 25, 10, 17.06, 129.55, 19.86943955, , 0, , 64.0
intel-2, 5, 400, 25, 10, 22.45, 177.15, 27.01073164, 31, 0.315504000000033, 115519, 63.0
base-intel-2, 5, 400, 25, 10, 17.51, 128.92, 19.75410080, , 0, , 65.0
intel-2, 5, 400, 25, 10, 23.07, 173.91, 26.92455041, 68, 0.112815000000012, 252711, 61.0
base-intel-2, 5, 400, 25, 10, 16.99, 129.89, 19.53263150, , 0, , 62.0
intel-2, 5, 400, 25, 10, 23.04, 175.06, 26.87948365, 60, 0.0984639999999786, 222685, 62.0
base-intel-2, 5, 400, 25, 10, 16.81, 128.49, 19.40221469, , 0, , 62.0
intel-2, 5, 400, 25, 10, 23.03, 175.21, 26.86500557, 55, 0.0409400000000346, 204680, 63.0
base-intel-2, 5, 400, 25, 10, 16.72, 129.44, 19.56377343, , 0, , 60.0
intel-2, 5, 400, 25, 10, 22.51, 173.74, 26.72299425, 66, 0.137784000000011, 244946, 62.0
base-intel-2, 5, 400, 25, 10, 16.74, 130.03, 19.53732750, , 0, , 61.0
intel-2, 5, 400, 25, 10, 23.06, 175.28, 26.73639268, 65, 0.0544490000000337, 241238, 62.0
base-intel-2, 5, 400, 25, 10, 16.60, 126.14, 19.55541325, , 0, , 64.0
intel-2, 5, 400, 25, 10, 22.87, 173.22, 26.97471139, 29, 0.0420710000000213, 108213, 63.0
base-intel-2, 5, 400, 25, 10, 16.72, 123.73, 19.41206080, , 0, , 62.0
intel-2, 5, 400, 25, 10, 22.88, 175.18, 26.85427768, 58, 0.0853170000000318, 215574, 62.0
base-intel-2, 5, 400, 25, 10, 16.49, 125.12, 19.28807516, , 0, , 61.0
intel-2, 5, 400, 25, 10, 22.60, 173.19, 26.79791438, 42, 0.288763000000017, 156176, 60.0
base-intel-2, 5, 400, 25, 10, 16.66, 126.64, 19.51529687, , 0, , 61.0
intel-2, 5, 400, 25, 10, 22.50, 174.57, 26.52435503, 40, 0.238171000000023, 148984, 60.0
base-intel-2, 5, 400, 25, 10, 16.51, 125.27, 19.32542968, , 0, , 60.0
intel-2, 5, 400, 25, 10, 22.54, 173.04, 26.59579726, 36, 0.0641110000000253, 133974, 59.0
base-intel-2, 5, 400, 25, 10, 16.93, 126.55, 19.54324681, , 0, , 62.0
intel-2, 5, 400, 25, 10, 23.23, 176.88, 27.02357206, 70, 0.120610999999997, 259898, 64.0
base-intel-2, 5, 400, 25, 10, 16.54, 124.91, 19.38159234, , 0, , 64.0
intel-2, 5, 400, 25, 10, 22.91, 173.13, 27.01123439, 62, 0.116613000000029, 230442, 63.0
base-intel-2, 5, 400, 25, 10, 16.93, 126.35, 19.74307256, , 0, , 64.0
intel-2, 5, 400, 25, 10, 23.55, 175.60, 26.90703772, 73, 0.0844190000000253, 271141, 62.0
base-intel-2, 5, 400, 25, 10, 16.92, 129.03, 19.77365757, , 0, , 62.0
intel-2, 5, 400, 25, 10, 22.64, 175.05, 26.51035074, 49, 0.139398000000028, 182367, 61.0
base-intel-2, 5, 400, 25, 10, 16.64, 126.85, 19.45687974, , 0, , 62.0
intel-2, 5, 400, 25, 10, 23.14, 175.19, 26.80696631, 45, 0.0359320000000025, 167388, 60.0
base-intel-2, 5, 400, 25, 10, 16.74, 130.73, 19.57124557, , 0, , 61.0
intel-2, 5, 400, 25, 10, 32.06, 179.81, 29.81584641, 42, 0.138668999999993, 156538, 60.0
base-intel-2, 5, 400, 25, 10, 36.81, 135.62, 24.43216131, , 0, , 61.0
intel-2, 5, 400, 25, 10, 31.85, 162.52, 26.89342710, 36, 0.144250999999997, 133995, 58.0
base-intel-2, 5, 400, 25, 10, 29.71, 122.58, 21.79900201, , 0, , 60.0
intel-2, 5, 400, 25, 10, 44.59, 165.38, 30.59760292, 39, 0.153464999999983, 145175, 58.0
base-intel-2, 5, 400, 25, 10, 33.43, 128.46, 22.66477218, , 0, , 59.0
intel-2, 5, 400, 25, 10, 33.54, 159.91, 27.36525100, 49, 0.0614699999999857, 182393, 60.0
base-intel-2, 5, 400, 25, 10, 29.37, 121.13, 21.39006743, , 0, , 62.0
intel-2, 5, 400, 25, 10, 43.34, 173.42, 30.48008800, 65, 0.155831000000035, 241260, 63.0
base-intel-2, 5, 400, 25, 10, 27.74, 120.32, 20.76318554, , 0, , 62.0
base-intel-2, 5, 200, 10, 10, 31.74, 124.07, 22.19310502, , 0, , 60.0
intel-2, 5, 200, 10, 10, 49.36, 174.17, 31.97517354, 24, 0.234912000000008, 44752, 60.0
base-intel-2, 5, 200, 10, 10, 30.31, 121.88, 21.53238798, , 0, , 61.0
intel-2, 5, 200, 10, 10, 39.34, 167.78, 28.98544671, 27, 0.0898240000000214, 50306, 60.0
base-intel-2, 5, 200, 10, 10, 28.92, 122.26, 20.98585359, , 0, , 60.0
intel-2, 5, 200, 10, 10, 37.46, 167.46, 28.27806169, 12, 0.34138999999999, 22627, 61.0
base-intel-2, 5, 200, 10, 10, 27.99, 116.37, 20.93624773, , 0, , 60.0
intel-2, 5, 200, 10, 10, 35.70, 163.50, 27.74745548, 41, 0.183751000000029, 76462, 58.0
base-intel-2, 5, 200, 10, 10, 33.23, 123.65, 22.54960413, , 0, , 60.0
intel-2, 5, 200, 10, 10, 40.31, 171.46, 29.18469649, 24, 0.232081999999991, 44840, 59.0
base-intel-2, 5, 200, 10, 10, 23.38, 119.61, 19.78538221, , 0, , 58.0
intel-2, 5, 200, 10, 10, 41.37, 173.67, 29.63931519, 13, 0.22459600000002, 24492, 59.0
base-intel-2, 5, 200, 10, 10, 36.72, 132.91, 23.85716415, , 0, , 58.0
intel-2, 5, 200, 10, 10, 55.90, 178.02, 34.47010122, 30, 0.134607000000017, 55741, 59.0
base-intel-2, 5, 200, 10, 10, 28.72, 119.33, 21.07656987, , 0, , 62.0
intel-2, 5, 200, 10, 10, 42.44, 171.96, 29.86259838, 14, 0.204224000000011, 26239, 59.0
base-intel-2, 5, 200, 10, 10, 22.90, 117.34, 19.34874749, , 0, , 58.0
intel-2, 5, 200, 10, 10, 36.01, 168.24, 28.37742692, 30, 0.30466100000001, 56011, 61.0
base-intel-2, 5, 200, 10, 10, 21.92, 113.99, 19.19401022, , 0, , 60.0
intel-2, 5, 200, 10, 10, 34.43, 160.98, 27.60780704, 28, 0.157554000000005, 52337, 60.0
base-intel-2, 5, 200, 10, 10, 31.66, 129.63, 22.27532128, , 0, , 65.0
intel-2, 5, 200, 10, 10, 30.15, 158.48, 26.15944798, 25, 0.355449000000021, 46537, 58.0
base-intel-2, 5, 200, 10, 10, 21.89, 117.27, 19.35418726, , 0, , 59.0
intel-2, 5, 200, 10, 10, 32.41, 161.91, 26.88729539, 21, 0.200226999999984, 39253, 59.0
base-intel-2, 5, 200, 10, 10, 29.76, 121.30, 21.18439428, , 0, , 60.0
intel-2, 5, 200, 10, 10, 39.68, 169.49, 30.11624017, 16, 0.286846000000025, 29836, 62.0
base-intel-2, 5, 200, 10, 10, 22.20, 118.74, 19.33046476, , 0, , 60.0
intel-2, 5, 200, 10, 10, 28.74, 161.29, 26.38779662, 21, 0.108761000000015, 39132, 58.0
base-intel-2, 5, 200, 10, 10, 22.97, 120.19, 19.62059023, , 0, , 65.0
intel-2, 5, 200, 10, 10, 26.32, 156.39, 25.36665141, 24, 0.262994999999989, 44739, 58.0
base-intel-2, 5, 200, 10, 10, 20.30, 114.56, 18.99083943, , 0, , 58.0
intel-2, 5, 200, 10, 10, 26.34, 154.07, 25.31453712, 17, 0.129410000000007, 31800, 59.0
base-intel-2, 5, 200, 10, 10, 21.65, 115.21, 19.23173131, , 0, , 60.0
intel-2, 5, 200, 10, 10, 26.99, 155.81, 25.91743378, 15, 0.572990000000004, 28206, 58.0
base-intel-2, 5, 200, 10, 10, 21.23, 116.03, 19.14541722, , 0, , 60.0
intel-2, 5, 200, 10, 10, 28.88, 161.67, 26.29051046, 18, 0.385061000000007, 33869, 59.0
base-intel-2, 5, 200, 10, 10, 19.52, 113.20, 18.60209814, , 0, , 60.0
intel-2, 5, 200, 10, 10, 28.92, 155.11, 26.11268911, 23, 0.237019000000032, 42870, 63.0
base-intel-2, 5, 200, 10, 10, 21.07, 117.20, 19.35466727, , 0, , 60.0
intel-2, 5, 200, 10, 10, 29.21, 158.49, 26.25616285, 37, 0.0983499999999822, 68793, 58.0
base-intel-2, 5, 200, 10, 10, 18.93, 111.68, 18.30752059, , 0, , 58.0
intel-2, 5, 200, 10, 10, 32.01, 165.55, 27.45976136, 36, 0.224243999999999, 67224, 60.0
base-intel-2, 5, 200, 10, 10, 22.08, 120.15, 19.36564563, , 0, , 60.0
intel-2, 5, 200, 10, 10, 29.86, 158.47, 26.53030965, 18, 0.258442000000002, 33740, 62.0
base-intel-2, 5, 200, 10, 10, 19.36, 113.54, 18.49563958, , 0, , 58.0
intel-2, 5, 200, 10, 10, 28.44, 159.09, 26.14935735, 23, 0.293716000000018, 42970, 59.0
base-intel-2, 5, 200, 10, 10, 20.51, 115.92, 19.01132257, , 0, , 59.0
intel-2, 5, 200, 10, 10, 29.32, 158.37, 26.37021469, 29, 0.0805690000000254, 54119, 60.0
base-intel-2, 5, 200, 10, 10, 23.32, 119.39, 20.05442578, , 0, , 60.0
intel-2, 5, 200, 10, 10, 29.17, 160.66, 26.30479465, 24, 0.26307700000001, 44856, 59.0
base-intel-2, 5, 200, 10, 10, 23.83, 118.18, 19.85841624, , 0, , 60.0
intel-2, 5, 200, 10, 10, 30.82, 162.17, 27.08773295, 14, 0.259496000000013, 26303, 60.0
base-intel-2, 5, 200, 10, 10, 19.92, 113.55, 18.61784265, , 0, , 60.0
intel-2, 5, 200, 10, 10, 29.19, 158.29, 26.38156119, 14, 0.219731000000024, 26351, 58.0
base-intel-2, 5, 200, 10, 10, 22.97, 119.98, 19.79590263, , 0, , 63.0
intel-2, 5, 200, 10, 10, 24.78, 156.30, 24.91309375, 22, 0.166810999999996, 40971, 60.0
base-intel-2, 5, 200, 10, 10, 20.97, 116.64, 19.29945033, , 0, , 61.0
intel-2, 5, 200, 10, 10, 29.21, 163.01, 26.54940147, 17, 0.0941320000000019, 31873, 60.0
base-intel-2, 5, 200, 10, 10, 21.04, 114.92, 18.99438557, , 0, , 59.0
intel-2, 5, 200, 10, 10, 30.42, 164.36, 26.83200889, 32, 0.093734999999981, 59622, 61.0
base-intel-2, 5, 200, 10, 10, 23.31, 115.44, 19.74596717, , 0, , 60.0
base-intel-2, 5, 200, 25, 10, 19.68, 113.82, 18.62768756, , 0, , 59.0
intel-2, 5, 200, 25, 10, 29.29, 159.62, 26.60087783, 60, 0.137608999999998, 111190, 60.0
base-intel-2, 5, 200, 25, 10, 22.22, 119.40, 19.48830283, , 0, , 60.0
intel-2, 5, 200, 25, 10, 29.98, 163.88, 26.95968188, 28, 0.299368000000015, 52338, 63.0
base-intel-2, 5, 200, 25, 10, 22.63, 116.13, 19.78083595, , 0, , 58.0
intel-2, 5, 200, 25, 10, 29.15, 160.80, 26.41759998, 38, 0.11251500000003, 70985, 60.0
base-intel-2, 5, 200, 25, 10, 19.68, 115.67, 18.77865535, , 0, , 62.0
intel-2, 5, 200, 25, 10, 28.97, 163.18, 26.41982778, 50, 0.212358999999992, 92881, 60.0
base-intel-2, 5, 200, 25, 10, 23.09, 117.90, 19.89674055, , 0, , 60.0
intel-2, 5, 200, 25, 10, 38.15, 170.76, 29.16831059, 46, 0.122970000000009, 85639, 60.0
base-intel-2, 5, 200, 25, 10, 36.40, 135.70, 23.98791605, , 0, , 60.0
intel-2, 5, 200, 25, 10, 40.07, 168.40, 29.15614633, 29, 0.255795000000035, 54031, 63.0
base-intel-2, 5, 200, 25, 10, 22.21, 117.12, 19.42404310, , 0, , 60.0
intel-2, 5, 200, 25, 10, 43.60, 176.15, 30.47482961, 34, 0.0409500000000094, 63373, 59.0
base-intel-2, 5, 200, 25, 10, 46.25, 135.92, 26.52663688, , 0, , 59.0
intel-2, 5, 200, 25, 10, 56.77, 174.09, 34.32314574, 29, 0.115927999999997, 53977, 59.0
base-intel-2, 5, 200, 25, 10, 35.55, 125.15, 23.46187528, , 0, , 60.0
intel-2, 5, 200, 25, 10, 42.42, 172.03, 30.17808781, 47, 0.0983120000000213, 87460, 60.0
base-intel-2, 5, 200, 25, 10, 31.37, 126.90, 22.25621517, , 0, , 59.0
intel-2, 5, 200, 25, 10, 47.00, 179.50, 31.27782950, 67, 0.105129000000034, 124125, 62.0
base-intel-2, 5, 200, 25, 10, 32.33, 130.01, 22.12370761, , 0, , 61.0
intel-2, 5, 200, 25, 10, 44.08, 176.18, 30.53228979, 78, 0.106788999999992, 144629, 60.0
base-intel-2, 5, 200, 25, 10, 46.53, 141.81, 26.55500968, , 0, , 59.0
intel-2, 5, 200, 25, 10, 59.81, 184.73, 35.13068347, 78, 0.126013999999998, 145029, 61.0
base-intel-2, 5, 200, 25, 10, 54.49, 144.77, 29.25155985, , 0, , 61.0
intel-2, 5, 200, 25, 10, 70.93, 200.48, 38.98547258, 43, 0.17864000000003, 80105, 61.0
base-intel-2, 5, 200, 25, 10, 26.65, 114.17, 20.81608350, , 0, , 61.0
intel-2, 5, 200, 25, 10, 42.48, 162.11, 30.17714018, 68, 0.284215000000017, 126171, 61.0
base-intel-2, 5, 200, 25, 10, 44.30, 139.43, 26.30193054, , 0, , 60.0
intel-2, 5, 200, 25, 10, 60.12, 188.38, 36.01554444, 40, 0.203030000000012, 74526, 60.0
base-intel-2, 5, 200, 25, 10, 40.09, 129.93, 24.88811591, , 0, , 61.0
intel-2, 5, 200, 25, 10, 45.27, 168.66, 31.00726395, 37, 0.361884000000032, 68770, 60.0
base-intel-2, 5, 200, 25, 10, 36.22, 128.28, 23.95061619, , 0, , 60.0
intel-2, 5, 200, 25, 10, 65.19, 195.26, 36.86413130, 38, 0.114865000000009, 70802, 60.0
base-intel-2, 5, 200, 25, 10, 38.86, 128.04, 24.79840640, , 0, , 61.0
intel-2, 5, 200, 25, 10, 82.80, 221.43, 43.11245952, 81, 0.163736000000029, 150277, 60.0
base-intel-2, 5, 200, 25, 10, 45.17, 137.04, 26.27364809, , 0, , 60.0
intel-2, 5, 200, 25, 10, 64.40, 194.16, 37.16567059, 35, 0.244778999999994, 65206, 62.0
base-intel-2, 5, 200, 25, 10, 62.05, 157.82, 31.50974515, , 0, , 61.0
intel-2, 5, 200, 25, 10, 53.27, 179.32, 33.57730440, 57, 0.272272999999984, 105779, 62.0
base-intel-2, 5, 200, 25, 10, 31.51, 124.63, 22.15697460, , 0, , 63.0
intel-2, 5, 200, 25, 10, 35.90, 163.08, 28.51637277, 75, 0.174961999999994, 139209, 60.0
base-intel-2, 5, 200, 25, 10, 24.13, 118.47, 20.04603363, , 0, , 60.0
intel-2, 5, 200, 25, 10, 38.41, 168.38, 29.36091940, 39, 0.242974000000004, 72482, 60.0
base-intel-2, 5, 200, 25, 10, 43.88, 140.76, 26.17444495, , 0, , 61.0
intel-2, 5, 200, 25, 10, 100.37, 223.81, 47.28962441, 61, 0.115894000000026, 113285, 61.0
base-intel-2, 5, 200, 25, 10, 34.45, 123.39, 23.14483579, , 0, , 60.0
intel-2, 5, 200, 25, 10, 48.46, 175.27, 32.39821626, 49, 0.147118000000034, 91102, 60.0
base-intel-2, 5, 200, 25, 10, 30.23, 123.34, 21.65551826, , 0, , 60.0
intel-2, 5, 200, 25, 10, 58.08, 186.34, 35.26725127, 78, 0.0643489999999929, 144758, 62.0
base-intel-2, 5, 200, 25, 10, 28.62, 118.15, 21.26077495, , 0, , 60.0
intel-2, 5, 200, 25, 10, 56.52, 178.75, 34.30551091, 54, 0.130460000000028, 100480, 61.0
base-intel-2, 5, 200, 25, 10, 38.75, 131.93, 24.60785573, , 0, , 60.0
intel-2, 5, 200, 25, 10, 58.93, 193.80, 35.34518688, 57, 0.25338099999999, 106029, 61.0
base-intel-2, 5, 200, 25, 10, 40.49, 131.89, 24.65592926, , 0, , 59.0
intel-2, 5, 200, 25, 10, 33.31, 162.07, 27.45362453, 38, 0.112162000000012, 70810, 63.0
base-intel-2, 5, 200, 25, 10, 32.93, 127.34, 22.68768833, , 0, , 63.0
intel-2, 5, 200, 25, 10, 47.60, 175.68, 31.66347822, 35, 0.139584000000013, 65185, 60.0
base-intel-2, 5, 200, 25, 10, 34.93, 130.80, 23.04219060, , 0, , 60.0
intel-2, 5, 200, 25, 10, 48.73, 174.80, 31.64501949, 60, 0.0430840000000217, 111422, 62.0
base-intel-2, 5, 200, 25, 10, 39.76, 131.50, 24.76387680, , 0, , 59.0
base-intel-2, 3, 400, 10, 10, 43.91, 145.13, 26.81608338, , 0, , 61.0
intel-2, 3, 400, 10, 10, 42.55, 174.88, 30.87247340, 24, 0.00046700000001465, 88559, 61.0
base-intel-2, 3, 400, 10, 10, 39.01, 127.38, 24.40777235, , 0, , 59.0
intel-2, 3, 400, 10, 10, 47.56, 182.58, 32.22522156, 28, 0.000680999999985943, 103049, 60.0
base-intel-2, 3, 400, 10, 10, 57.17, 145.16, 29.94215744, , 0, , 60.0
intel-2, 3, 400, 10, 10, 63.83, 203.28, 38.21219363, 20, 0.000510000000019772, 73851, 60.0
base-intel-2, 3, 400, 10, 10, 24.24, 120.62, 20.02890145, , 0, , 60.0
intel-2, 3, 400, 10, 10, 26.87, 154.32, 24.97287148, 23, 0.00249600000000783, 84814, 59.0
base-intel-2, 3, 400, 10, 10, 38.88, 129.20, 24.23740627, , 0, , 60.0
intel-2, 3, 400, 10, 10, 46.51, 158.41, 31.61764457, 31, 0.000848000000019056, 114047, 60.0
base-intel-2, 3, 400, 10, 10, 32.28, 120.72, 22.56881762, , 0, , 60.0
intel-2, 3, 400, 10, 10, 34.89, 157.52, 27.56306227, 20, 0.00063399999999092, 73800, 60.0
base-intel-2, 3, 400, 10, 10, 34.03, 121.37, 22.53705153, , 0, , 62.0
intel-2, 3, 400, 10, 10, 36.79, 167.42, 28.94627946, 27, 0.000720000000001164, 99622, 60.0
base-intel-2, 3, 400, 10, 10, 28.35, 128.20, 21.71079297, , 0, , 59.0
intel-2, 3, 400, 10, 10, 34.77, 170.97, 28.39230394, 35, 0.000479999999981828, 128338, 61.0
base-intel-2, 3, 400, 10, 10, 40.56, 140.49, 26.44355587, , 0, , 61.0
intel-2, 3, 400, 10, 10, 61.37, 207.44, 37.52309092, 29, 0.000775000000032833, 106695, 62.0
base-intel-2, 3, 400, 10, 10, 38.08, 137.97, 24.64176627, , 0, , 61.0
intel-2, 3, 400, 10, 10, 36.60, 172.25, 29.12977445, 20, 0.000446000000010827, 73791, 60.0
base-intel-2, 3, 400, 10, 10, 30.31, 130.97, 22.21717927, , 0, , 59.0
intel-2, 3, 400, 10, 10, 40.52, 172.89, 30.29874317, 24, 0.000677999999993517, 88312, 62.0
base-intel-2, 3, 400, 10, 10, 26.33, 126.89, 21.25880306, , 0, , 64.0
intel-2, 3, 400, 10, 10, 41.24, 176.83, 31.38984522, 24, 0.000877000000002681, 88566, 60.0
base-intel-2, 3, 400, 10, 10, 30.82, 129.63, 22.23439506, , 0, , 60.0
intel-2, 3, 400, 10, 10, 37.80, 170.68, 29.57003066, 45, 0.000370000000032178, 164716, 62.0
base-intel-2, 3, 400, 10, 10, 33.16, 124.05, 22.58650157, , 0, , 60.0
intel-2, 3, 400, 10, 10, 43.59, 160.88, 29.49291605, 17, 0.000875000000007731, 63083, 60.0
base-intel-2, 3, 400, 10, 10, 29.24, 115.78, 21.08171266, , 0, , 61.0
intel-2, 3, 400, 10, 10, 42.36, 172.78, 30.44754902, 27, 0.000848000000019056, 99411, 60.0
base-intel-2, 3, 400, 10, 10, 21.49, 117.70, 19.33524772, , 0, , 60.0
intel-2, 3, 400, 10, 10, 41.58, 161.35, 29.71410559, 24, 0.00084300000003168, 88567, 60.0
base-intel-2, 3, 400, 10, 10, 21.08, 113.65, 19.16465168, , 0, , 62.0
intel-2, 3, 400, 10, 10, 39.54, 158.84, 28.73202927, 13, 0.00279999999997926, 48411, 60.0
base-intel-2, 3, 400, 10, 10, 24.21, 121.37, 20.26188819, , 0, , 61.0
intel-2, 3, 400, 10, 10, 39.48, 160.54, 29.24458237, 31, 0.000274999999987813, 113845, 60.0
base-intel-2, 3, 400, 10, 10, 19.13, 113.38, 18.57028215, , 0, , 60.0
intel-2, 3, 400, 10, 10, 35.04, 154.95, 27.29390218, 30, 0.000630999999998494, 109840, 60.0
base-intel-2, 3, 400, 10, 10, 29.95, 121.28, 21.82672566, , 0, , 61.0
intel-2, 3, 400, 10, 10, 33.38, 151.52, 26.82559116, 18, 6.79999999988468e-05, 66465, 60.0
base-intel-2, 3, 400, 10, 10, 25.46, 113.00, 20.30537356, , 0, , 60.0
intel-2, 3, 400, 10, 10, 38.97, 170.42, 29.47196078, 21, 0.000445000000013351, 77495, 62.0
base-intel-2, 3, 400, 10, 10, 21.93, 115.89, 19.38233391, , 0, , 63.0
intel-2, 3, 400, 10, 10, 34.29, 161.82, 27.96890399, 15, 0.00124599999998054, 55480, 61.0
base-intel-2, 3, 400, 10, 10, 30.24, 125.72, 22.11255386, , 0, , 61.0
intel-2, 3, 400, 10, 10, 33.26, 164.44, 27.75671852, 26, 0.000653999999997268, 95586, 62.0
base-intel-2, 3, 400, 10, 10, 27.72, 125.04, 21.34367259, , 0, , 60.0
intel-2, 3, 400, 10, 10, 33.01, 164.70, 27.64823762, 15, 0.00111200000003464, 55789, 60.0
base-intel-2, 3, 400, 10, 10, 24.53, 118.90, 20.26890980, , 0, , 60.0
intel-2, 3, 400, 10, 10, 34.23, 162.98, 28.05524026, 14, 0.00126000000000204, 52003, 61.0
base-intel-2, 3, 400, 10, 10, 22.73, 116.77, 19.64260327, , 0, , 59.0
intel-2, 3, 400, 10, 10, 32.58, 162.43, 27.18988734, 17, 8.60000000102445e-05, 62947, 63.0
base-intel-2, 3, 400, 10, 10, 40.75, 136.01, 25.36172816, , 0, , 60.0
intel-2, 3, 400, 10, 10, 44.07, 168.17, 30.25752482, 22, 0.000651000000004842, 81130, 63.0
base-intel-2, 3, 400, 10, 10, 19.56, 109.61, 18.45015604, , 0, , 60.0
intel-2, 3, 400, 10, 10, 24.00, 148.97, 24.77804492, 28, 0.000475999999991927, 103166, 60.0
base-intel-2, 3, 400, 10, 10, 18.82, 108.80, 17.89544807, , 0, , 60.0
intel-2, 3, 400, 10, 10, 33.94, 144.82, 27.48540788, 23, 0.000704999999982192, 84782, 61.0
base-intel-2, 3, 400, 10, 10, 15.27, 105.84, 17.13587385, , 0, , 60.0
intel-2, 3, 400, 10, 10, 21.32, 147.31, 23.60628596, 26, 0.000990999999999076, 95706, 60.0
base-intel-2, 3, 400, 10, 10, 21.00, 116.46, 18.85379449, , 0, , 62.0
base-intel-2, 3, 400, 25, 10, 24.60, 117.92, 20.23654810, , 0, , 60.0
intel-2, 3, 400, 25, 10, 44.30, 188.70, 32.55089374, 30, 0.000477999999986878, 110200, 59.0
base-intel-2, 3, 400, 25, 10, 35.91, 154.30, 26.70144412, , 0, , 61.0
intel-2, 3, 400, 25, 10, 38.52, 194.77, 32.88388358, 80, 0.000173000000017964, 292204, 62.0
base-intel-2, 3, 400, 25, 10, 27.17, 141.44, 24.07961842, , 0, , 60.0
intel-2, 3, 400, 25, 10, 43.79, 208.83, 35.54335312, 104, 6.60000000038963e-05, 379382, 59.0
base-intel-2, 3, 400, 25, 10, 31.35, 144.29, 25.16914131, , 0, , 60.0
intel-2, 3, 400, 25, 10, 28.24, 158.12, 26.66593349, 81, 0.000290000000006785, 295703, 61.0
base-intel-2, 3, 400, 25, 10, 21.12, 111.68, 19.02205148, , 0, , 60.0
intel-2, 3, 400, 25, 10, 24.12, 154.66, 25.18011664, 45, 6.5000000006421e-05, 164770, 60.0
base-intel-2, 3, 400, 25, 10, 22.67, 117.88, 19.47590829, , 0, , 60.0
intel-2, 3, 400, 25, 10, 41.30, 175.69, 30.61802773, 76, 0.000792999999987387, 277482, 60.0
base-intel-2, 3, 400, 25, 10, 29.68, 126.00, 21.85965870, , 0, , 61.0
intel-2, 3, 400, 25, 10, 45.76, 174.07, 31.60019493, 86, 0.000501999999983127, 313975, 60.0
base-intel-2, 3, 400, 25, 10, 27.55, 121.81, 20.80880211, , 0, , 60.0
intel-2, 3, 400, 25, 10, 47.93, 171.47, 32.41116926, 38, 0.000146000000029289, 139373, 61.0
base-intel-2, 3, 400, 25, 10, 32.18, 128.40, 22.39397840, , 0, , 60.0
intel-2, 3, 400, 25, 10, 27.31, 156.28, 25.50504100, 46, 0.000734000000022661, 168334, 60.0
base-intel-2, 3, 400, 25, 10, 35.64, 133.84, 23.59068898, , 0, , 62.0
intel-2, 3, 400, 25, 10, 46.75, 168.32, 31.21598751, 43, 0.000321999999982836, 157053, 61.0
base-intel-2, 3, 400, 25, 10, 19.81, 114.06, 18.96575987, , 0, , 60.0
intel-2, 3, 400, 25, 10, 46.25, 170.94, 30.96273178, 33, 0.00139799999999468, 121331, 61.0
base-intel-2, 3, 400, 25, 10, 41.27, 133.14, 25.04270971, , 0, , 61.0
intel-2, 3, 400, 25, 10, 43.94, 168.26, 30.98887969, 36, 0.00265000000001692, 132254, 62.0
base-intel-2, 3, 400, 25, 10, 36.50, 125.78, 23.75085616, , 0, , 61.0
intel-2, 3, 400, 25, 10, 34.25, 160.47, 28.11328664, 76, 0.000130000000012842, 277552, 64.0
base-intel-2, 3, 400, 25, 10, 22.04, 116.24, 19.33961780, , 0, , 61.0
intel-2, 3, 400, 25, 10, 46.16, 181.31, 31.35583812, 44, 0.000691000000017539, 161140, 60.0
base-intel-2, 3, 400, 25, 10, 29.37, 123.87, 21.56691356, , 0, , 62.0
intel-2, 3, 400, 25, 10, 26.97, 155.88, 25.60605394, 59, 0.000438000000031025, 215707, 59.0
base-intel-2, 3, 400, 25, 10, 48.57, 141.67, 27.43180736, , 0, , 60.0
intel-2, 3, 400, 25, 10, 86.29, 222.07, 43.91149487, 32, 0.00127300000002606, 117299, 61.0
base-intel-2, 3, 400, 25, 10, 49.98, 148.21, 28.88580754, , 0, , 63.0
intel-2, 3, 400, 25, 10, 48.08, 177.50, 32.21630811, 57, 0.000723999999991065, 208533, 62.0
base-intel-2, 3, 400, 25, 10, 39.24, 140.20, 25.49144899, , 0, , 61.0
intel-2, 3, 400, 25, 10, 53.00, 181.50, 34.03161544, 42, 0.000283000000024458, 153592, 63.0
base-intel-2, 3, 400, 25, 10, 48.49, 138.50, 27.07211538, , 0, , 62.0
intel-2, 3, 400, 25, 10, 59.42, 185.99, 35.74357656, 69, 1.80000000113978e-05, 251854, 63.0
base-intel-2, 3, 400, 25, 10, 32.30, 123.98, 22.62916266, , 0, , 62.0
intel-2, 3, 400, 25, 10, 29.16, 158.77, 26.39602815, 58, 0.000107000000014068, 212084, 60.0
base-intel-2, 3, 400, 25, 10, 22.23, 118.44, 19.47557613, , 0, , 61.0
intel-2, 3, 400, 25, 10, 39.40, 169.94, 29.53662281, 43, 0.000474999999994452, 157292, 60.0
base-intel-2, 3, 400, 25, 10, 20.24, 114.61, 19.17302835, , 0, , 62.0
intel-2, 3, 400, 25, 10, 44.11, 171.86, 30.89571748, 69, 0.000851000000011481, 252084, 60.0
base-intel-2, 3, 400, 25, 10, 38.01, 139.67, 24.86238120, , 0, , 60.0
intel-2, 3, 400, 25, 10, 41.79, 173.88, 30.04958066, 114, 0.00032600000002958, 415947, 60.0
base-intel-2, 3, 400, 25, 10, 36.28, 123.05, 22.96989372, , 0, , 61.0
intel-2, 3, 400, 25, 10, 44.62, 158.40, 29.87518130, 110, 0.000213000000030661, 401327, 63.0
base-intel-2, 3, 400, 25, 10, 28.34, 114.86, 20.38445978, , 0, , 60.0
intel-2, 3, 400, 25, 10, 34.36, 162.09, 27.83906086, 31, 0.000367999999980384, 113922, 60.0
base-intel-2, 3, 400, 25, 10, 23.06, 118.82, 19.72210959, , 0, , 60.0
intel-2, 3, 400, 25, 10, 26.58, 150.50, 25.09608579, 80, 0.000209999999981392, 292019, 60.0
base-intel-2, 3, 400, 25, 10, 17.48, 109.24, 17.87009658, , 0, , 61.0
intel-2, 3, 400, 25, 10, 30.41, 157.40, 26.70819959, 57, 0.000353000000018255, 208557, 60.0
base-intel-2, 3, 400, 25, 10, 22.00, 116.16, 19.34729713, , 0, , 61.0
intel-2, 3, 400, 25, 10, 28.48, 154.69, 25.72885935, 38, 0.00112500000000182, 139325, 60.0
base-intel-2, 3, 400, 25, 10, 25.88, 120.72, 20.44501084, , 0, , 60.0
intel-2, 3, 400, 25, 10, 35.33, 161.17, 28.20611294, 32, 0.000205999999991491, 117669, 60.0
base-intel-2, 3, 400, 25, 10, 27.00, 123.34, 20.99491587, , 0, , 61.0
intel-2, 3, 400, 25, 10, 44.25, 170.87, 31.06532566, 62, 0.000137999999992644, 226304, 61.0
base-intel-2, 3, 400, 25, 10, 37.08, 120.13, 23.30378569, , 0, , 60.0
base-intel-2, 3, 200, 10, 10, 36.96, 128.95, 23.88464447, , 0, , 61.0
intel-2, 3, 200, 10, 10, 40.81, 170.86, 30.00557539, 18, 0.00116300000001957, 33187, 60.0
base-intel-2, 3, 200, 10, 10, 35.39, 135.32, 24.42265092, , 0, , 61.0
intel-2, 3, 200, 10, 10, 45.58, 184.20, 32.10497550, 25, 0.0014810000000125, 46124, 60.0
base-intel-2, 3, 200, 10, 10, 33.65, 116.54, 22.69038400, , 0, , 60.0
intel-2, 3, 200, 10, 10, 27.67, 161.56, 26.49495719, 54, 0.000982000000021799, 98663, 61.0
base-intel-2, 3, 200, 10, 10, 18.79, 113.43, 18.76917183, , 0, , 67.0
intel-2, 3, 200, 10, 10, 27.93, 156.95, 25.99242124, 15, 0.00253800000001547, 27890, 60.0
base-intel-2, 3, 200, 10, 10, 30.87, 112.23, 21.21222108, , 0, , 63.0
intel-2, 3, 200, 10, 10, 38.09, 164.04, 29.04448820, 48, 0.00106800000003204, 87684, 64.0
base-intel-2, 3, 200, 10, 10, 24.67, 126.46, 20.89170166, , 0, , 60.0
intel-2, 3, 200, 10, 10, 33.54, 162.77, 28.25459294, 29, 0.00167600000003176, 53344, 64.0
base-intel-2, 3, 200, 10, 10, 19.36, 110.10, 18.36233305, , 0, , 60.0
intel-2, 3, 200, 10, 10, 31.41, 161.05, 27.08287266, 20, 0.00345800000002328, 37029, 60.0
base-intel-2, 3, 200, 10, 10, 21.09, 113.14, 19.06526953, , 0, , 60.0
intel-2, 3, 200, 10, 10, 27.71, 151.72, 25.65060461, 23, 0.000586999999995896, 42457, 60.0
base-intel-2, 3, 200, 10, 10, 26.20, 118.26, 21.49148780, , 0, , 60.0
intel-2, 3, 200, 10, 10, 52.43, 174.09, 33.53368184, 19, 0.000561000000004697, 35069, 60.0
base-intel-2, 3, 200, 10, 10, 26.12, 109.91, 20.35092307, , 0, , 63.0
intel-2, 3, 200, 10, 10, 41.15, 162.84, 29.04792398, 26, 0.00262900000001309, 47630, 60.0
base-intel-2, 3, 200, 10, 10, 31.02, 115.50, 21.83285979, , 0, , 61.0
intel-2, 3, 200, 10, 10, 31.48, 159.06, 27.14925657, 26, 0.00112599999999929, 47681, 60.0
base-intel-2, 3, 200, 10, 10, 28.57, 115.40, 20.75937353, , 0, , 60.0
intel-2, 3, 200, 10, 10, 37.69, 169.20, 29.46911245, 18, 0.00169699999997874, 33171, 63.0
base-intel-2, 3, 200, 10, 10, 25.72, 119.09, 20.62000306, , 0, , 61.0
intel-2, 3, 200, 10, 10, 37.28, 165.64, 29.00796751, 15, 0.00025599999997894, 27717, 60.0
base-intel-2, 3, 200, 10, 10, 30.23, 127.47, 22.24485818, , 0, , 62.0
intel-2, 3, 200, 10, 10, 27.73, 159.26, 25.66091978, 14, 0.000607000000002245, 26075, 60.0
base-intel-2, 3, 200, 10, 10, 28.09, 121.99, 21.50323563, , 0, , 60.0
intel-2, 3, 200, 10, 10, 40.13, 169.29, 29.62091682, 21, 0.00219900000001871, 38714, 61.0
base-intel-2, 3, 200, 10, 10, 26.86, 120.89, 20.94541835, , 0, , 61.0
intel-2, 3, 200, 10, 10, 33.69, 161.37, 27.39309938, 16, 0.00862999999998237, 29614, 61.0
base-intel-2, 3, 200, 10, 10, 25.67, 117.27, 20.57428437, , 0, , 61.0
intel-2, 3, 200, 10, 10, 75.83, 267.14, 50.32320027, 21, 0.00330000000002428, 38776, 61.0
base-intel-2, 3, 200, 10, 10, 31.37, 121.75, 22.21927901, , 0, , 63.0
intel-2, 3, 200, 10, 10, 45.36, 164.03, 30.75173672, 39, 0.000208999999983916, 71697, 60.0
base-intel-2, 3, 200, 10, 10, 26.46, 113.61, 20.10022881, , 0, , 60.0
intel-2, 3, 200, 10, 10, 38.79, 152.60, 28.19186622, 16, 0.00140800000002628, 29723, 65.0
base-intel-2, 3, 200, 10, 10, 31.15, 115.08, 21.48028092, , 0, , 62.0
intel-2, 3, 200, 10, 10, 42.60, 165.57, 29.61884186, 34, 0.0015730000000076, 62231, 64.0
base-intel-2, 3, 200, 10, 10, 31.80, 119.11, 21.78160174, , 0, , 60.0
intel-2, 3, 200, 10, 10, 35.45, 154.57, 27.83603918, 16, 0.00102500000002692, 29663, 64.0
base-intel-2, 3, 200, 10, 10, 29.76, 121.65, 21.30666939, , 0, , 60.0
intel-2, 3, 200, 10, 10, 33.19, 154.65, 27.50575522, 50, 0.00112599999999929, 91350, 61.0
base-intel-2, 3, 200, 10, 10, 27.50, 116.33, 20.86199118, , 0, , 61.0
intel-2, 3, 200, 10, 10, 31.16, 153.06, 25.95796055, 30, 0.00146399999999858, 55020, 60.0
base-intel-2, 3, 200, 10, 10, 32.25, 116.18, 22.07592927, , 0, , 60.0
intel-2, 3, 200, 10, 10, 29.75, 160.35, 26.50995035, 33, 0.00086399999997866, 60639, 64.0
base-intel-2, 3, 200, 10, 10, 58.20, 168.58, 31.02828192, , 0, , 62.0
intel-2, 3, 200, 10, 10, 43.51, 175.03, 30.48898868, 19, 0.00135199999999713, 35016, 62.0
base-intel-2, 3, 200, 10, 10, 25.52, 119.52, 20.25628621, , 0, , 60.0
intel-2, 3, 200, 10, 10, 35.91, 159.97, 27.92812352, 36, 0.00114500000000817, 65915, 61.0
base-intel-2, 3, 200, 10, 10, 31.75, 117.50, 21.80742995, , 0, , 60.0
intel-2, 3, 200, 10, 10, 38.18, 160.80, 28.54588571, 29, 0.000764000000003762, 53425, 61.0
base-intel-2, 3, 200, 10, 10, 27.95, 116.34, 20.83817607, , 0, , 60.0
intel-2, 3, 200, 10, 10, 41.88, 176.38, 30.52624052, 39, 0.00125100000002476, 71392, 60.0
base-intel-2, 3, 200, 10, 10, 27.76, 115.52, 20.57721390, , 0, , 62.0
intel-2, 3, 200, 10, 10, 34.44, 159.61, 27.74451919, 18, 0.00183700000002318, 33209, 63.0
base-intel-2, 3, 200, 10, 10, 35.48, 130.91, 24.53571614, , 0, , 60.0
intel-2, 3, 200, 10, 10, 49.78, 177.26, 33.26661698, 28, 0.00186800000000176, 51451, 61.0
base-intel-2, 3, 200, 10, 10, 28.59, 125.18, 21.53333233, , 0, , 60.0
base-intel-2, 3, 200, 25, 10, 27.36, 123.75, 21.07494918, , 0, , 61.0
intel-2, 3, 200, 25, 10, 43.02, 173.95, 30.50539695, 49, 0.00139799999999468, 89453, 60.0
base-intel-2, 3, 200, 25, 10, 27.46, 122.62, 21.18760319, , 0, , 62.0
intel-2, 3, 200, 25, 10, 41.46, 173.71, 30.55997830, 48, 0.00182200000000421, 87984, 61.0
base-intel-2, 3, 200, 25, 10, 27.75, 126.56, 21.66043636, , 0, , 61.0
intel-2, 3, 200, 25, 10, 41.91, 174.63, 30.61564111, 78, 0.000389999999981683, 142133, 60.0
base-intel-2, 3, 200, 25, 10, 28.89, 124.75, 22.15183284, , 0, , 61.0
intel-2, 3, 200, 25, 10, 38.79, 171.71, 29.59221416, 67, 0.000675000000001091, 122085, 61.0
base-intel-2, 3, 200, 25, 10, 28.78, 124.58, 21.58452721, , 0, , 61.0
intel-2, 3, 200, 25, 10, 40.64, 173.05, 30.03285874, 41, 0.00069500000000744, 75013, 62.0
base-intel-2, 3, 200, 25, 10, 23.71, 119.55, 20.17982353, , 0, , 60.0
intel-2, 3, 200, 25, 10, 33.06, 159.48, 27.42180983, 59, 0.000523999999984426, 107643, 61.0
base-intel-2, 3, 200, 25, 10, 29.74, 129.76, 22.08439222, , 0, , 62.0
intel-2, 3, 200, 25, 10, 41.25, 161.85, 29.62888474, 141, 0.000132000000007793, 256725, 61.0
base-intel-2, 3, 200, 25, 10, 33.61, 117.87, 22.06376947, , 0, , 61.0
intel-2, 3, 200, 25, 10, 40.70, 161.76, 28.89824662, 63, 0.000292999999999211, 115000, 64.0
base-intel-2, 3, 200, 25, 10, 32.36, 114.71, 21.54185139, , 0, , 64.0
intel-2, 3, 200, 25, 10, 39.15, 158.54, 28.62242134, 84, 0.000479999999981828, 153147, 61.0
base-intel-2, 3, 200, 25, 10, 31.31, 114.01, 21.33666444, , 0, , 62.0
intel-2, 3, 200, 25, 10, 30.90, 156.53, 26.63250020, 49, 0.00124399999998559, 89823, 60.0
base-intel-2, 3, 200, 25, 10, 19.20, 112.67, 18.72703828, , 0, , 60.0
intel-2, 3, 200, 25, 10, 30.77, 163.54, 27.24854236, 128, 0.00114100000001827, 233206, 62.0
base-intel-2, 3, 200, 25, 10, 25.04, 123.56, 21.21921385, , 0, , 60.0
intel-2, 3, 200, 25, 10, 37.48, 170.41, 29.38722719, 62, 0.000453999999990629, 113159, 62.0
base-intel-2, 3, 200, 25, 10, 23.28, 117.49, 20.08809029, , 0, , 61.0
intel-2, 3, 200, 25, 10, 33.92, 169.04, 28.50373379, 89, 0.00025599999997894, 162587, 60.0
base-intel-2, 3, 200, 25, 10, 34.65, 124.80, 23.15950012, , 0, , 60.0
intel-2, 3, 200, 25, 10, 35.09, 169.53, 28.46791072, 46, 0.000477999999986878, 84017, 60.0
base-intel-2, 3, 200, 25, 10, 35.03, 134.94, 24.02745910, , 0, , 63.0
intel-2, 3, 200, 25, 10, 48.74, 176.07, 32.17574606, 44, 0.00159999999999627, 80595, 62.0
base-intel-2, 3, 200, 25, 10, 24.32, 113.79, 19.77465867, , 0, , 61.0
intel-2, 3, 200, 25, 10, 46.64, 175.63, 31.23247353, 37, 0.00020399999999654, 67843, 61.0
base-intel-2, 3, 200, 25, 10, 25.94, 118.29, 20.51088219, , 0, , 61.0
intel-2, 3, 200, 25, 10, 33.16, 161.34, 27.28115801, 32, 0.00114500000000817, 58630, 62.0
base-intel-2, 3, 200, 25, 10, 28.91, 123.09, 20.98617196, , 0, , 60.0
intel-2, 3, 200, 25, 10, 48.87, 169.30, 31.87884477, 78, 0.000364999999987958, 141826, 61.0
base-intel-2, 3, 200, 25, 10, 35.59, 126.20, 23.57769825, , 0, , 61.0
intel-2, 3, 200, 25, 10, 35.44, 167.76, 27.83804733, 75, 0.000492000000008375, 136993, 60.0
base-intel-2, 3, 200, 25, 10, 42.72, 132.00, 25.61314966, , 0, , 60.0
intel-2, 3, 200, 25, 10, 56.72, 179.21, 34.15008917, 44, 0.00122900000002346, 80717, 61.0
base-intel-2, 3, 200, 25, 10, 42.48, 130.33, 25.24803189, , 0, , 60.0
intel-2, 3, 200, 25, 10, 32.70, 156.44, 26.74286060, 66, 0.000738000000012562, 120566, 60.0
base-intel-2, 3, 200, 25, 10, 31.44, 123.09, 21.98582897, , 0, , 60.0
intel-2, 3, 200, 25, 10, 38.66, 166.51, 28.50905819, 108, 0.000654999999994743, 196598, 60.0
base-intel-2, 3, 200, 25, 10, 26.78, 120.36, 20.28266746, , 0, , 62.0
intel-2, 3, 200, 25, 10, 55.21, 178.66, 33.43748179, 66, 0.000373000000024604, 120458, 60.0
base-intel-2, 3, 200, 25, 10, 30.76, 121.00, 21.96119599, , 0, , 61.0
intel-2, 3, 200, 25, 10, 99.21, 246.89, 49.99332079, 44, 0.00304299999999103, 80565, 60.0
base-intel-2, 3, 200, 25, 10, 57.40, 153.21, 31.31382531, , 0, , 62.0
intel-2, 3, 200, 25, 10, 44.31, 177.57, 31.66190707, 74, 0.000164999999981319, 135038, 62.0
base-intel-2, 3, 200, 25, 10, 28.88, 121.49, 21.93078805, , 0, , 60.0
intel-2, 3, 200, 25, 10, 45.87, 175.18, 31.96610672, 70, 0.000646000000017466, 127689, 60.0
base-intel-2, 3, 200, 25, 10, 30.55, 126.75, 22.66142243, , 0, , 61.0
intel-2, 3, 200, 25, 10, 22.30, 149.23, 24.00753064, 33, 0.00189100000000053, 60520, 60.0
base-intel-2, 3, 200, 25, 10, 15.33, 108.01, 16.97025149, , 0, , 62.0
intel-2, 3, 200, 25, 10, 22.58, 149.95, 24.25128336, 57, 0.000317999999992935, 104025, 60.0
base-intel-2, 3, 200, 25, 10, 15.48, 107.44, 17.01996969, , 0, , 60.0
intel-2, 3, 200, 25, 10, 21.16, 147.06, 23.55335845, 58, 0.000115999999991345, 105879, 60.0
base-intel-2, 3, 200, 25, 10, 16.43, 110.22, 17.43547236, , 0, , 60.0
intel-2, 3, 200, 25, 10, 21.79, 146.22, 23.97546702, 43, 0.000657999999987169, 78604, 60.0
base-intel-2, 3, 200, 25, 10, 15.28, 106.75, 17.00112741, , 0, , 60.0
