work,dimension,population_size,max_gens,alpha,PKG,seconds,generations,diff_fitness,evaluations,initial_temp_1, initial_temp_2
base-unbalanced-1, 10, 400, 10, 10, 352.81, 8.29393119, , 0, , 26.2, 26.2
unbalanced-1, 10, 400, 10, 10, 438.16, 9.20832838, 17, 6.766209, 63579, 30.0, 32.0
base-unbalanced-1, 10, 400, 10, 10, 293.08, 6.59102321, , 0, , 30.4, 29.6
unbalanced-1, 10, 400, 10, 10, 404.97, 9.00482020, 20, 6.04804200000001, 74576, 32.2, 29.1
base-unbalanced-1, 10, 400, 10, 10, 393.68, 6.89870679, , 0, , 32.0, 29.6
unbalanced-1, 10, 400, 10, 10, 397.59, 8.99104681, 36, 3.10571400000001, 133599, 36.4, 31.0
base-unbalanced-1, 10, 400, 10, 10, 328.93, 6.71588579, , 0, , 32.2, 29.6
unbalanced-1, 10, 400, 10, 10, 430.33, 9.06029262, 14, 5.112948, 52493, 31.5, 30.1
base-unbalanced-1, 10, 400, 10, 10, 410.40, 6.94068426, , 0, , 32.5, 29.1
unbalanced-1, 10, 400, 10, 10, 495.92, 9.32821838, 12, 4.970264, 45244, 32.5, 30.5
base-unbalanced-1, 10, 400, 10, 10, 301.41, 6.65158030, , 0, , 33.5, 30.4
unbalanced-1, 10, 400, 10, 10, 465.60, 9.20760219, 16, 6.357719, 59730, 32.5, 29.6
base-unbalanced-1, 10, 400, 10, 10, 382.04, 6.86388918, , 0, , 33.5, 32.0
unbalanced-1, 10, 400, 10, 10, 399.51, 8.98835727, 18, 6.528147, 67219, 32.5, 30.5
base-unbalanced-1, 10, 400, 10, 10, 291.51, 6.63317930, , 0, , 33.0, 30.1
unbalanced-1, 10, 400, 10, 10, 411.67, 9.02059825, 20, 7.27292300000001, 74597, 31.5, 29.6
base-unbalanced-1, 10, 400, 10, 10, 302.35, 6.61597620, , 0, , 30.6, 29.1
unbalanced-1, 10, 400, 10, 10, 407.82, 8.97596777, 18, 5.892053, 67442, 31.1, 30.5
base-unbalanced-1, 10, 400, 10, 10, 301.51, 6.61775033, , 0, , 34.5, 32.5
unbalanced-1, 10, 400, 10, 10, 414.67, 9.02690540, 22, 7.33022800000001, 81872, 31.5, 30.1
base-unbalanced-1, 10, 400, 10, 10, 292.75, 6.64564330, , 0, , 34.0, 33.2
unbalanced-1, 10, 400, 10, 10, 409.59, 9.01358307, 20, 3.864863, 74640, 31.8, 29.6
base-unbalanced-1, 10, 400, 10, 10, 292.88, 6.60907062, , 0, , 33.0, 31.2
unbalanced-1, 10, 400, 10, 10, 409.63, 9.02884148, 14, 8.141745, 52478, 31.5, 29.6
base-unbalanced-1, 10, 400, 10, 10, 300.64, 6.60700206, , 0, , 36.9, 34.9
unbalanced-1, 10, 400, 10, 10, 401.24, 8.98620550, 21, 6.26705100000001, 78397, 31.5, 29.6
base-unbalanced-1, 10, 400, 10, 10, 301.68, 6.60971043, , 0, , 38.6, 33.8
unbalanced-1, 10, 400, 10, 10, 509.97, 9.47678934, 30, 4.473411, 111590, 31.5, 30.5
base-unbalanced-1, 10, 400, 10, 10, 452.68, 7.23287368, , 0, , 39.9, 36.4
unbalanced-1, 10, 400, 10, 10, 505.31, 9.41919741, 17, 8.481987, 63561, 43.2, 40.6
base-unbalanced-1, 10, 400, 10, 10, 478.97, 7.32704407, , 0, , 37.4, 34.9
unbalanced-1, 10, 400, 10, 10, 724.50, 9.78553639, 27, 4.08788800000001, 100541, 59.5, 43.2
base-unbalanced-1, 10, 400, 10, 10, 401.85, 7.00448171, , 0, , 42.2, 41.4
unbalanced-1, 10, 400, 10, 10, 528.37, 9.45788901, 14, 3.445131, 52592, 44.8, 33.5
base-unbalanced-1, 10, 400, 10, 10, 365.18, 6.81322610, , 0, , 35.9, 32.5
unbalanced-1, 10, 400, 10, 10, 467.80, 9.16074708, 17, 2.91948500000001, 63616, 40.2, 34.1
base-unbalanced-1, 10, 400, 10, 10, 515.77, 7.18274843, , 0, , 35.2, 31.0
unbalanced-1, 10, 400, 10, 10, 645.15, 9.53789292, 15, 6.065291, 56097, 43.2, 38.8
base-unbalanced-1, 10, 400, 10, 10, 456.86, 6.92335876, , 0, , 42.2, 39.2
unbalanced-1, 10, 400, 10, 10, 624.13, 9.73264698, 36, 3.337896, 133628, 42.8, 40.1
base-unbalanced-1, 10, 400, 10, 10, 485.39, 7.13295081, , 0, , 42.2, 39.2
unbalanced-1, 10, 400, 10, 10, 808.60, 10.41661330, 14, 7.46275800000001, 52469, 37.4, 34.9
base-unbalanced-1, 10, 400, 10, 10, 386.66, 6.93323804, , 0, , 38.6, 36.6
unbalanced-1, 10, 400, 10, 10, 486.13, 9.23551037, 16, 6.79625200000001, 60025, 34.9, 32.5
base-unbalanced-1, 10, 400, 10, 10, 383.58, 6.92245368, , 0, , 38.9, 36.1
unbalanced-1, 10, 400, 10, 10, 444.30, 9.13133027, 26, 6.424633, 96744, 54.9, 32.0
base-unbalanced-1, 10, 400, 10, 10, 339.36, 6.76327184, , 0, , 34.4, 31.6
unbalanced-1, 10, 400, 10, 10, 543.10, 9.53519758, 34, 4.856978, 126726, 44.2, 33.9
base-unbalanced-1, 10, 400, 10, 10, 354.90, 6.79108949, , 0, , 34.0, 31.5
unbalanced-1, 10, 400, 10, 10, 516.08, 9.36695847, 31, 6.36835000000001, 115328, 43.6, 36.4
base-unbalanced-1, 10, 400, 10, 10, 326.37, 6.69550501, , 0, , 37.4, 33.5
unbalanced-1, 10, 400, 10, 10, 798.94, 10.46828319, 21, 5.911294, 78233, 48.6, 38.5
base-unbalanced-1, 10, 400, 10, 10, 501.59, 7.22417271, , 0, , 39.4, 38.0
unbalanced-1, 10, 400, 10, 10, 545.72, 9.33457928, 21, 6.712732, 78435, 37.4, 35.6
base-unbalanced-1, 10, 400, 10, 10, 409.07, 6.96749219, , 0, , 38.9, 40.9
unbalanced-1, 10, 400, 10, 10, 997.31, 11.18460119, 16, 7.82438900000001, 59895, 45.0, 37.0
base-unbalanced-1, 10, 400, 10, 10, 517.81, 7.25884805, , 0, , 48.0, 45.5
unbalanced-1, 10, 400, 10, 10, 840.34, 10.70958271, 16, 6.49057400000001, 59897, 45.5, 42.2
base-unbalanced-1, 10, 400, 10, 10, 347.59, 6.75236706, , 0, , 39.1, 36.1
unbalanced-1, 10, 400, 10, 10, 450.19, 9.14488795, 17, 7.12029800000001, 63687, 36.9, 34.9
base-unbalanced-1, 10, 400, 10, 10, 501.60, 7.57592877, , 0, , 36.9, 31.8
base-unbalanced-1, 10, 400, 25, 10, 512.73, 7.45903913, , 0, , 42.8, 35.9
unbalanced-1, 10, 400, 25, 10, 821.42, 10.49489813, 60, 6.57393500000001, 222331, 41.5, 42.2
base-unbalanced-1, 10, 400, 25, 10, 675.68, 8.00518699, , 0, , 44.6, 41.9
unbalanced-1, 10, 400, 25, 10, 957.62, 11.44908430, 66, 6.68695000000001, 243953, 47.9, 42.1
base-unbalanced-1, 10, 400, 25, 10, 651.10, 7.98747550, , 0, , 45.2, 43.8
unbalanced-1, 10, 400, 25, 10, 543.48, 9.66734758, 69, 4.26732, 255739, 45.0, 38.5
base-unbalanced-1, 10, 400, 25, 10, 325.84, 6.81659497, , 0, , 38.6, 40.1
unbalanced-1, 10, 400, 25, 10, 463.52, 9.37661161, 43, 5.43025400000001, 159384, 32.2, 33.0
base-unbalanced-1, 10, 400, 25, 10, 324.88, 6.87662115, , 0, , 36.9, 39.2
unbalanced-1, 10, 400, 25, 10, 464.67, 9.38894688, 47, 7.43126700000001, 174264, 32.5, 34.1
base-unbalanced-1, 10, 400, 25, 10, 357.95, 6.98312387, , 0, , 34.9, 36.1
unbalanced-1, 10, 400, 25, 10, 438.14, 9.28916263, 30, 2.323369, 111610, 34.2, 35.1
base-unbalanced-1, 10, 400, 25, 10, 355.82, 6.95125714, , 0, , 34.5, 39.4
unbalanced-1, 10, 400, 25, 10, 476.18, 9.42235585, 37, 4.04143400000001, 137460, 32.0, 33.9
base-unbalanced-1, 10, 400, 25, 10, 362.34, 6.95789078, , 0, , 34.0, 35.6
unbalanced-1, 10, 400, 25, 10, 437.68, 9.27826931, 39, 5.06723600000001, 144513, 34.0, 36.1
base-unbalanced-1, 10, 400, 25, 10, 328.67, 6.72450179, , 0, , 36.4, 34.1
unbalanced-1, 10, 400, 25, 10, 432.66, 9.13222246, 61, 4.18903, 225980, 34.4, 31.1
base-unbalanced-1, 10, 400, 25, 10, 332.71, 6.75882975, , 0, , 37.4, 36.1
unbalanced-1, 10, 400, 25, 10, 466.02, 9.22798963, 56, 6.285821, 207284, 34.4, 32.5
base-unbalanced-1, 10, 400, 25, 10, 354.78, 6.87098365, , 0, , 35.4, 33.2
unbalanced-1, 10, 400, 25, 10, 907.04, 10.71982079, 29, 5.961113, 107905, 40.1, 33.5
base-unbalanced-1, 10, 400, 25, 10, 654.98, 7.88062776, , 0, , 44.1, 42.1
unbalanced-1, 10, 400, 25, 10, 694.22, 10.21558865, 54, 5.379706, 200422, 46.4, 43.0
base-unbalanced-1, 10, 400, 25, 10, 466.67, 7.39214363, , 0, , 49.5, 43.0
unbalanced-1, 10, 400, 25, 10, 592.16, 9.79086512, 32, 5.30717800000001, 118764, 51.1, 41.4
base-unbalanced-1, 10, 400, 25, 10, 363.32, 6.89322961, , 0, , 40.8, 35.6
unbalanced-1, 10, 400, 25, 10, 643.02, 9.97978680, 48, 5.91429100000001, 178188, 41.8, 35.6
base-unbalanced-1, 10, 400, 25, 10, 321.28, 6.71436364, , 0, , 37.4, 32.5
unbalanced-1, 10, 400, 25, 10, 450.75, 9.19837728, 43, 6.61206, 159649, 34.4, 31.5
base-unbalanced-1, 10, 400, 25, 10, 359.10, 6.84122625, , 0, , 34.5, 31.5
unbalanced-1, 10, 400, 25, 10, 528.27, 9.56177577, 31, 5.97376700000001, 115349, 34.0, 32.5
base-unbalanced-1, 10, 400, 25, 10, 372.48, 6.98008983, , 0, , 37.4, 34.4
unbalanced-1, 10, 400, 25, 10, 428.66, 9.15385832, 91, 4.327022, 336569, 41.8, 33.8
base-unbalanced-1, 10, 400, 25, 10, 428.39, 7.16024139, , 0, , 36.4, 33.0
unbalanced-1, 10, 400, 25, 10, 470.08, 9.30174766, 34, 6.000162, 126673, 60.4, 33.0
base-unbalanced-1, 10, 400, 25, 10, 328.19, 6.78117161, , 0, , 35.4, 31.0
unbalanced-1, 10, 400, 25, 10, 653.61, 9.98055255, 35, 7.593512, 130210, 43.0, 33.0
base-unbalanced-1, 10, 400, 25, 10, 483.66, 7.27849219, , 0, , 38.4, 34.5
unbalanced-1, 10, 400, 25, 10, 674.43, 9.95644261, 37, 6.32937, 137563, 42.8, 34.4
base-unbalanced-1, 10, 400, 25, 10, 366.17, 6.93635732, , 0, , 38.6, 34.9
unbalanced-1, 10, 400, 25, 10, 507.63, 9.48147574, 78, 3.99876, 288321, 40.4, 36.9
base-unbalanced-1, 10, 400, 25, 10, 315.12, 6.69007971, , 0, , 44.0, 34.1
unbalanced-1, 10, 400, 25, 10, 551.03, 9.63271534, 29, 4.397694, 107894, 50.0, 38.2
base-unbalanced-1, 10, 400, 25, 10, 365.72, 6.95518278, , 0, , 33.5, 32.5
unbalanced-1, 10, 400, 25, 10, 430.92, 9.13620902, 74, 5.122567, 273963, 35.2, 33.0
base-unbalanced-1, 10, 400, 25, 10, 293.52, 6.63730036, , 0, , 35.9, 34.4
unbalanced-1, 10, 400, 25, 10, 506.59, 9.46674134, 40, 6.422692, 148484, 34.0, 31.0
base-unbalanced-1, 10, 400, 25, 10, 291.62, 6.69142262, , 0, , 51.1, 32.0
unbalanced-1, 10, 400, 25, 10, 400.66, 9.04707574, 58, 6.488912, 215112, 48.0, 41.6
base-unbalanced-1, 10, 400, 25, 10, 281.84, 6.59770851, , 0, , 40.2, 37.2
unbalanced-1, 10, 400, 25, 10, 800.74, 10.64012818, 41, 5.001254, 152048, 39.4, 38.8
base-unbalanced-1, 10, 400, 25, 10, 327.25, 6.77875063, , 0, , 35.4, 33.0
unbalanced-1, 10, 400, 25, 10, 569.52, 9.77089971, 87, 3.765873, 321662, 34.2, 31.5
base-unbalanced-1, 10, 400, 25, 10, 438.54, 7.24210446, , 0, , 45.6, 41.9
unbalanced-1, 10, 400, 25, 10, 432.88, 9.13124098, 46, 4.415752, 170604, 33.0, 31.5
base-unbalanced-1, 10, 400, 25, 10, 466.00, 7.35995468, , 0, , 33.0, 31.5
unbalanced-1, 10, 400, 25, 10, 658.07, 10.01806905, 84, 4.188619, 310391, 38.9, 34.4
base-unbalanced-1, 10, 400, 25, 10, 499.94, 7.28121703, , 0, , 35.2, 33.5
unbalanced-1, 10, 400, 25, 10, 645.53, 9.98507668, 58, 6.44386800000001, 214911, 36.9, 34.4
base-unbalanced-1, 10, 400, 25, 10, 294.86, 6.69595489, , 0, , 37.1, 33.4
base-unbalanced-1, 10, 200, 10, 10, 473.02, 7.34292422, , 0, , 36.4, 32.5
unbalanced-1, 10, 200, 10, 10, 776.77, 9.97736364, 13, 6.891948, 24516, 40.1, 40.4
base-unbalanced-1, 10, 200, 10, 10, 625.53, 7.66468253, , 0, , 50.6, 38.5
unbalanced-1, 10, 200, 10, 10, 667.45, 9.85086773, 17, 9.18046000000001, 31822, 37.9, 35.4
base-unbalanced-1, 10, 200, 10, 10, 545.52, 7.43142424, , 0, , 38.9, 34.6
unbalanced-1, 10, 200, 10, 10, 646.71, 9.90616407, 17, 4.99422300000001, 31798, 38.4, 35.9
base-unbalanced-1, 10, 200, 10, 10, 304.96, 6.65040819, , 0, , 38.9, 33.9
unbalanced-1, 10, 200, 10, 10, 439.00, 9.16742944, 26, 8.681584, 48353, 34.0, 31.5
base-unbalanced-1, 10, 200, 10, 10, 354.33, 6.94127110, , 0, , 41.5, 37.8
unbalanced-1, 10, 200, 10, 10, 439.93, 9.22361430, 27, 9.59972400000001, 50149, 33.5, 31.5
base-unbalanced-1, 10, 200, 10, 10, 342.07, 6.87900352, , 0, , 33.0, 31.0
unbalanced-1, 10, 200, 10, 10, 459.00, 9.23101901, 29, 7.125755, 54046, 35.9, 32.5
base-unbalanced-1, 10, 200, 10, 10, 340.33, 6.81558043, , 0, , 34.5, 32.0
unbalanced-1, 10, 200, 10, 10, 442.78, 9.13884012, 12, 9.78539600000001, 22445, 35.8, 32.0
base-unbalanced-1, 10, 200, 10, 10, 336.76, 6.79620347, , 0, , 33.5, 31.5
unbalanced-1, 10, 200, 10, 10, 495.65, 9.34611830, 14, 8.96781300000001, 26329, 35.0, 33.0
base-unbalanced-1, 10, 200, 10, 10, 303.20, 6.69087249, , 0, , 33.0, 31.5
unbalanced-1, 10, 200, 10, 10, 459.60, 9.26538853, 17, 7.763137, 31620, 34.5, 32.0
base-unbalanced-1, 10, 200, 10, 10, 324.69, 6.73058409, , 0, , 33.2, 31.0
unbalanced-1, 10, 200, 10, 10, 457.21, 9.25512517, 13, 8.06298200000001, 24460, 34.0, 32.0
base-unbalanced-1, 10, 200, 10, 10, 343.41, 6.85218444, , 0, , 33.0, 31.5
unbalanced-1, 10, 200, 10, 10, 428.16, 9.14789564, 20, 6.615701, 37326, 34.0, 31.5
base-unbalanced-1, 10, 200, 10, 10, 375.25, 6.92600185, , 0, , 33.0, 31.0
unbalanced-1, 10, 200, 10, 10, 440.51, 9.21850727, 16, 9.55313600000001, 29915, 38.9, 32.5
base-unbalanced-1, 10, 200, 10, 10, 313.18, 6.69484898, , 0, , 32.5, 30.1
unbalanced-1, 10, 200, 10, 10, 436.25, 9.20532192, 17, 5.201132, 31767, 34.5, 31.5
base-unbalanced-1, 10, 200, 10, 10, 323.33, 6.78435679, , 0, , 36.9, 33.5
unbalanced-1, 10, 200, 10, 10, 419.21, 9.11020187, 22, 8.760587, 41106, 34.4, 32.0
base-unbalanced-1, 10, 200, 10, 10, 307.42, 6.70138513, , 0, , 32.0, 31.0
unbalanced-1, 10, 200, 10, 10, 440.79, 9.17272284, 32, 7.78794400000001, 59466, 34.5, 31.5
base-unbalanced-1, 10, 200, 10, 10, 397.44, 7.07392709, , 0, , 35.0, 33.0
unbalanced-1, 10, 200, 10, 10, 593.60, 9.73784538, 20, 12.941248, 37334, 34.0, 31.0
base-unbalanced-1, 10, 200, 10, 10, 383.44, 6.97713335, , 0, , 35.9, 33.4
unbalanced-1, 10, 200, 10, 10, 432.07, 9.12361273, 36, 5.87581, 66682, 34.2, 31.5
base-unbalanced-1, 10, 200, 10, 10, 326.28, 6.81582026, , 0, , 33.5, 31.5
unbalanced-1, 10, 200, 10, 10, 482.95, 9.35495790, 15, 6.736379, 28100, 32.5, 31.0
base-unbalanced-1, 10, 200, 10, 10, 347.02, 6.85953003, , 0, , 35.4, 32.5
unbalanced-1, 10, 200, 10, 10, 413.50, 9.08280554, 15, 7.756889, 28084, 32.5, 30.5
base-unbalanced-1, 10, 200, 10, 10, 320.40, 6.74079234, , 0, , 33.5, 31.0
unbalanced-1, 10, 200, 10, 10, 551.30, 9.55516409, 26, 9.084174, 48555, 58.5, 35.6
base-unbalanced-1, 10, 200, 10, 10, 339.03, 6.88900247, , 0, , 32.5, 31.5
unbalanced-1, 10, 200, 10, 10, 509.65, 9.47379940, 18, 9.044888, 33607, 38.4, 36.4
base-unbalanced-1, 10, 200, 10, 10, 405.90, 7.04982796, , 0, , 34.5, 31.5
unbalanced-1, 10, 200, 10, 10, 514.49, 9.49713138, 25, 6.610468, 46470, 35.0, 32.5
base-unbalanced-1, 10, 200, 10, 10, 369.33, 6.88939602, , 0, , 34.5, 31.5
unbalanced-1, 10, 200, 10, 10, 448.02, 9.22593237, 24, 6.395759, 44912, 35.0, 32.0
base-unbalanced-1, 10, 200, 10, 10, 431.57, 7.18851382, , 0, , 35.4, 32.5
unbalanced-1, 10, 200, 10, 10, 462.60, 9.28322591, 22, 8.13360400000001, 41107, 35.2, 31.5
base-unbalanced-1, 10, 200, 10, 10, 341.42, 6.76250722, , 0, , 44.5, 32.5
unbalanced-1, 10, 200, 10, 10, 448.84, 9.17243757, 25, 4.158911, 46420, 34.5, 32.0
base-unbalanced-1, 10, 200, 10, 10, 314.32, 6.69435430, , 0, , 33.5, 31.5
unbalanced-1, 10, 200, 10, 10, 555.28, 9.66628677, 23, 6.33947500000001, 42946, 33.5, 31.5
base-unbalanced-1, 10, 200, 10, 10, 329.74, 6.73935021, , 0, , 33.5, 31.0
unbalanced-1, 10, 200, 10, 10, 417.39, 9.07597774, 15, 9.216234, 28044, 33.5, 31.5
base-unbalanced-1, 10, 200, 10, 10, 327.45, 6.73521234, , 0, , 34.2, 32.0
unbalanced-1, 10, 200, 10, 10, 478.84, 9.26719323, 18, 7.97406000000001, 33580, 39.9, 36.9
base-unbalanced-1, 10, 200, 10, 10, 303.12, 6.65755509, , 0, , 33.8, 31.0
unbalanced-1, 10, 200, 10, 10, 393.47, 8.96618044, 19, 7.714541, 35446, 32.5, 31.5
base-unbalanced-1, 10, 200, 10, 10, 291.15, 6.64442811, , 0, , 32.5, 31.0
unbalanced-1, 10, 200, 10, 10, 411.33, 9.03283496, 18, 5.00424100000001, 33606, 32.5, 31.0
base-unbalanced-1, 10, 200, 10, 10, 297.93, 6.63760636, , 0, , 32.5, 31.0
base-unbalanced-1, 10, 200, 25, 10, 289.08, 6.66081936, , 0, , 32.5, 30.5
unbalanced-1, 10, 200, 25, 10, 407.12, 9.09540381, 43, 6.020937, 79824, 32.5, 30.5
base-unbalanced-1, 10, 200, 25, 10, 285.34, 6.59188727, , 0, , 35.4, 31.5
unbalanced-1, 10, 200, 25, 10, 411.20, 9.08524260, 47, 4.915609, 87085, 33.0, 30.5
base-unbalanced-1, 10, 200, 25, 10, 294.76, 6.62284107, , 0, , 33.5, 31.5
unbalanced-1, 10, 200, 25, 10, 406.94, 9.03872964, 54, 5.30404300000001, 99864, 32.0, 30.5
base-unbalanced-1, 10, 200, 25, 10, 298.90, 6.60579875, , 0, , 32.0, 31.0
unbalanced-1, 10, 200, 25, 10, 417.34, 9.03525384, 40, 4.10632200000001, 74235, 31.5, 30.5
base-unbalanced-1, 10, 200, 25, 10, 291.60, 6.64915038, , 0, , 33.0, 31.5
unbalanced-1, 10, 200, 25, 10, 489.19, 9.34510851, 53, 6.64600200000001, 98210, 33.5, 31.0
base-unbalanced-1, 10, 200, 25, 10, 371.66, 6.88866717, , 0, , 33.0, 31.5
unbalanced-1, 10, 200, 25, 10, 466.47, 9.26199678, 34, 6.25035800000001, 62910, 35.2, 31.5
base-unbalanced-1, 10, 200, 25, 10, 362.06, 6.84304091, , 0, , 33.5, 31.0
unbalanced-1, 10, 200, 25, 10, 440.83, 9.15839427, 67, 3.477862, 124040, 33.2, 30.5
base-unbalanced-1, 10, 200, 25, 10, 356.22, 6.87934683, , 0, , 33.5, 31.0
unbalanced-1, 10, 200, 25, 10, 494.17, 9.35849155, 44, 5.21033800000001, 81526, 34.2, 32.0
base-unbalanced-1, 10, 200, 25, 10, 338.63, 6.79250670, , 0, , 33.5, 31.5
unbalanced-1, 10, 200, 25, 10, 469.04, 9.26886790, 64, 4.318157, 118407, 35.4, 32.5
base-unbalanced-1, 10, 200, 25, 10, 359.52, 6.84358147, , 0, , 34.2, 31.5
unbalanced-1, 10, 200, 25, 10, 514.74, 9.42328030, 49, 7.53390300000001, 90749, 36.4, 32.0
base-unbalanced-1, 10, 200, 25, 10, 378.81, 6.96609987, , 0, , 33.5, 32.5
unbalanced-1, 10, 200, 25, 10, 467.81, 9.27407148, 59, 5.096047, 109254, 33.5, 31.0
base-unbalanced-1, 10, 200, 25, 10, 507.01, 7.47558291, , 0, , 34.2, 31.5
unbalanced-1, 10, 200, 25, 10, 493.91, 9.38773751, 44, 5.978308, 81587, 34.0, 31.0
base-unbalanced-1, 10, 200, 25, 10, 543.98, 7.70220057, , 0, , 43.8, 40.1
unbalanced-1, 10, 200, 25, 10, 829.38, 10.96629900, 29, 4.71423300000001, 53990, 47.4, 37.8
base-unbalanced-1, 10, 200, 25, 10, 607.85, 7.93321428, , 0, , 42.2, 39.4
unbalanced-1, 10, 200, 25, 10, 958.32, 11.58220581, 36, 5.43612, 66878, 47.4, 34.1
base-unbalanced-1, 10, 200, 25, 10, 536.18, 7.78362363, , 0, , 38.9, 36.2
unbalanced-1, 10, 200, 25, 10, 890.43, 11.36429308, 47, 5.62581400000001, 87130, 42.2, 39.1
base-unbalanced-1, 10, 200, 25, 10, 527.81, 7.77216667, , 0, , 37.9, 34.9
unbalanced-1, 10, 200, 25, 10, 793.48, 10.95436849, 34, 7.943161, 63238, 41.0, 37.5
base-unbalanced-1, 10, 200, 25, 10, 409.78, 6.98271790, , 0, , 34.5, 33.0
unbalanced-1, 10, 200, 25, 10, 497.80, 9.48050086, 87, 4.88884300000001, 160870, 36.9, 33.4
base-unbalanced-1, 10, 200, 25, 10, 423.16, 7.18884328, , 0, , 35.0, 32.5
unbalanced-1, 10, 200, 25, 10, 435.94, 9.19145115, 46, 2.71191, 85363, 38.9, 35.1
base-unbalanced-1, 10, 200, 25, 10, 419.79, 7.17510774, , 0, , 35.9, 32.2
unbalanced-1, 10, 200, 25, 10, 727.07, 10.16016139, 31, 9.10650600000001, 57636, 58.0, 37.8
base-unbalanced-1, 10, 200, 25, 10, 504.28, 7.59765206, , 0, , 59.5, 36.1
unbalanced-1, 10, 200, 25, 10, 625.15, 9.91286402, 37, 9.52252900000001, 68712, 43.6, 38.8
base-unbalanced-1, 10, 200, 25, 10, 453.96, 7.29896831, , 0, , 45.6, 45.0
unbalanced-1, 10, 200, 25, 10, 652.35, 10.12221801, 45, 5.77453200000001, 83429, 47.6, 42.1
base-unbalanced-1, 10, 200, 25, 10, 446.44, 7.25155379, , 0, , 40.8, 35.6
unbalanced-1, 10, 200, 25, 10, 686.62, 10.15840802, 35, 2.15934700000001, 64907, 39.6, 33.0
base-unbalanced-1, 10, 200, 25, 10, 405.79, 7.06859668, , 0, , 37.9, 34.0
unbalanced-1, 10, 200, 25, 10, 514.90, 9.55051909, 38, 8.467303, 70393, 41.5, 36.1
base-unbalanced-1, 10, 200, 25, 10, 391.44, 6.95283152, , 0, , 39.4, 34.6
unbalanced-1, 10, 200, 25, 10, 479.93, 9.38193116, 61, 4.674209, 113096, 41.5, 38.2
base-unbalanced-1, 10, 200, 25, 10, 471.67, 7.32480771, , 0, , 40.8, 43.2
unbalanced-1, 10, 200, 25, 10, 453.13, 9.28901621, 42, 3.348693, 77951, 43.0, 37.5
base-unbalanced-1, 10, 200, 25, 10, 406.97, 7.09375525, , 0, , 40.8, 40.1
unbalanced-1, 10, 200, 25, 10, 694.67, 10.21390612, 65, 7.385687, 120163, 42.0, 38.2
base-unbalanced-1, 10, 200, 25, 10, 567.34, 7.49447558, , 0, , 46.8, 46.6
unbalanced-1, 10, 200, 25, 10, 726.97, 10.18651804, 59, 5.812521, 109357, 43.5, 40.9
base-unbalanced-1, 10, 200, 25, 10, 542.94, 7.51840193, , 0, , 46.8, 40.6
unbalanced-1, 10, 200, 25, 10, 600.17, 9.68226964, 31, 7.88364900000001, 57737, 37.4, 33.9
base-unbalanced-1, 10, 200, 25, 10, 338.08, 6.85902141, , 0, , 47.1, 40.9
unbalanced-1, 10, 200, 25, 10, 687.13, 10.18550323, 73, 4.99082900000001, 135003, 37.6, 35.1
base-unbalanced-1, 10, 200, 25, 10, 492.82, 7.26045876, , 0, , 50.4, 43.2
unbalanced-1, 10, 200, 25, 10, 541.78, 9.59056730, 33, 3.617526, 61229, 42.8, 40.4
base-unbalanced-1, 10, 200, 25, 10, 521.85, 7.50344102, , 0, , 39.6, 35.9
base-unbalanced-1, 5, 400, 10, 10, 535.09, 7.45731749, , 0, , 41.2, 39.2
unbalanced-1, 5, 400, 10, 10, 610.52, 9.64184592, 36, 0.145211000000003, 134366, 46.8, 41.6
base-unbalanced-1, 5, 400, 10, 10, 428.99, 6.97644337, , 0, , 43.2, 39.4
unbalanced-1, 5, 400, 10, 10, 594.33, 9.53765452, 25, 0.230730000000008, 93400, 37.9, 34.0
base-unbalanced-1, 5, 400, 10, 10, 443.89, 7.04796286, , 0, , 40.1, 35.9
unbalanced-1, 5, 400, 10, 10, 601.04, 9.54723479, 16, 0.244566000000006, 60013, 43.2, 37.8
base-unbalanced-1, 5, 400, 10, 10, 440.90, 7.01186753, , 0, , 40.6, 37.0
unbalanced-1, 5, 400, 10, 10, 599.93, 9.52356983, 12, 0.359320000000011, 45334, 49.4, 42.2
base-unbalanced-1, 5, 400, 10, 10, 431.42, 6.95009439, , 0, , 46.4, 36.4
unbalanced-1, 5, 400, 10, 10, 596.45, 9.51078700, 13, 0.106904999999998, 48925, 38.4, 34.1
base-unbalanced-1, 5, 400, 10, 10, 429.15, 6.98941584, , 0, , 40.8, 39.2
unbalanced-1, 5, 400, 10, 10, 604.32, 9.54563000, 17, 0.268770000000004, 63778, 49.4, 36.4
base-unbalanced-1, 5, 400, 10, 10, 432.17, 6.95840725, , 0, , 42.0, 35.9
unbalanced-1, 5, 400, 10, 10, 598.75, 9.58963115, 14, 0.0331200000000109, 52685, 39.1, 35.4
base-unbalanced-1, 5, 400, 10, 10, 435.92, 6.95963891, , 0, , 42.8, 38.0
unbalanced-1, 5, 400, 10, 10, 598.51, 9.54221939, 12, 0.365341999999998, 45115, 40.8, 38.2
base-unbalanced-1, 5, 400, 10, 10, 441.46, 7.06918411, , 0, , 41.8, 37.2
unbalanced-1, 5, 400, 10, 10, 589.25, 9.50068727, 29, 0.147846000000001, 107974, 45.9, 39.4
base-unbalanced-1, 5, 400, 10, 10, 441.70, 7.02362514, , 0, , 43.2, 39.9
unbalanced-1, 5, 400, 10, 10, 585.52, 9.49917573, 18, 0.181545999999997, 67497, 48.5, 34.9
base-unbalanced-1, 5, 400, 10, 10, 436.46, 7.00071507, , 0, , 40.1, 34.6
unbalanced-1, 5, 400, 10, 10, 593.85, 9.58147947, 33, 0.112234000000001, 123049, 39.8, 35.1
base-unbalanced-1, 5, 400, 10, 10, 440.99, 6.97683903, , 0, , 42.2, 38.2
unbalanced-1, 5, 400, 10, 10, 598.46, 9.53923432, 21, 0.163829000000007, 78549, 42.2, 41.6
base-unbalanced-1, 5, 400, 10, 10, 439.72, 7.01467719, , 0, , 39.6, 34.4
unbalanced-1, 5, 400, 10, 10, 590.12, 9.49634368, 18, 0.189568000000008, 67540, 42.0, 39.8
base-unbalanced-1, 5, 400, 10, 10, 429.79, 6.97192072, , 0, , 44.1, 40.4
unbalanced-1, 5, 400, 10, 10, 627.75, 9.65932218, 27, 0.13025300000001, 100718, 40.6, 41.6
base-unbalanced-1, 5, 400, 10, 10, 451.05, 7.08355938, , 0, , 39.4, 40.4
unbalanced-1, 5, 400, 10, 10, 612.52, 9.56951171, 13, 0.328825000000009, 49216, 37.4, 39.4
base-unbalanced-1, 5, 400, 10, 10, 434.46, 6.98316565, , 0, , 41.2, 39.9
unbalanced-1, 5, 400, 10, 10, 591.65, 9.44823925, 26, 0.152210000000011, 97190, 41.0, 34.9
base-unbalanced-1, 5, 400, 10, 10, 435.88, 6.95976222, , 0, , 46.9, 36.1
unbalanced-1, 5, 400, 10, 10, 602.01, 9.56643516, 21, 0.242373000000001, 78551, 40.8, 37.5
base-unbalanced-1, 5, 400, 10, 10, 436.30, 6.99894242, , 0, , 43.8, 40.1
unbalanced-1, 5, 400, 10, 10, 593.33, 9.53800361, 21, 0.155085999999997, 78762, 45.2, 39.0
base-unbalanced-1, 5, 400, 10, 10, 429.85, 6.99606035, , 0, , 40.2, 37.2
unbalanced-1, 5, 400, 10, 10, 606.85, 9.51252560, 16, 0.334769000000009, 60136, 39.6, 34.4
base-unbalanced-1, 5, 400, 10, 10, 445.75, 7.01517453, , 0, , 38.4, 34.9
unbalanced-1, 5, 400, 10, 10, 593.00, 9.44178785, 17, 0.069217000000009, 63976, 37.4, 34.4
base-unbalanced-1, 5, 400, 10, 10, 461.40, 7.07578906, , 0, , 41.2, 43.0
unbalanced-1, 5, 400, 10, 10, 602.42, 9.59069674, 22, 0.150322000000003, 82401, 46.9, 36.9
base-unbalanced-1, 5, 400, 10, 10, 427.88, 6.98573715, , 0, , 41.2, 37.0
unbalanced-1, 5, 400, 10, 10, 595.94, 9.55139600, 24, 0.318255000000008, 89839, 41.8, 38.2
base-unbalanced-1, 5, 400, 10, 10, 442.27, 7.01800273, , 0, , 41.5, 40.1
unbalanced-1, 5, 400, 10, 10, 610.51, 9.65486811, 21, 0.290433000000007, 78785, 37.1, 34.9
base-unbalanced-1, 5, 400, 10, 10, 445.44, 7.01767803, , 0, , 39.8, 38.2
unbalanced-1, 5, 400, 10, 10, 605.83, 9.54156476, 41, 0.133921000000001, 152350, 43.6, 42.8
base-unbalanced-1, 5, 400, 10, 10, 441.36, 6.98241382, , 0, , 45.1, 36.9
unbalanced-1, 5, 400, 10, 10, 588.57, 9.52144658, 21, 0.154975000000007, 78565, 39.4, 34.0
base-unbalanced-1, 5, 400, 10, 10, 432.34, 6.98875365, , 0, , 42.8, 38.8
unbalanced-1, 5, 400, 10, 10, 601.43, 9.52235353, 18, 0.0589580000000041, 67538, 39.8, 35.9
base-unbalanced-1, 5, 400, 10, 10, 446.76, 7.00928923, , 0, , 39.4, 34.4
unbalanced-1, 5, 400, 10, 10, 603.96, 9.59053444, 17, 0.160721000000009, 64008, 41.8, 37.5
base-unbalanced-1, 5, 400, 10, 10, 436.47, 6.93296488, , 0, , 46.8, 35.9
unbalanced-1, 5, 400, 10, 10, 593.04, 9.51963635, 17, 0.10979900000001, 63824, 38.9, 35.9
base-unbalanced-1, 5, 400, 10, 10, 435.55, 6.99878024, , 0, , 37.9, 34.1
unbalanced-1, 5, 400, 10, 10, 587.18, 9.49954959, 23, 0.14106000000001, 86171, 39.9, 35.9
base-unbalanced-1, 5, 400, 10, 10, 438.34, 7.01299716, , 0, , 39.6, 36.4
unbalanced-1, 5, 400, 10, 10, 600.86, 9.57361648, 20, 0.213635000000011, 75209, 41.8, 34.9
base-unbalanced-1, 5, 400, 10, 10, 442.44, 7.00644758, , 0, , 45.0, 39.2
base-unbalanced-1, 5, 400, 25, 10, 463.16, 7.10616963, , 0, , 41.2, 41.9
unbalanced-1, 5, 400, 25, 10, 616.33, 9.60236192, 68, 0.045133000000007, 252814, 41.2, 42.6
base-unbalanced-1, 5, 400, 25, 10, 453.16, 7.06013809, , 0, , 37.4, 38.0
unbalanced-1, 5, 400, 25, 10, 594.45, 9.54395160, 52, 0.0357010000000031, 193472, 40.1, 37.5
base-unbalanced-1, 5, 400, 25, 10, 432.96, 7.00473094, , 0, , 38.4, 36.9
unbalanced-1, 5, 400, 25, 10, 595.38, 9.52477103, 48, 0.11664900000001, 178652, 44.8, 33.5
base-unbalanced-1, 5, 400, 25, 10, 431.29, 7.00395489, , 0, , 38.9, 34.4
unbalanced-1, 5, 400, 25, 10, 605.71, 9.58992271, 58, 0.0837390000000084, 215541, 44.2, 41.1
base-unbalanced-1, 5, 400, 25, 10, 438.41, 7.00658346, , 0, , 46.8, 40.4
unbalanced-1, 5, 400, 25, 10, 591.37, 9.44995092, 33, 0.141202000000007, 123097, 41.2, 38.9
base-unbalanced-1, 5, 400, 25, 10, 426.53, 6.99353461, , 0, , 42.2, 37.2
unbalanced-1, 5, 400, 25, 10, 588.42, 9.50155220, 28, 0.133454999999998, 104624, 40.2, 36.9
base-unbalanced-1, 5, 400, 25, 10, 434.87, 6.96721125, , 0, , 42.2, 38.0
unbalanced-1, 5, 400, 25, 10, 599.77, 9.53499897, 82, 0.0391050000000064, 304450, 39.1, 35.9
base-unbalanced-1, 5, 400, 25, 10, 431.58, 6.99726625, , 0, , 45.1, 36.4
unbalanced-1, 5, 400, 25, 10, 614.06, 9.62526527, 86, 0.160212000000001, 319524, 38.4, 34.0
base-unbalanced-1, 5, 400, 25, 10, 444.09, 7.05667743, , 0, , 39.9, 35.4
unbalanced-1, 5, 400, 25, 10, 600.02, 9.60768884, 93, 0.0608490000000046, 345205, 40.2, 36.9
base-unbalanced-1, 5, 400, 25, 10, 426.58, 6.93132364, , 0, , 42.2, 38.2
unbalanced-1, 5, 400, 25, 10, 587.21, 9.49595598, 50, 0.089500000000001, 185903, 39.4, 34.1
base-unbalanced-1, 5, 400, 25, 10, 433.40, 6.97320878, , 0, , 38.4, 37.5
unbalanced-1, 5, 400, 25, 10, 595.46, 9.54201251, 32, 0.268145000000004, 119364, 42.2, 35.4
base-unbalanced-1, 5, 400, 25, 10, 430.22, 6.93781745, , 0, , 40.8, 38.8
unbalanced-1, 5, 400, 25, 10, 605.37, 9.56564277, 48, 0.239421000000007, 178995, 40.1, 35.4
base-unbalanced-1, 5, 400, 25, 10, 432.74, 6.99716436, , 0, , 42.8, 40.9
unbalanced-1, 5, 400, 25, 10, 597.07, 9.48833054, 30, 0.138225000000006, 111916, 38.4, 34.0
base-unbalanced-1, 5, 400, 25, 10, 439.26, 7.03340142, , 0, , 50.8, 37.2
unbalanced-1, 5, 400, 25, 10, 600.10, 9.55496381, 62, 0.0828709999999973, 230495, 40.2, 36.9
base-unbalanced-1, 5, 400, 25, 10, 436.65, 6.99762891, , 0, , 37.4, 35.6
unbalanced-1, 5, 400, 25, 10, 601.02, 9.55347789, 45, 0.0631660000000096, 167445, 39.8, 34.9
base-unbalanced-1, 5, 400, 25, 10, 435.14, 6.98043312, , 0, , 44.1, 42.8
unbalanced-1, 5, 400, 25, 10, 603.97, 9.60486352, 83, 0.0698710000000062, 308114, 40.2, 35.4
base-unbalanced-1, 5, 400, 25, 10, 431.38, 6.99633465, , 0, , 49.1, 40.1
unbalanced-1, 5, 400, 25, 10, 596.45, 9.58102276, 61, 0.0981900000000024, 227018, 40.8, 35.9
base-unbalanced-1, 5, 400, 25, 10, 436.62, 6.96880606, , 0, , 39.8, 35.1
unbalanced-1, 5, 400, 25, 10, 590.57, 9.49010042, 49, 0.0572810000000032, 182124, 42.2, 38.8
base-unbalanced-1, 5, 400, 25, 10, 431.47, 6.96133189, , 0, , 45.2, 40.6
unbalanced-1, 5, 400, 25, 10, 593.52, 9.48694312, 48, 0.145353, 178534, 40.6, 37.2
base-unbalanced-1, 5, 400, 25, 10, 441.68, 6.99244846, , 0, , 42.2, 39.9
unbalanced-1, 5, 400, 25, 10, 601.04, 9.52519701, 37, 0.220084999999997, 137837, 38.9, 34.9
base-unbalanced-1, 5, 400, 25, 10, 430.46, 6.99723753, , 0, , 42.2, 36.4
unbalanced-1, 5, 400, 25, 10, 597.20, 9.55257332, 55, 0.0210330000000027, 204479, 45.8, 38.2
base-unbalanced-1, 5, 400, 25, 10, 439.29, 7.01234307, , 0, , 42.5, 40.1
unbalanced-1, 5, 400, 25, 10, 596.09, 9.49536078, 49, 0.0957769999999982, 182430, 44.6, 37.2
base-unbalanced-1, 5, 400, 25, 10, 433.02, 7.00216898, , 0, , 41.2, 37.0
unbalanced-1, 5, 400, 25, 10, 608.86, 9.63225382, 41, 0.106983, 152729, 46.6, 37.2
base-unbalanced-1, 5, 400, 25, 10, 448.60, 7.06933010, , 0, , 41.8, 37.8
unbalanced-1, 5, 400, 25, 10, 597.42, 9.55028477, 45, 0.185952999999998, 167266, 44.5, 35.9
base-unbalanced-1, 5, 400, 25, 10, 436.40, 6.98146384, , 0, , 39.4, 37.2
unbalanced-1, 5, 400, 25, 10, 593.68, 9.55850539, 27, 0.0413620000000066, 101030, 42.8, 37.5
base-unbalanced-1, 5, 400, 25, 10, 445.03, 7.02320936, , 0, , 40.8, 36.4
unbalanced-1, 5, 400, 25, 10, 591.87, 9.47630702, 33, 0.133769999999998, 123008, 45.1, 35.4
base-unbalanced-1, 5, 400, 25, 10, 437.23, 7.00782473, , 0, , 38.4, 36.4
unbalanced-1, 5, 400, 25, 10, 601.88, 9.56297489, 44, 0.127040000000008, 163879, 40.8, 36.1
base-unbalanced-1, 5, 400, 25, 10, 436.49, 6.99910666, , 0, , 41.2, 37.8
unbalanced-1, 5, 400, 25, 10, 588.00, 9.49066748, 58, 0.224919999999997, 215395, 39.4, 38.0
base-unbalanced-1, 5, 400, 25, 10, 442.07, 7.01956438, , 0, , 40.1, 37.0
unbalanced-1, 5, 400, 25, 10, 614.41, 9.61360720, 40, 0.21069700000001, 148946, 42.2, 36.1
base-unbalanced-1, 5, 400, 25, 10, 437.69, 7.02270305, , 0, , 41.8, 36.6
unbalanced-1, 5, 400, 25, 10, 604.96, 9.54827497, 57, 0.131598000000011, 212002, 38.9, 36.4
base-unbalanced-1, 5, 400, 25, 10, 441.57, 7.03579242, , 0, , 40.1, 37.2
base-unbalanced-1, 5, 200, 10, 10, 437.49, 6.99726226, , 0, , 48.0, 35.9
unbalanced-1, 5, 200, 10, 10, 598.93, 9.54250429, 40, 0.315493000000004, 74450, 44.1, 40.1
base-unbalanced-1, 5, 200, 10, 10, 429.80, 6.92750491, , 0, , 39.4, 35.6
unbalanced-1, 5, 200, 10, 10, 592.59, 9.48722548, 22, 0.116966000000005, 41188, 43.2, 34.1
base-unbalanced-1, 5, 200, 10, 10, 431.78, 6.97804266, , 0, , 39.4, 36.9
unbalanced-1, 5, 200, 10, 10, 595.94, 9.52379800, 27, 0.148968000000011, 50358, 44.1, 37.8
base-unbalanced-1, 5, 200, 10, 10, 439.52, 7.04190622, , 0, , 40.2, 35.1
unbalanced-1, 5, 200, 10, 10, 601.61, 9.53127332, 32, 0.156621000000001, 59509, 41.8, 39.9
base-unbalanced-1, 5, 200, 10, 10, 444.93, 7.01945399, , 0, , 37.9, 36.4
unbalanced-1, 5, 200, 10, 10, 599.18, 9.51118192, 15, 0.272373999999999, 28388, 41.8, 39.9
base-unbalanced-1, 5, 200, 10, 10, 443.46, 7.04486872, , 0, , 39.4, 35.4
unbalanced-1, 5, 200, 10, 10, 604.40, 9.52911901, 15, 0.105107000000004, 28287, 40.8, 36.5
base-unbalanced-1, 5, 200, 10, 10, 432.46, 6.93841701, , 0, , 45.1, 40.4
unbalanced-1, 5, 200, 10, 10, 602.25, 9.53222059, 22, 0.26782, 41148, 38.4, 35.4
base-unbalanced-1, 5, 200, 10, 10, 430.89, 6.95357907, , 0, , 39.1, 36.4
unbalanced-1, 5, 200, 10, 10, 596.11, 9.56190689, 13, 0.162226000000004, 24455, 43.2, 35.6
base-unbalanced-1, 5, 200, 10, 10, 434.04, 6.90671209, , 0, , 39.4, 36.1
unbalanced-1, 5, 200, 10, 10, 588.37, 9.48779949, 18, 0.277124000000001, 33825, 38.9, 36.4
base-unbalanced-1, 5, 200, 10, 10, 443.32, 7.01684305, , 0, , 46.2, 39.9
unbalanced-1, 5, 200, 10, 10, 597.97, 9.51363211, 15, 0.188305, 28332, 42.2, 39.8
base-unbalanced-1, 5, 200, 10, 10, 451.61, 7.04122529, , 0, , 44.2, 40.6
unbalanced-1, 5, 200, 10, 10, 595.98, 9.59827887, 12, 0.103349000000009, 22541, 39.8, 35.1
base-unbalanced-1, 5, 200, 10, 10, 443.01, 7.03683238, , 0, , 39.8, 34.4
unbalanced-1, 5, 200, 10, 10, 603.57, 9.53224913, 18, 0.133285000000001, 33799, 41.8, 38.0
base-unbalanced-1, 5, 200, 10, 10, 435.45, 6.94876200, , 0, , 52.6, 36.6
unbalanced-1, 5, 200, 10, 10, 597.29, 9.54725657, 34, 0.225306000000003, 63156, 38.4, 34.6
base-unbalanced-1, 5, 200, 10, 10, 447.50, 7.05387650, , 0, , 42.2, 37.0
unbalanced-1, 5, 200, 10, 10, 597.92, 9.53728302, 22, 0.0817160000000001, 41178, 41.2, 38.5
base-unbalanced-1, 5, 200, 10, 10, 443.28, 7.01853449, , 0, , 41.8, 35.4
unbalanced-1, 5, 200, 10, 10, 605.48, 9.51336700, 22, 0.392077, 41151, 43.6, 40.1
base-unbalanced-1, 5, 200, 10, 10, 439.22, 7.00816766, , 0, , 44.0, 40.1
unbalanced-1, 5, 200, 10, 10, 605.89, 9.52748581, 24, 0.125394999999997, 44858, 38.4, 33.5
base-unbalanced-1, 5, 200, 10, 10, 449.55, 7.01078257, , 0, , 43.2, 40.4
unbalanced-1, 5, 200, 10, 10, 595.18, 9.54463055, 24, 0.27935500000001, 44927, 42.8, 40.6
base-unbalanced-1, 5, 200, 10, 10, 433.42, 6.95920330, , 0, , 42.0, 39.2
unbalanced-1, 5, 200, 10, 10, 590.37, 9.50168589, 19, 0.323042999999998, 35563, 38.9, 36.4
base-unbalanced-1, 5, 200, 10, 10, 457.13, 7.08475622, , 0, , 39.4, 43.2
unbalanced-1, 5, 200, 10, 10, 588.45, 9.47766426, 27, 0.312007000000008, 50271, 38.1, 37.8
base-unbalanced-1, 5, 200, 10, 10, 440.50, 6.96984062, , 0, , 46.8, 37.2
unbalanced-1, 5, 200, 10, 10, 619.39, 9.61801424, 26, 0.235472999999999, 48590, 42.8, 39.4
base-unbalanced-1, 5, 200, 10, 10, 434.07, 6.99381569, , 0, , 38.9, 35.9
unbalanced-1, 5, 200, 10, 10, 597.17, 9.52955288, 11, 0.212952000000001, 20690, 41.8, 40.9
base-unbalanced-1, 5, 200, 10, 10, 446.74, 7.01735632, , 0, , 37.4, 33.9
unbalanced-1, 5, 200, 10, 10, 592.43, 9.50167337, 13, 0.328754000000004, 24437, 39.4, 36.4
base-unbalanced-1, 5, 200, 10, 10, 432.73, 6.98334121, , 0, , 42.2, 39.9
unbalanced-1, 5, 200, 10, 10, 597.42, 9.54631709, 25, 0.210142000000005, 46903, 39.4, 36.4
base-unbalanced-1, 5, 200, 10, 10, 433.40, 6.99461619, , 0, , 39.4, 34.5
unbalanced-1, 5, 200, 10, 10, 606.12, 9.52957830, 18, 0.120890000000003, 33699, 40.2, 37.2
base-unbalanced-1, 5, 200, 10, 10, 440.36, 7.00768006, , 0, , 45.9, 35.9
unbalanced-1, 5, 200, 10, 10, 606.04, 9.53899850, 43, 0.296129000000008, 80057, 41.5, 34.6
base-unbalanced-1, 5, 200, 10, 10, 436.53, 6.99574077, , 0, , 35.0, 34.4
unbalanced-1, 5, 200, 10, 10, 600.16, 9.53717860, 15, 0.345303999999999, 28200, 40.4, 35.4
base-unbalanced-1, 5, 200, 10, 10, 432.51, 6.99630172, , 0, , 35.9, 34.9
unbalanced-1, 5, 200, 10, 10, 604.60, 9.54838710, 20, 0.111495000000005, 37377, 41.8, 38.0
base-unbalanced-1, 5, 200, 10, 10, 447.59, 7.03078602, , 0, , 37.4, 34.4
unbalanced-1, 5, 200, 10, 10, 604.37, 9.55576697, 23, 0.220415000000003, 43268, 47.6, 34.9
base-unbalanced-1, 5, 200, 10, 10, 430.74, 6.99438906, , 0, , 40.2, 38.2
unbalanced-1, 5, 200, 10, 10, 597.11, 9.56605036, 22, 0.0529810000000026, 41166, 42.0, 37.8
base-unbalanced-1, 5, 200, 10, 10, 434.88, 6.98863272, , 0, , 37.9, 34.5
unbalanced-1, 5, 200, 10, 10, 590.90, 9.50171986, 15, 0.514480000000006, 28122, 46.4, 36.6
base-unbalanced-1, 5, 200, 10, 10, 438.30, 7.02998725, , 0, , 40.1, 34.4
base-unbalanced-1, 5, 200, 25, 10, 446.96, 7.03480369, , 0, , 41.0, 33.9
unbalanced-1, 5, 200, 25, 10, 599.58, 9.52372885, 36, 0.179074999999997, 67223, 36.4, 34.4
base-unbalanced-1, 5, 200, 25, 10, 444.08, 7.01976813, , 0, , 41.2, 35.4
unbalanced-1, 5, 200, 25, 10, 593.21, 9.51474431, 55, 0.112113000000008, 101986, 36.4, 34.4
base-unbalanced-1, 5, 200, 25, 10, 443.02, 7.00739029, , 0, , 42.2, 36.9
unbalanced-1, 5, 200, 25, 10, 586.91, 9.49418875, 63, 0.133478000000011, 116873, 40.2, 37.0
base-unbalanced-1, 5, 200, 25, 10, 435.64, 6.97361203, , 0, , 42.8, 39.4
unbalanced-1, 5, 200, 25, 10, 601.26, 9.57469484, 84, 0.0189480000000088, 155843, 38.4, 35.4
base-unbalanced-1, 5, 200, 25, 10, 437.02, 6.99693421, , 0, , 47.9, 36.9
unbalanced-1, 5, 200, 25, 10, 715.30, 9.86813603, 51, 0.0966670000000107, 94965, 40.1, 37.5
base-unbalanced-1, 5, 200, 25, 10, 532.61, 7.17852492, , 0, , 44.6, 42.1
unbalanced-1, 5, 200, 25, 10, 733.58, 9.83174690, 60, 0.209911000000005, 111627, 46.8, 35.9
base-unbalanced-1, 5, 200, 25, 10, 542.95, 7.24741987, , 0, , 40.4, 37.2
unbalanced-1, 5, 200, 25, 10, 740.57, 9.89819693, 104, 0.162204000000003, 193054, 44.1, 42.6
base-unbalanced-1, 5, 200, 25, 10, 534.81, 7.19131553, , 0, , 45.0, 37.0
unbalanced-1, 5, 200, 25, 10, 733.23, 9.83072200, 43, 0.0628510000000091, 79886, 38.6, 37.2
base-unbalanced-1, 5, 200, 25, 10, 547.90, 7.25975528, , 0, , 42.8, 41.6
unbalanced-1, 5, 200, 25, 10, 729.99, 9.84766287, 46, 0.328440999999998, 85531, 39.4, 39.0
base-unbalanced-1, 5, 200, 25, 10, 536.72, 7.22887667, , 0, , 37.4, 36.1
unbalanced-1, 5, 200, 25, 10, 717.28, 9.75620114, 46, 0.284115999999997, 85669, 42.8, 39.1
base-unbalanced-1, 5, 200, 25, 10, 520.45, 7.14741210, , 0, , 40.2, 37.5
unbalanced-1, 5, 200, 25, 10, 716.99, 9.78956828, 29, 0.402462, 53845, 44.8, 38.8
base-unbalanced-1, 5, 200, 25, 10, 543.13, 7.27611930, , 0, , 46.1, 43.0
unbalanced-1, 5, 200, 25, 10, 735.50, 9.88417303, 32, 0.0906319999999994, 59792, 37.4, 35.4
base-unbalanced-1, 5, 200, 25, 10, 533.07, 7.19479466, , 0, , 42.8, 38.2
unbalanced-1, 5, 200, 25, 10, 731.50, 9.83882194, 30, 0.301180000000002, 55970, 45.5, 39.2
base-unbalanced-1, 5, 200, 25, 10, 528.21, 7.16260080, , 0, , 44.6, 42.6
unbalanced-1, 5, 200, 25, 10, 730.95, 9.84384384, 43, 0.150683999999998, 79909, 38.9, 37.8
base-unbalanced-1, 5, 200, 25, 10, 538.02, 7.27383470, , 0, , 40.8, 38.5
unbalanced-1, 5, 200, 25, 10, 731.81, 9.87366026, 61, 0.121071999999998, 113631, 46.1, 42.1
base-unbalanced-1, 5, 200, 25, 10, 528.27, 7.19507787, , 0, , 43.2, 40.6
unbalanced-1, 5, 200, 25, 10, 729.24, 9.81691577, 44, 0.0966710000000006, 81653, 42.2, 40.1
base-unbalanced-1, 5, 200, 25, 10, 523.98, 7.17400728, , 0, , 45.1, 42.8
unbalanced-1, 5, 200, 25, 10, 737.31, 9.81891046, 39, 0.277300000000011, 72646, 39.1, 37.8
base-unbalanced-1, 5, 200, 25, 10, 534.83, 7.21266903, , 0, , 38.4, 36.9
unbalanced-1, 5, 200, 25, 10, 729.09, 9.83779746, 37, 0.274927000000005, 69179, 43.8, 42.0
base-unbalanced-1, 5, 200, 25, 10, 526.76, 7.18681922, , 0, , 46.2, 39.4
unbalanced-1, 5, 200, 25, 10, 724.97, 9.80686071, 30, 0.196211000000005, 55896, 43.2, 38.8
base-unbalanced-1, 5, 200, 25, 10, 528.11, 7.03283457, , 0, , 45.1, 38.8
unbalanced-1, 5, 200, 25, 10, 729.77, 9.81163914, 41, 0.0824350000000038, 76446, 44.6, 41.4
base-unbalanced-1, 5, 200, 25, 10, 529.79, 7.15804531, , 0, , 39.4, 38.2
unbalanced-1, 5, 200, 25, 10, 723.19, 9.80402287, 35, 0.121461000000011, 65232, 37.4, 35.9
base-unbalanced-1, 5, 200, 25, 10, 536.83, 7.21777207, , 0, , 41.8, 38.8
unbalanced-1, 5, 200, 25, 10, 739.86, 9.91522261, 79, 0.121942000000004, 146418, 41.0, 39.0
base-unbalanced-1, 5, 200, 25, 10, 528.18, 7.14305510, , 0, , 41.2, 35.9
unbalanced-1, 5, 200, 25, 10, 735.94, 9.85049944, 48, 0.16390100000001, 89157, 38.9, 38.5
base-unbalanced-1, 5, 200, 25, 10, 528.04, 7.17495258, , 0, , 41.0, 38.0
unbalanced-1, 5, 200, 25, 10, 731.44, 9.86631100, 61, 0.0507160000000084, 113394, 42.8, 39.2
base-unbalanced-1, 5, 200, 25, 10, 529.94, 7.17736869, , 0, , 44.2, 41.8
unbalanced-1, 5, 200, 25, 10, 730.33, 9.82407419, 52, 0.0715310000000073, 96571, 37.1, 36.2
base-unbalanced-1, 5, 200, 25, 10, 526.34, 7.19943760, , 0, , 37.9, 36.4
unbalanced-1, 5, 200, 25, 10, 726.46, 9.76974515, 43, 0.126529000000005, 80093, 45.5, 41.6
base-unbalanced-1, 5, 200, 25, 10, 538.62, 7.22374131, , 0, , 43.0, 39.4
unbalanced-1, 5, 200, 25, 10, 744.67, 9.82701669, 44, 0.184491000000008, 82040, 41.8, 47.1
base-unbalanced-1, 5, 200, 25, 10, 533.10, 7.19402015, , 0, , 39.2, 37.5
unbalanced-1, 5, 200, 25, 10, 732.08, 9.84241303, 29, 0.165599, 54075, 43.8, 36.8
base-unbalanced-1, 5, 200, 25, 10, 544.39, 7.24065482, , 0, , 37.9, 36.2
unbalanced-1, 5, 200, 25, 10, 733.64, 9.81265263, 36, 0.243262999999999, 67204, 56.6, 41.6
base-unbalanced-1, 5, 200, 25, 10, 535.15, 7.22639684, , 0, , 46.2, 42.6
unbalanced-1, 5, 200, 25, 10, 740.46, 9.82773283, 38, 0.204264000000009, 70750, 43.0, 43.2
base-unbalanced-1, 5, 200, 25, 10, 541.98, 7.24112556, , 0, , 42.2, 38.2
base-unbalanced-1, 3, 400, 10, 10, 538.83, 7.24758753, , 0, , 44.6, 42.1
unbalanced-1, 3, 400, 10, 10, 730.94, 9.82422041, 16, 0.000770000000002824, 59437, 41.8, 38.8
base-unbalanced-1, 3, 400, 10, 10, 532.42, 7.19721144, , 0, , 45.8, 44.4
unbalanced-1, 3, 400, 10, 10, 729.47, 9.85487198, 14, 0.00151200000000529, 51881, 41.8, 37.2
base-unbalanced-1, 3, 400, 10, 10, 544.55, 7.28102197, , 0, , 45.1, 42.2
unbalanced-1, 3, 400, 10, 10, 725.82, 9.79217563, 14, 0.00134400000000312, 52129, 41.0, 38.5
base-unbalanced-1, 3, 400, 10, 10, 538.66, 7.24461501, , 0, , 44.1, 41.4
unbalanced-1, 3, 400, 10, 10, 752.42, 9.91787690, 21, 0.00143200000000832, 77136, 47.1, 37.0
base-unbalanced-1, 3, 400, 10, 10, 529.43, 7.15611466, , 0, , 42.8, 40.6
unbalanced-1, 3, 400, 10, 10, 731.79, 9.86184325, 22, 0.00051899999999705, 81203, 43.0, 40.6
base-unbalanced-1, 3, 400, 10, 10, 528.13, 7.20071190, , 0, , 41.2, 38.2
unbalanced-1, 3, 400, 10, 10, 718.54, 9.78796842, 19, 0.000432000000003541, 70163, 47.6, 41.4
base-unbalanced-1, 3, 400, 10, 10, 537.69, 7.22307152, , 0, , 40.8, 39.0
unbalanced-1, 3, 400, 10, 10, 728.55, 9.82957672, 29, 0.000539000000003398, 106787, 43.6, 39.2
base-unbalanced-1, 3, 400, 10, 10, 535.99, 7.24454400, , 0, , 43.8, 42.2
unbalanced-1, 3, 400, 10, 10, 741.19, 9.89393656, 22, 0.00186300000000017, 81137, 40.8, 39.4
base-unbalanced-1, 3, 400, 10, 10, 537.09, 7.22119775, , 0, , 46.6, 42.2
unbalanced-1, 3, 400, 10, 10, 750.34, 9.88650247, 25, 0.000253000000000725, 92223, 43.6, 44.6
base-unbalanced-1, 3, 400, 10, 10, 541.56, 7.21436179, , 0, , 43.2, 41.6
unbalanced-1, 3, 400, 10, 10, 726.92, 9.79545384, 30, 0.000163000000000579, 110176, 44.1, 42.1
base-unbalanced-1, 3, 400, 10, 10, 529.37, 7.18569588, , 0, , 45.0, 40.4
unbalanced-1, 3, 400, 10, 10, 740.71, 9.87702927, 21, 0.00338700000000358, 77398, 45.0, 41.6
base-unbalanced-1, 3, 400, 10, 10, 550.72, 7.34044213, , 0, , 47.6, 44.2
unbalanced-1, 3, 400, 10, 10, 728.37, 9.81741320, 23, 0.00159200000000226, 84693, 41.8, 38.5
base-unbalanced-1, 3, 400, 10, 10, 526.53, 7.19843238, , 0, , 40.8, 39.2
unbalanced-1, 3, 400, 10, 10, 735.11, 9.89223508, 32, 0.00164200000000392, 117537, 45.6, 39.9
base-unbalanced-1, 3, 400, 10, 10, 546.18, 7.28778477, , 0, , 44.1, 45.1
unbalanced-1, 3, 400, 10, 10, 745.66, 9.89218349, 43, 0.000583000000005995, 157315, 41.0, 41.9
base-unbalanced-1, 3, 400, 10, 10, 542.82, 7.20999911, , 0, , 44.2, 43.2
unbalanced-1, 3, 400, 10, 10, 723.10, 9.82351623, 20, 0.00230700000000184, 73888, 43.2, 40.1
base-unbalanced-1, 3, 400, 10, 10, 527.76, 7.16828262, , 0, , 48.5, 41.9
unbalanced-1, 3, 400, 10, 10, 731.00, 9.88604275, 23, 0.00017600000001039, 84877, 49.9, 42.6
base-unbalanced-1, 3, 400, 10, 10, 537.30, 7.21889930, , 0, , 48.5, 40.1
unbalanced-1, 3, 400, 10, 10, 720.29, 9.79352308, 37, 0.00124800000000391, 135733, 44.8, 40.6
base-unbalanced-1, 3, 400, 10, 10, 536.90, 7.23830568, , 0, , 50.5, 39.4
unbalanced-1, 3, 400, 10, 10, 732.66, 9.87268950, 28, 0.000906999999997993, 103048, 45.1, 38.5
base-unbalanced-1, 3, 400, 10, 10, 526.65, 7.17851586, , 0, , 38.4, 37.5
unbalanced-1, 3, 400, 10, 10, 738.84, 9.88771888, 41, 6.79999999988468e-05, 150138, 41.2, 37.5
base-unbalanced-1, 3, 400, 10, 10, 531.56, 7.20110635, , 0, , 41.2, 38.8
unbalanced-1, 3, 400, 10, 10, 722.19, 9.78908595, 26, 0.000225999999997839, 95817, 43.2, 39.5
base-unbalanced-1, 3, 400, 10, 10, 530.23, 7.19498743, , 0, , 44.1, 41.1
unbalanced-1, 3, 400, 10, 10, 733.99, 9.85013742, 26, 0.00209300000000212, 95726, 43.5, 39.8
base-unbalanced-1, 3, 400, 10, 10, 536.13, 7.21599459, , 0, , 38.4, 36.8
unbalanced-1, 3, 400, 10, 10, 721.85, 9.76725911, 22, 0.000280000000003611, 81259, 39.9, 37.8
base-unbalanced-1, 3, 400, 10, 10, 531.69, 7.19852492, , 0, , 44.1, 40.4
unbalanced-1, 3, 400, 10, 10, 729.27, 9.81137680, 41, 0.000377999999997769, 150426, 38.4, 36.4
base-unbalanced-1, 3, 400, 10, 10, 537.95, 7.21929257, , 0, , 37.6, 35.9
unbalanced-1, 3, 400, 10, 10, 730.16, 9.83498121, 30, 0.000409000000004767, 109919, 50.4, 45.6
base-unbalanced-1, 3, 400, 10, 10, 525.62, 7.20135164, , 0, , 48.1, 39.4
unbalanced-1, 3, 400, 10, 10, 729.23, 9.77585615, 30, 0.000281999999998561, 110223, 48.4, 43.8
base-unbalanced-1, 3, 400, 10, 10, 524.68, 7.16283349, , 0, , 46.1, 39.5
unbalanced-1, 3, 400, 10, 10, 729.54, 9.84823952, 17, 0.00063200000001018, 62796, 37.9, 36.2
base-unbalanced-1, 3, 400, 10, 10, 543.02, 7.25445768, , 0, , 39.9, 37.2
unbalanced-1, 3, 400, 10, 10, 733.29, 9.80800760, 25, 0.000855000000001382, 91955, 42.8, 40.1
base-unbalanced-1, 3, 400, 10, 10, 534.68, 7.22603310, , 0, , 37.4, 36.2
unbalanced-1, 3, 400, 10, 10, 739.63, 9.91715055, 29, 0.00208899999999801, 106613, 43.6, 40.6
base-unbalanced-1, 3, 400, 10, 10, 521.87, 7.15397061, , 0, , 39.9, 37.5
unbalanced-1, 3, 400, 10, 10, 731.54, 9.86595611, 18, 0.00145899999999699, 66665, 41.2, 40.6
base-unbalanced-1, 3, 400, 10, 10, 538.08, 7.26096406, , 0, , 46.8, 40.9
unbalanced-1, 3, 400, 10, 10, 734.56, 9.81879292, 24, 0.00105000000000643, 88186, 38.6, 36.9
base-unbalanced-1, 3, 400, 10, 10, 551.29, 7.27925690, , 0, , 41.2, 41.4
base-unbalanced-1, 3, 400, 25, 10, 538.90, 7.23220247, , 0, , 44.2, 44.0
unbalanced-1, 3, 400, 25, 10, 729.25, 9.85480955, 63, 0.000111000000003969, 230161, 44.2, 39.0
base-unbalanced-1, 3, 400, 25, 10, 539.78, 7.24202981, , 0, , 43.8, 37.2
unbalanced-1, 3, 400, 25, 10, 730.56, 9.86314402, 51, 0.000791000000006647, 186468, 45.6, 42.1
base-unbalanced-1, 3, 400, 25, 10, 534.28, 7.24374591, , 0, , 46.4, 43.2
unbalanced-1, 3, 400, 25, 10, 734.87, 9.88190703, 33, 0.00147400000000175, 121210, 46.2, 42.1
base-unbalanced-1, 3, 400, 25, 10, 540.83, 7.22526449, , 0, , 48.9, 45.9
unbalanced-1, 3, 400, 25, 10, 743.09, 9.86926981, 34, 0.000709000000000515, 124544, 41.8, 47.2
base-unbalanced-1, 3, 400, 25, 10, 535.64, 7.22005755, , 0, , 47.1, 43.5
unbalanced-1, 3, 400, 25, 10, 730.63, 9.82247826, 83, 0.000478000000001089, 302802, 46.6, 36.6
base-unbalanced-1, 3, 400, 25, 10, 532.93, 7.20122296, , 0, , 42.5, 41.1
unbalanced-1, 3, 400, 25, 10, 723.40, 9.77628832, 44, 6.10000000023092e-05, 161172, 42.8, 40.1
base-unbalanced-1, 3, 400, 25, 10, 531.16, 7.20004610, , 0, , 37.1, 36.8
unbalanced-1, 3, 400, 25, 10, 742.30, 9.89010408, 52, 0.000351000000009094, 190289, 45.1, 40.6
base-unbalanced-1, 3, 400, 25, 10, 538.10, 7.21723228, , 0, , 45.1, 39.2
unbalanced-1, 3, 400, 25, 10, 724.94, 9.82733718, 38, 0.000200000000006639, 139306, 42.2, 39.2
base-unbalanced-1, 3, 400, 25, 10, 538.13, 7.24248603, , 0, , 37.9, 35.9
unbalanced-1, 3, 400, 25, 10, 723.97, 9.84804337, 54, 0.000334000000009382, 197540, 45.6, 42.8
base-unbalanced-1, 3, 400, 25, 10, 527.44, 7.18055675, , 0, , 38.9, 36.9
unbalanced-1, 3, 400, 25, 10, 731.42, 9.84409002, 35, 0.00044100000000924, 128313, 44.1, 41.4
base-unbalanced-1, 3, 400, 25, 10, 541.11, 7.25111348, , 0, , 37.6, 35.9
unbalanced-1, 3, 400, 25, 10, 728.17, 9.81804682, 52, 0.00064700000000073, 190023, 43.2, 41.6
base-unbalanced-1, 3, 400, 25, 10, 534.30, 7.25068354, , 0, , 40.2, 38.5
unbalanced-1, 3, 400, 25, 10, 727.86, 9.86652445, 98, 0.00018900000000599, 357682, 37.9, 36.6
base-unbalanced-1, 3, 400, 25, 10, 545.93, 7.23606163, , 0, , 43.0, 38.8
unbalanced-1, 3, 400, 25, 10, 730.91, 9.87567011, 84, 0.000262000000006424, 307001, 44.5, 39.9
base-unbalanced-1, 3, 400, 25, 10, 529.82, 7.20601020, , 0, , 40.8, 37.2
unbalanced-1, 3, 400, 25, 10, 729.78, 9.85274231, 87, 0.000165000000009741, 317487, 46.4, 42.2
base-unbalanced-1, 3, 400, 25, 10, 538.00, 7.20939915, , 0, , 47.1, 46.4
unbalanced-1, 3, 400, 25, 10, 735.51, 9.90235377, 69, 0.000686999999999216, 252092, 44.1, 42.6
base-unbalanced-1, 3, 400, 25, 10, 531.94, 7.20417335, , 0, , 41.5, 39.2
unbalanced-1, 3, 400, 25, 10, 739.71, 9.92358678, 71, 0.000384000000011042, 259318, 42.8, 40.4
base-unbalanced-1, 3, 400, 25, 10, 529.57, 7.19925575, , 0, , 43.8, 42.1
unbalanced-1, 3, 400, 25, 10, 734.31, 9.86228817, 34, 0.000211000000007289, 124809, 40.8, 38.8
base-unbalanced-1, 3, 400, 25, 10, 536.64, 7.23886866, , 0, , 44.5, 40.9
unbalanced-1, 3, 400, 25, 10, 723.19, 9.80154552, 88, 7.39999999979091e-05, 321134, 40.8, 38.5
base-unbalanced-1, 3, 400, 25, 10, 541.99, 7.29574553, , 0, , 52.4, 36.2
unbalanced-1, 3, 400, 25, 10, 727.94, 9.85287742, 28, 0.00112900000000593, 102842, 41.2, 38.0
base-unbalanced-1, 3, 400, 25, 10, 539.33, 7.23067606, , 0, , 39.4, 36.6
unbalanced-1, 3, 400, 25, 10, 749.48, 9.95522072, 106, 3.00000000095224e-05, 386380, 43.2, 40.1
base-unbalanced-1, 3, 400, 25, 10, 544.83, 7.27394766, , 0, , 41.5, 37.8
unbalanced-1, 3, 400, 25, 10, 725.41, 9.83698516, 49, 0.000197999999997478, 179405, 37.4, 36.2
base-unbalanced-1, 3, 400, 25, 10, 527.96, 7.20270122, , 0, , 37.4, 35.9
unbalanced-1, 3, 400, 25, 10, 736.43, 9.89373973, 34, 4.80000000067093e-05, 124593, 38.4, 36.1
base-unbalanced-1, 3, 400, 25, 10, 535.32, 7.20791146, , 0, , 41.2, 35.4
unbalanced-1, 3, 400, 25, 10, 732.10, 9.88469109, 47, 9.00000000569889e-06, 171815, 49.6, 41.9
base-unbalanced-1, 3, 400, 25, 10, 536.34, 7.24394582, , 0, , 42.0, 38.0
unbalanced-1, 3, 400, 25, 10, 725.04, 9.86343830, 56, 0.000221000000010463, 204605, 41.0, 38.5
base-unbalanced-1, 3, 400, 25, 10, 543.62, 7.21700992, , 0, , 43.2, 44.6
unbalanced-1, 3, 400, 25, 10, 732.15, 9.84712112, 69, 0.000363000000007219, 252261, 37.6, 36.2
base-unbalanced-1, 3, 400, 25, 10, 536.84, 7.25018517, , 0, , 43.2, 39.8
unbalanced-1, 3, 400, 25, 10, 730.84, 9.85376990, 71, 0.000311000000010608, 259385, 41.0, 38.0
base-unbalanced-1, 3, 400, 25, 10, 538.67, 7.22196926, , 0, , 42.5, 40.4
unbalanced-1, 3, 400, 25, 10, 726.64, 9.84517509, 65, 0.000438000000002603, 237811, 46.8, 41.4
base-unbalanced-1, 3, 400, 25, 10, 530.71, 7.22850095, , 0, , 43.8, 39.8
unbalanced-1, 3, 400, 25, 10, 735.62, 9.92184071, 74, 3.49999999968986e-05, 270275, 44.1, 42.6
base-unbalanced-1, 3, 400, 25, 10, 538.81, 7.20836229, , 0, , 37.9, 35.9
unbalanced-1, 3, 400, 25, 10, 729.56, 9.87465169, 49, 0.000672000000008666, 179339, 38.4, 36.8
base-unbalanced-1, 3, 400, 25, 10, 537.73, 7.23754791, , 0, , 37.4, 35.9
unbalanced-1, 3, 400, 25, 10, 731.18, 9.90040403, 29, 0.000370000000003756, 106834, 38.4, 36.1
base-unbalanced-1, 3, 400, 25, 10, 526.78, 7.17993629, , 0, , 40.8, 38.2
base-unbalanced-1, 3, 200, 10, 10, 525.36, 7.13251345, , 0, , 43.2, 42.2
unbalanced-1, 3, 200, 10, 10, 731.15, 9.83419584, 23, 0.00212600000000407, 42333, 40.8, 38.2
base-unbalanced-1, 3, 200, 10, 10, 533.83, 7.26044370, , 0, , 44.6, 42.1
unbalanced-1, 3, 200, 10, 10, 729.86, 9.84732033, 16, 0.00533900000000642, 29640, 38.4, 36.2
base-unbalanced-1, 3, 200, 10, 10, 541.18, 7.29915695, , 0, , 38.9, 36.4
unbalanced-1, 3, 200, 10, 10, 717.05, 9.80666072, 28, 0.00015199999999993, 51342, 45.5, 41.4
base-unbalanced-1, 3, 200, 10, 10, 537.10, 7.22365486, , 0, , 49.5, 41.1
unbalanced-1, 3, 200, 10, 10, 728.34, 9.87529846, 37, 0.00108699999999828, 67858, 44.1, 40.1
base-unbalanced-1, 3, 200, 10, 10, 529.01, 7.18546313, , 0, , 40.8, 39.9
unbalanced-1, 3, 200, 10, 10, 732.55, 9.86618338, 26, 0.000539000000003398, 47866, 44.1, 41.9
base-unbalanced-1, 3, 200, 10, 10, 542.63, 7.30302259, , 0, , 45.1, 41.6
unbalanced-1, 3, 200, 10, 10, 732.80, 9.84179160, 37, 0.000651000000004842, 67734, 46.9, 41.6
base-unbalanced-1, 3, 200, 10, 10, 539.11, 7.22235132, , 0, , 45.1, 44.6
unbalanced-1, 3, 200, 10, 10, 719.19, 9.79746241, 18, 0.00166600000000017, 33246, 40.4, 38.0
base-unbalanced-1, 3, 200, 10, 10, 538.96, 7.22915369, , 0, , 46.4, 42.2
unbalanced-1, 3, 200, 10, 10, 718.18, 9.77078544, 25, 0.00158900000000983, 45876, 41.8, 40.9
base-unbalanced-1, 3, 200, 10, 10, 533.13, 7.21258355, , 0, , 44.1, 41.6
unbalanced-1, 3, 200, 10, 10, 716.40, 9.76380168, 38, 0.000124999999997044, 69709, 46.8, 38.5
base-unbalanced-1, 3, 200, 10, 10, 533.38, 7.24876505, , 0, , 45.1, 41.1
unbalanced-1, 3, 200, 10, 10, 724.83, 9.79549567, 50, 0.000285000000005198, 91346, 45.6, 41.6
base-unbalanced-1, 3, 200, 10, 10, 537.34, 7.22494405, , 0, , 46.1, 42.6
unbalanced-1, 3, 200, 10, 10, 742.95, 9.83895219, 42, 0.000788000000000011, 76806, 40.0, 40.9
base-unbalanced-1, 3, 200, 10, 10, 547.25, 7.28824198, , 0, , 41.2, 43.8
unbalanced-1, 3, 200, 10, 10, 728.69, 9.83249804, 17, 0.00264700000001028, 31396, 37.9, 36.8
base-unbalanced-1, 3, 200, 10, 10, 537.15, 7.20753544, , 0, , 40.6, 38.8
unbalanced-1, 3, 200, 10, 10, 725.22, 9.77826140, 29, 0.000527000000005273, 53234, 44.8, 43.0
base-unbalanced-1, 3, 200, 10, 10, 529.80, 7.17578198, , 0, , 49.0, 38.8
unbalanced-1, 3, 200, 10, 10, 728.80, 9.83279995, 19, 0.00176799999999844, 35031, 54.4, 36.8
base-unbalanced-1, 3, 200, 10, 10, 538.04, 7.25817768, , 0, , 42.2, 40.1
unbalanced-1, 3, 200, 10, 10, 712.58, 9.75957872, 36, 0.000819000000007009, 65896, 43.6, 41.1
base-unbalanced-1, 3, 200, 10, 10, 527.48, 7.17490704, , 0, , 44.1, 41.1
unbalanced-1, 3, 200, 10, 10, 742.27, 9.82458319, 29, 0.00111499999999864, 53271, 41.8, 44.4
base-unbalanced-1, 3, 200, 10, 10, 527.83, 7.17169543, , 0, , 37.9, 36.8
unbalanced-1, 3, 200, 10, 10, 732.31, 9.82782260, 17, 0.000534000000001811, 31405, 44.8, 40.6
base-unbalanced-1, 3, 200, 10, 10, 531.12, 7.19337964, , 0, , 41.8, 38.8
unbalanced-1, 3, 200, 10, 10, 711.20, 9.79676671, 47, 0.000959000000008814, 86065, 40.4, 35.9
base-unbalanced-1, 3, 200, 10, 10, 522.45, 7.16003188, , 0, , 42.8, 40.1
unbalanced-1, 3, 200, 10, 10, 732.30, 9.81929555, 16, 0.000803000000004772, 29576, 44.1, 41.1
base-unbalanced-1, 3, 200, 10, 10, 523.80, 7.19054619, , 0, , 44.1, 40.6
unbalanced-1, 3, 200, 10, 10, 729.18, 9.82328301, 21, 0.000878999999997632, 38702, 39.4, 36.2
base-unbalanced-1, 3, 200, 10, 10, 529.37, 7.19894466, , 0, , 38.9, 36.2
unbalanced-1, 3, 200, 10, 10, 730.63, 9.81156984, 22, 0.00327599999999961, 40588, 36.9, 35.9
base-unbalanced-1, 3, 200, 10, 10, 535.18, 7.21393680, , 0, , 39.9, 37.8
unbalanced-1, 3, 200, 10, 10, 731.69, 9.86730320, 42, 0.00118400000000918, 76882, 44.2, 40.6
base-unbalanced-1, 3, 200, 10, 10, 523.42, 7.19309345, , 0, , 44.6, 40.6
unbalanced-1, 3, 200, 10, 10, 725.99, 9.78477837, 32, 0.000588000000007582, 58662, 37.9, 35.9
base-unbalanced-1, 3, 200, 10, 10, 526.95, 7.17657865, , 0, , 43.2, 40.9
unbalanced-1, 3, 200, 10, 10, 726.90, 9.84200685, 25, 0.000778000000011048, 46073, 46.8, 41.4
base-unbalanced-1, 3, 200, 10, 10, 533.82, 7.23429411, , 0, , 42.2, 39.2
unbalanced-1, 3, 200, 10, 10, 734.76, 9.87076067, 28, 0.000898000000006505, 51447, 41.8, 38.2
base-unbalanced-1, 3, 200, 10, 10, 523.59, 7.19778026, , 0, , 38.4, 35.9
unbalanced-1, 3, 200, 10, 10, 729.29, 9.82861452, 21, 0.00103800000000831, 38668, 45.1, 41.4
base-unbalanced-1, 3, 200, 10, 10, 541.94, 7.24770601, , 0, , 45.1, 41.1
unbalanced-1, 3, 200, 10, 10, 714.05, 9.79149139, 29, 0.00375700000000734, 53076, 45.1, 41.9
base-unbalanced-1, 3, 200, 10, 10, 530.12, 7.22809366, , 0, , 43.6, 41.4
unbalanced-1, 3, 200, 10, 10, 735.68, 9.82223973, 15, 0.00213200000000313, 27912, 39.4, 36.8
base-unbalanced-1, 3, 200, 10, 10, 525.22, 7.19453988, , 0, , 46.9, 39.4
unbalanced-1, 3, 200, 10, 10, 734.88, 9.87457550, 28, 0.000979999999998427, 51524, 45.1, 39.8
base-unbalanced-1, 3, 200, 10, 10, 528.39, 7.18764812, , 0, , 46.1, 44.0
unbalanced-1, 3, 200, 10, 10, 713.96, 9.78782735, 26, 0.00178600000000984, 47646, 39.9, 36.9
base-unbalanced-1, 3, 200, 10, 10, 530.79, 7.23391401, , 0, , 41.8, 37.2
base-unbalanced-1, 3, 200, 25, 10, 533.85, 7.21546555, , 0, , 43.5, 40.6
unbalanced-1, 3, 200, 25, 10, 727.61, 9.82500647, 59, 0.000101000000000795, 107616, 41.2, 36.9
base-unbalanced-1, 3, 200, 25, 10, 541.66, 7.25821601, , 0, , 41.8, 39.9
unbalanced-1, 3, 200, 25, 10, 757.37, 9.92517646, 63, 0.000635000000002606, 115399, 41.5, 45.9
base-unbalanced-1, 3, 200, 25, 10, 538.57, 7.24580481, , 0, , 48.5, 40.4
unbalanced-1, 3, 200, 25, 10, 734.25, 9.89332722, 51, 0.000617000000005419, 93232, 41.8, 39.5
base-unbalanced-1, 3, 200, 25, 10, 528.41, 7.19725103, , 0, , 48.5, 38.8
unbalanced-1, 3, 200, 25, 10, 727.01, 9.82635144, 55, 0.000402000000008229, 100563, 41.8, 37.2
base-unbalanced-1, 3, 200, 25, 10, 519.64, 7.10976923, , 0, , 43.2, 40.6
unbalanced-1, 3, 200, 25, 10, 731.94, 9.90620715, 97, 2.80000000003611e-05, 176706, 43.6, 40.4
base-unbalanced-1, 3, 200, 25, 10, 535.12, 7.20873544, , 0, , 42.2, 37.2
unbalanced-1, 3, 200, 25, 10, 720.27, 9.83625918, 78, 0.00044100000000924, 142566, 44.1, 40.9
base-unbalanced-1, 3, 200, 25, 10, 525.16, 7.20264956, , 0, , 45.1, 41.9
unbalanced-1, 3, 200, 25, 10, 726.46, 9.86675030, 36, 0.000867999999996982, 65833, 45.2, 42.1
base-unbalanced-1, 3, 200, 25, 10, 537.23, 7.25084464, , 0, , 45.2, 41.1
unbalanced-1, 3, 200, 25, 10, 725.84, 9.83349699, 65, 0.000488000000004263, 118545, 47.1, 42.1
base-unbalanced-1, 3, 200, 25, 10, 538.45, 7.25261298, , 0, , 45.8, 38.8
unbalanced-1, 3, 200, 25, 10, 728.72, 9.82805831, 84, 0.000325000000003683, 153372, 44.5, 41.9
base-unbalanced-1, 3, 200, 25, 10, 523.92, 7.19972586, , 0, , 46.1, 40.6
unbalanced-1, 3, 200, 25, 10, 719.50, 9.87000887, 60, 0.000369000000006281, 109262, 43.0, 42.6
base-unbalanced-1, 3, 200, 25, 10, 539.50, 7.25143266, , 0, , 47.6, 42.2
unbalanced-1, 3, 200, 25, 10, 728.65, 9.86237358, 46, 0.00307999999999709, 84075, 43.8, 43.2
base-unbalanced-1, 3, 200, 25, 10, 527.34, 7.18261466, , 0, , 40.2, 36.8
unbalanced-1, 3, 200, 25, 10, 728.95, 9.83424300, 89, 0.000473999999996977, 162494, 46.6, 42.1
base-unbalanced-1, 3, 200, 25, 10, 527.30, 7.20474527, , 0, , 44.0, 42.1
unbalanced-1, 3, 200, 25, 10, 732.74, 9.90632567, 123, 0.000264000000001374, 223663, 45.5, 40.4
base-unbalanced-1, 3, 200, 25, 10, 529.97, 7.20304076, , 0, , 43.2, 41.4
unbalanced-1, 3, 200, 25, 10, 725.52, 9.82075875, 64, 0.000737000000000876, 116578, 48.5, 41.1
base-unbalanced-1, 3, 200, 25, 10, 546.20, 7.23077361, , 0, , 42.0, 42.2
unbalanced-1, 3, 200, 25, 10, 715.32, 9.78690616, 35, 1.9000000008873e-05, 64165, 43.2, 41.4
base-unbalanced-1, 3, 200, 25, 10, 539.25, 7.21825240, , 0, , 43.2, 45.1
unbalanced-1, 3, 200, 25, 10, 714.28, 9.78945249, 85, 0.000357000000008156, 155220, 45.6, 43.8
base-unbalanced-1, 3, 200, 25, 10, 541.10, 7.23044818, , 0, , 41.2, 36.2
unbalanced-1, 3, 200, 25, 10, 720.69, 9.82304088, 45, 0.00013700000000938, 82682, 40.8, 37.2
base-unbalanced-1, 3, 200, 25, 10, 533.92, 7.21180290, , 0, , 40.8, 37.8
unbalanced-1, 3, 200, 25, 10, 726.67, 9.80544846, 38, 0.00194799999999873, 69696, 44.6, 44.9
base-unbalanced-1, 3, 200, 25, 10, 545.06, 7.27674074, , 0, , 41.5, 43.5
unbalanced-1, 3, 200, 25, 10, 727.18, 9.87435759, 51, 0.000390000000010104, 93393, 43.2, 38.8
base-unbalanced-1, 3, 200, 25, 10, 528.36, 7.20098679, , 0, , 37.9, 36.4
unbalanced-1, 3, 200, 25, 10, 744.36, 9.93854878, 68, 0.00124800000000391, 124026, 50.5, 39.4
base-unbalanced-1, 3, 200, 25, 10, 542.66, 7.29584639, , 0, , 44.1, 42.6
unbalanced-1, 3, 200, 25, 10, 730.11, 9.87742411, 115, 0.000116000000005556, 209615, 39.4, 39.0
base-unbalanced-1, 3, 200, 25, 10, 529.67, 7.21294442, , 0, , 50.1, 42.2
unbalanced-1, 3, 200, 25, 10, 725.30, 9.85850811, 37, 0.00127600000000427, 67718, 38.9, 36.4
base-unbalanced-1, 3, 200, 25, 10, 538.24, 7.21978481, , 0, , 46.9, 40.9
unbalanced-1, 3, 200, 25, 10, 739.64, 9.90751826, 71, 0.000309000000001447, 129582, 43.6, 40.6
base-unbalanced-1, 3, 200, 25, 10, 536.47, 7.21166641, , 0, , 41.8, 40.4
unbalanced-1, 3, 200, 25, 10, 741.86, 9.85941955, 52, 0.000413000000008878, 95065, 37.6, 38.5
base-unbalanced-1, 3, 200, 25, 10, 538.14, 7.24191957, , 0, , 37.6, 37.2
unbalanced-1, 3, 200, 25, 10, 737.68, 9.87215066, 41, 0.00053200000000686, 75149, 40.4, 41.1
base-unbalanced-1, 3, 200, 25, 10, 527.68, 7.18853299, , 0, , 40.8, 37.5
unbalanced-1, 3, 200, 25, 10, 717.59, 9.77589765, 41, 0.00224900000000616, 75123, 38.9, 36.9
base-unbalanced-1, 3, 200, 25, 10, 539.78, 7.27452913, , 0, , 38.9, 38.0
unbalanced-1, 3, 200, 25, 10, 736.15, 9.86902296, 32, 0.0017480000000063, 58559, 44.5, 41.6
base-unbalanced-1, 3, 200, 25, 10, 541.15, 7.24349648, , 0, , 38.9, 37.0
unbalanced-1, 3, 200, 25, 10, 721.49, 9.78118371, 47, 0.00110700000000463, 86157, 38.4, 36.2
base-unbalanced-1, 3, 200, 25, 10, 527.69, 7.17190127, , 0, , 39.4, 37.2
unbalanced-1, 3, 200, 25, 10, 730.05, 9.83491058, 38, 0.000863000000009606, 69528, 42.8, 41.9
base-unbalanced-1, 3, 200, 25, 10, 533.59, 7.21218690, , 0, , 42.0, 39.0
unbalanced-1, 3, 200, 25, 10, 725.41, 9.82836695, 55, 0.000205000000008226, 100372, 42.2, 39.8
base-unbalanced-1, 3, 200, 25, 10, 539.65, 7.24789313, , 0, , 37.9, 36.9
