work,dimension,population_size,max_gens,alpha,steps,PKG,seconds,generations,diff_fitness,evaluations,die,initial_temp_1, initial_temp_2, final_temp_1, final_temp_2
base-microopt-3, 10, 400, 10, 10, 16, 341.79, 4.88057426, , 0, , 1, 28.0, 27.1, 45.0, 36.6
microopt-3, 10, 400, 10, 10, 16, 598.09, 7.15042617, 31, 8.028706, 100932, 1, 43.2, 39.8, 45.1, 36.6
base-microopt-3, 10, 400, 10, 10, 16, 370.61, 4.32485587, , 0, , 1, 50.5, 39.4, 40.2, 37.8
microopt-3, 10, 400, 10, 10, 16, 561.22, 6.98997563, 13, 15.085512, 43423, 1, 35.6, 35.4, 43.0, 39.2
base-microopt-3, 10, 400, 10, 10, 16, 340.37, 4.20241294, , 0, , 1, 44.1, 41.4, 42.8, 37.8
microopt-3, 10, 400, 10, 10, 16, 532.05, 6.70411660, 23, 6.70805000000001, 75506, 1, 36.4, 33.0, 42.2, 38.2
base-microopt-3, 10, 400, 10, 10, 16, 329.83, 4.14630313, , 0, , 1, 39.1, 35.4, 42.8, 38.8
microopt-3, 10, 400, 10, 10, 16, 616.87, 7.11911917, 30, 5.89974799999999, 97685, 1, 44.6, 40.1, 45.1, 41.1
base-microopt-3, 10, 400, 10, 10, 16, 331.99, 4.14694591, , 0, , 1, 46.6, 45.5, 39.8, 36.1
microopt-3, 10, 400, 10, 10, 16, 272.26, 5.33443707, 18, 12.096984, 60000, 1, 41.2, 39.2, 38.9, 35.6
base-microopt-3, 10, 400, 10, 10, 16, 188.39, 3.72059908, , 0, , 1, 33.5, 30.6, 32.5, 30.6
microopt-3, 10, 400, 10, 10, 16, 292.69, 5.98122195, 57, 4.97906599999999, 184987, 1, 37.9, 34.9, 32.5, 29.4
base-microopt-3, 10, 400, 10, 10, 16, 181.80, 3.69120459, , 0, , 1, 31.5, 29.6, 34.4, 29.6
microopt-3, 10, 400, 10, 10, 16, 285.66, 6.00148776, 29, 4.47585500000002, 95585, 1, 33.0, 30.1, 36.1, 29.4
base-microopt-3, 10, 400, 10, 10, 16, 175.58, 3.69641662, , 0, , 1, 34.8, 29.9, 36.6, 31.8
microopt-3, 10, 400, 10, 10, 16, 290.72, 5.94321308, 15, 12.364634, 50055, 1, 36.4, 31.8, 39.4, 34.6
base-microopt-3, 10, 400, 10, 10, 16, 180.34, 3.71403693, , 0, , 1, 34.5, 31.6, 36.4, 33.8
microopt-3, 10, 400, 10, 10, 16, 420.78, 6.52552846, 51, 5.55374399999999, 164407, 1, 37.1, 33.9, 37.9, 35.6
base-microopt-3, 10, 400, 10, 10, 16, 188.16, 3.70936873, , 0, , 1, 41.2, 40.1, 30.6, 30.1
microopt-3, 10, 400, 10, 10, 16, 359.83, 6.22371649, 30, 8.09322200000003, 98334, 1, 31.0, 29.6, 37.4, 34.6
base-microopt-3, 10, 400, 10, 10, 16, 290.26, 4.08595052, , 0, , 1, 43.0, 38.0, 39.8, 34.1
microopt-3, 10, 400, 10, 10, 16, 345.53, 6.15512086, 25, 7.663141, 82027, 1, 42.2, 38.2, 33.8, 29.6
base-microopt-3, 10, 400, 10, 10, 16, 250.31, 3.91971514, , 0, , 1, 32.5, 30.6, 37.9, 32.8
microopt-3, 10, 400, 10, 10, 16, 404.06, 6.35500318, 37, 1.26731899999999, 121026, 1, 34.0, 31.8, 43.2, 39.2
base-microopt-3, 10, 400, 10, 10, 16, 212.24, 3.75960469, , 0, , 1, 44.6, 40.6, 39.4, 30.1
microopt-3, 10, 400, 10, 10, 16, 522.21, 6.89437384, 19, 7.77500500000002, 63295, 1, 38.9, 32.5, 36.4, 33.0
base-microopt-3, 10, 400, 10, 10, 16, 289.57, 4.10626568, , 0, , 1, 37.9, 33.8, 34.8, 30.5
microopt-3, 10, 400, 10, 10, 16, 360.53, 6.27576745, 26, 9.21446800000001, 85696, 1, 34.8, 31.0, 38.4, 34.1
base-microopt-3, 10, 400, 10, 10, 16, 203.24, 3.76790719, , 0, , 1, 38.9, 35.6, 41.8, 37.8
microopt-3, 10, 400, 10, 10, 16, 444.44, 6.54205124, 23, 11.812742, 75764, 1, 35.8, 34.9, 41.5, 34.6
base-microopt-3, 10, 400, 10, 10, 16, 222.61, 3.86480820, , 0, , 1, 36.4, 33.0, 43.2, 40.1
microopt-3, 10, 400, 10, 10, 16, 407.31, 6.40317761, 16, 9.59527700000001, 52925, 1, 44.5, 43.2, 35.9, 30.5
base-microopt-3, 10, 400, 10, 10, 16, 264.01, 4.01505375, , 0, , 1, 35.2, 30.4, 32.2, 30.5
microopt-3, 10, 400, 10, 10, 16, 514.80, 6.93866505, 27, 7.74890299999998, 88592, 1, 32.5, 30.5, 34.5, 32.5
base-microopt-3, 10, 400, 10, 10, 16, 295.35, 4.18379801, , 0, , 1, 39.4, 35.9, 37.1, 32.0
microopt-3, 10, 400, 10, 10, 16, 316.62, 6.04996314, 20, 8.23167999999998, 66167, 1, 35.2, 32.0, 33.8, 31.0
base-microopt-3, 10, 400, 10, 10, 16, 226.06, 3.79560607, , 0, , 1, 42.2, 31.2, 36.1, 30.1
microopt-3, 10, 400, 10, 10, 16, 482.83, 6.40444668, 34, 6.64057100000002, 110785, 1, 37.9, 33.0, 34.0, 31.5
base-microopt-3, 10, 400, 10, 10, 16, 230.74, 3.83909152, , 0, , 1, 33.5, 32.5, 32.8, 30.1
microopt-3, 10, 400, 10, 10, 16, 327.68, 6.02157866, 55, 3.986602, 177450, 1, 32.5, 30.5, 32.0, 30.1
base-microopt-3, 10, 400, 10, 10, 16, 199.18, 3.70828840, , 0, , 1, 32.5, 30.1, 34.0, 32.5
microopt-3, 10, 400, 10, 10, 16, 329.53, 5.51413447, 37, 7.27178400000003, 120382, 1, 34.0, 32.0, 32.0, 30.1
base-microopt-3, 10, 400, 10, 10, 16, 218.30, 3.80557808, , 0, , 1, 31.5, 30.1, 42.8, 40.6
microopt-3, 10, 400, 10, 10, 16, 422.95, 5.84165164, 35, 7.24935199999999, 113943, 1, 45.2, 43.5, 59.6, 34.0
base-microopt-3, 10, 400, 10, 10, 16, 347.94, 4.24183439, , 0, , 1, 70.4, 35.9, 48.9, 32.0
microopt-3, 10, 400, 10, 10, 16, 449.92, 6.35066108, 25, 9.42801400000002, 82741, 1, 67.4, 32.0, 60.6, 32.0
base-microopt-3, 10, 400, 10, 10, 16, 248.24, 3.83793324, , 0, , 1, 66.5, 32.5, 33.2, 31.0
microopt-3, 10, 400, 10, 10, 16, 334.82, 6.07316586, 15, 4.80087800000001, 49801, 1, 32.5, 31.5, 32.8, 30.5
base-microopt-3, 10, 400, 10, 10, 16, 199.68, 3.71017974, , 0, , 1, 32.5, 30.5, 32.0, 30.1
microopt-3, 10, 400, 10, 10, 16, 326.60, 6.04636775, 16, 7.71720199999999, 52863, 1, 32.2, 31.0, 32.5, 30.5
base-microopt-3, 10, 400, 10, 10, 16, 189.58, 3.69737036, , 0, , 1, 32.0, 30.5, 34.0, 31.0
microopt-3, 10, 400, 10, 10, 16, 324.81, 6.07434505, 24, 9.52767699999998, 78300, 1, 33.0, 31.4, 36.9, 31.0
base-microopt-3, 10, 400, 10, 10, 16, 183.38, 3.66623296, , 0, , 1, 34.5, 32.0, 33.0, 30.5
microopt-3, 10, 400, 10, 10, 16, 299.86, 5.96906691, 50, 6.70548700000001, 162131, 1, 33.0, 31.0, 34.5, 29.6
base-microopt-3, 10, 400, 10, 10, 16, 203.17, 3.70891753, , 0, , 1, 34.5, 30.1, 32.2, 29.6
microopt-3, 10, 400, 10, 10, 16, 300.95, 5.98985363, 14, 7.88820099999998, 46577, 1, 34.2, 30.1, 34.8, 29.1
base-microopt-3, 10, 400, 10, 10, 16, 188.92, 3.72272598, , 0, , 1, 35.9, 30.1, 33.0, 29.6
microopt-3, 10, 400, 10, 10, 16, 347.79, 6.11386754, 34, 11.90333, 112252, 1, 32.0, 30.1, 33.0, 30.1
base-microopt-3, 10, 400, 10, 10, 16, 203.78, 3.74318186, , 0, , 1, 32.0, 30.1, 35.4, 34.0
microopt-3, 10, 400, 10, 10, 16, 324.23, 6.00086494, 14, 4.94928900000002, 46708, 1, 39.9, 32.0, 35.9, 32.0
base-microopt-3, 10, 400, 10, 10, 16, 182.57, 3.66779305, , 0, , 1, 34.0, 32.0, 37.6, 30.1
base-microopt-3, 10, 400, 10, 10, 64, 217.38, 3.76817155, , 0, , 1, 32.0, 30.5, 38.1, 32.5
microopt-3, 10, 400, 10, 10, 64, 327.60, 6.07390595, 23, 6.77066500000001, 75634, 1, 34.8, 32.5, 33.8, 30.1
base-microopt-3, 10, 400, 10, 10, 64, 195.32, 3.71263327, , 0, , 1, 32.5, 29.6, 32.0, 30.1
microopt-3, 10, 400, 10, 10, 64, 355.79, 6.12482602, 21, 10.252307, 69090, 1, 32.0, 30.5, 32.0, 30.5
base-microopt-3, 10, 400, 10, 10, 64, 202.43, 3.74956688, , 0, , 1, 32.5, 30.5, 33.5, 32.0
microopt-3, 10, 400, 10, 10, 64, 314.19, 5.96964687, 29, 10.485731, 95268, 1, 34.0, 32.0, 34.8, 31.5
base-microopt-3, 10, 400, 10, 10, 64, 219.06, 3.76243341, , 0, , 1, 41.8, 38.8, 32.5, 30.5
microopt-3, 10, 400, 10, 10, 64, 274.29, 5.27506830, 32, 7.61359599999997, 104187, 1, 33.0, 31.0, 34.2, 30.5
base-microopt-3, 10, 400, 10, 10, 64, 186.67, 3.68111340, , 0, , 1, 33.5, 31.0, 33.8, 30.1
microopt-3, 10, 400, 10, 10, 64, 310.24, 5.96428647, 27, 11.38404, 88854, 1, 32.2, 30.1, 32.5, 30.5
base-microopt-3, 10, 400, 10, 10, 64, 205.42, 3.72368378, , 0, , 1, 32.5, 31.0, 32.5, 31.0
microopt-3, 10, 400, 10, 10, 64, 334.27, 6.08367306, 36, 11.10911, 116505, 1, 32.5, 30.5, 33.8, 30.5
base-microopt-3, 10, 400, 10, 10, 64, 176.92, 3.64766884, , 0, , 1, 33.0, 30.5, 37.9, 30.5
microopt-3, 10, 400, 10, 10, 64, 306.28, 5.99438389, 16, 6.594336, 53089, 1, 33.5, 31.0, 37.4, 32.0
base-microopt-3, 10, 400, 10, 10, 64, 204.03, 3.76434496, , 0, , 1, 37.9, 34.4, 32.8, 30.5
microopt-3, 10, 400, 10, 10, 64, 297.69, 5.90010010, 16, 8.05740100000003, 53440, 1, 32.0, 30.1, 34.9, 30.5
base-microopt-3, 10, 400, 10, 10, 64, 203.94, 3.71878173, , 0, , 1, 33.0, 30.5, 34.5, 30.5
microopt-3, 10, 400, 10, 10, 64, 315.79, 6.06080058, 38, 10.041254, 123659, 1, 32.5, 30.5, 34.5, 31.1
base-microopt-3, 10, 400, 10, 10, 64, 213.48, 3.73186789, , 0, , 1, 37.9, 35.9, 34.2, 30.9
microopt-3, 10, 400, 10, 10, 64, 328.85, 6.05502459, 13, 3.83574199999998, 43412, 1, 33.2, 30.5, 34.2, 31.0
base-microopt-3, 10, 400, 10, 10, 64, 204.63, 3.75651966, , 0, , 1, 36.9, 32.0, 34.0, 31.5
microopt-3, 10, 400, 10, 10, 64, 329.64, 6.17218439, 12, 11.281081, 40200, 1, 40.4, 32.0, 33.2, 30.1
base-microopt-3, 10, 400, 10, 10, 64, 212.49, 3.74296436, , 0, , 1, 33.5, 30.5, 33.0, 30.1
microopt-3, 10, 400, 10, 10, 64, 312.26, 5.99649225, 15, 10.532078, 49968, 1, 32.0, 30.5, 33.2, 30.5
base-microopt-3, 10, 400, 10, 10, 64, 221.36, 3.78106515, , 0, , 1, 32.5, 30.5, 34.8, 31.0
microopt-3, 10, 400, 10, 10, 64, 343.78, 6.13303492, 53, 7.42887200000001, 172662, 1, 34.0, 31.0, 42.8, 39.8
base-microopt-3, 10, 400, 10, 10, 64, 281.07, 4.01972215, , 0, , 1, 35.4, 34.0, 69.8, 40.9
microopt-3, 10, 400, 10, 10, 64, 548.73, 7.00921901, 20, 7.00190800000001, 66169, 1, 72.8, 35.9, 33.0, 31.0
base-microopt-3, 10, 400, 10, 10, 64, 222.98, 3.81412688, , 0, , 1, 33.0, 31.0, 32.5, 30.5
microopt-3, 10, 400, 10, 10, 64, 511.78, 6.83578373, 27, 12.031365, 88905, 1, 32.5, 30.5, 34.9, 32.0
base-microopt-3, 10, 400, 10, 10, 64, 246.23, 3.93723488, , 0, , 1, 44.8, 31.5, 33.0, 31.0
microopt-3, 10, 400, 10, 10, 64, 317.35, 6.04561191, 13, 9.21204999999998, 43745, 1, 33.0, 31.0, 42.2, 31.0
base-microopt-3, 10, 400, 10, 10, 64, 225.40, 3.85588655, , 0, , 1, 33.5, 31.5, 40.8, 38.8
microopt-3, 10, 400, 10, 10, 64, 451.81, 6.66044981, 43, 6.176109, 140216, 1, 36.9, 35.9, 39.8, 34.9
base-microopt-3, 10, 400, 10, 10, 64, 289.48, 4.12799543, , 0, , 1, 37.9, 33.5, 34.0, 32.0
microopt-3, 10, 400, 10, 10, 64, 502.60, 6.90115287, 18, 8.35935599999999, 59373, 1, 34.2, 32.5, 39.4, 37.2
base-microopt-3, 10, 400, 10, 10, 64, 268.54, 4.07884717, , 0, , 1, 44.6, 40.6, 44.0, 42.8
microopt-3, 10, 400, 10, 10, 64, 387.26, 6.31617369, 26, 7.35136699999998, 85213, 1, 40.6, 38.2, 32.5, 30.5
base-microopt-3, 10, 400, 10, 10, 64, 232.07, 3.86666373, , 0, , 1, 33.0, 31.0, 35.4, 33.0
microopt-3, 10, 400, 10, 10, 64, 454.40, 6.59559305, 25, 8.88443599999999, 82463, 1, 35.4, 32.5, 35.0, 33.0
base-microopt-3, 10, 400, 10, 10, 64, 241.18, 3.95831528, , 0, , 1, 36.1, 33.0, 37.1, 32.5
microopt-3, 10, 400, 10, 10, 64, 389.27, 6.38013161, 16, 11.940356, 53449, 1, 35.9, 33.0, 38.4, 35.4
base-microopt-3, 10, 400, 10, 10, 64, 241.05, 3.92253838, , 0, , 1, 46.4, 39.0, 48.4, 35.1
microopt-3, 10, 400, 10, 10, 64, 434.92, 6.60113206, 18, 8.36676999999997, 59678, 1, 41.8, 37.5, 40.4, 35.9
base-microopt-3, 10, 400, 10, 10, 64, 286.85, 4.16360187, , 0, , 1, 45.8, 36.6, 35.4, 32.0
microopt-3, 10, 400, 10, 10, 64, 410.66, 6.43494942, 21, 7.590486, 69498, 1, 35.0, 33.0, 34.0, 32.0
base-microopt-3, 10, 400, 10, 10, 64, 212.46, 3.78099752, , 0, , 1, 36.4, 32.0, 34.5, 31.5
microopt-3, 10, 400, 10, 10, 64, 346.12, 6.20176936, 24, 6.97695299999998, 79072, 1, 33.5, 31.0, 49.9, 35.9
base-microopt-3, 10, 400, 10, 10, 64, 285.91, 4.12236296, , 0, , 1, 43.6, 38.5, 34.8, 31.5
microopt-3, 10, 400, 10, 10, 64, 373.86, 5.73249645, 19, 13.33695, 63418, 1, 34.0, 31.5, 40.6, 34.6
base-microopt-3, 10, 400, 10, 10, 64, 276.72, 4.05875359, , 0, , 1, 39.4, 36.5, 36.4, 33.0
microopt-3, 10, 400, 10, 10, 64, 403.74, 6.42236332, 32, 10.086951, 104758, 1, 35.8, 32.5, 34.2, 32.0
base-microopt-3, 10, 400, 10, 10, 64, 306.71, 4.12328799, , 0, , 1, 34.0, 32.0, 35.0, 32.5
microopt-3, 10, 400, 10, 10, 64, 387.68, 6.47522223, 14, 15.247632, 46895, 1, 35.4, 33.0, 48.9, 35.4
base-microopt-3, 10, 400, 10, 10, 64, 265.61, 4.09007768, , 0, , 1, 42.8, 38.8, 36.6, 33.0
microopt-3, 10, 400, 10, 10, 64, 402.15, 6.38382077, 22, 11.496962, 72619, 1, 39.6, 33.0, 35.0, 32.0
base-microopt-3, 10, 400, 10, 10, 64, 272.01, 4.13817936, , 0, , 1, 34.5, 32.0, 33.5, 31.5
microopt-3, 10, 400, 10, 10, 64, 301.00, 5.94535365, 18, 8.456884, 59513, 1, 34.0, 32.0, 34.5, 32.5
base-microopt-3, 10, 400, 10, 10, 64, 206.98, 3.74630287, , 0, , 1, 34.8, 32.5, 34.0, 31.0
microopt-3, 10, 400, 10, 10, 64, 326.56, 6.01886059, 16, 10.503066, 53083, 1, 33.5, 31.5, 33.5, 31.0
base-microopt-3, 10, 400, 10, 10, 64, 193.28, 3.73300622, , 0, , 1, 33.2, 30.5, 57.0, 30.9
base-microopt-3, 10, 400, 25, 10, 16, 189.23, 3.69298745, , 0, , 1, 64.4, 31.5, 36.4, 31.0
microopt-3, 10, 400, 25, 10, 16, 317.47, 6.02895717, 46, 7.29652599999997, 148866, 1, 35.0, 31.5, 34.0, 31.0
base-microopt-3, 10, 400, 25, 10, 16, 228.76, 3.90257541, , 0, , 1, 34.5, 31.5, 36.4, 32.5
microopt-3, 10, 400, 25, 10, 16, 435.81, 6.57618300, 39, 5.92077599999999, 126665, 1, 41.5, 35.6, 41.0, 37.5
base-microopt-3, 10, 400, 25, 10, 16, 182.53, 3.69438662, , 0, , 1, 36.9, 33.2, 34.5, 32.0
microopt-3, 10, 400, 25, 10, 16, 349.31, 6.16302744, 106, 6.82131800000002, 339028, 1, 34.0, 32.5, 34.4, 32.0
base-microopt-3, 10, 400, 25, 10, 16, 245.18, 3.95528307, , 0, , 1, 34.9, 32.5, 34.5, 31.5
microopt-3, 10, 400, 25, 10, 16, 497.40, 7.00549012, 41, 10.073696, 132915, 1, 34.8, 31.5, 42.2, 35.9
base-microopt-3, 10, 400, 25, 10, 16, 287.13, 4.13834409, , 0, , 1, 43.0, 34.5, 39.9, 33.4
microopt-3, 10, 400, 25, 10, 16, 446.59, 6.58671543, 72, 7.03446700000001, 231646, 1, 36.4, 33.0, 35.4, 32.5
base-microopt-3, 10, 400, 25, 10, 16, 251.75, 3.92779401, , 0, , 1, 35.0, 32.5, 34.8, 32.0
microopt-3, 10, 400, 25, 10, 16, 406.86, 6.40541536, 73, 8.49013300000001, 234715, 1, 35.8, 32.5, 33.0, 31.5
base-microopt-3, 10, 400, 25, 10, 16, 188.18, 3.68721072, , 0, , 1, 33.2, 31.0, 34.5, 31.5
microopt-3, 10, 400, 25, 10, 16, 323.20, 6.05804755, 34, 7.94115399999998, 110400, 1, 34.0, 32.0, 36.9, 33.0
base-microopt-3, 10, 400, 25, 10, 16, 201.02, 3.72558008, , 0, , 1, 35.0, 33.4, 33.5, 32.0
microopt-3, 10, 400, 25, 10, 16, 349.83, 6.13534203, 54, 7.82382699999999, 174098, 1, 33.0, 31.5, 33.5, 33.0
base-microopt-3, 10, 400, 25, 10, 16, 201.68, 3.74154950, , 0, , 1, 34.0, 33.0, 38.1, 35.9
microopt-3, 10, 400, 25, 10, 16, 343.47, 6.11470079, 40, 8.353702, 129508, 1, 34.9, 33.0, 34.5, 33.0
base-microopt-3, 10, 400, 25, 10, 16, 204.16, 3.73750296, , 0, , 1, 37.9, 33.8, 34.0, 30.5
microopt-3, 10, 400, 25, 10, 16, 326.66, 5.58138791, 64, 5.61347999999998, 207409, 1, 37.6, 31.5, 35.8, 31.5
base-microopt-3, 10, 400, 25, 10, 16, 229.61, 3.86470171, , 0, , 1, 35.4, 31.5, 34.5, 32.5
microopt-3, 10, 400, 25, 10, 16, 381.12, 6.36178384, 50, 4.00256999999999, 161596, 1, 35.9, 32.5, 41.0, 39.0
base-microopt-3, 10, 400, 25, 10, 16, 293.53, 4.19928525, , 0, , 1, 50.4, 38.2, 37.9, 33.0
microopt-3, 10, 400, 25, 10, 16, 411.04, 6.44430965, 33, 9.11103600000001, 108286, 1, 36.4, 33.4, 41.8, 36.1
base-microopt-3, 10, 400, 25, 10, 16, 304.64, 4.21747865, , 0, , 1, 44.2, 38.2, 35.0, 33.0
microopt-3, 10, 400, 25, 10, 16, 389.05, 6.38922018, 57, 7.19491599999998, 183741, 1, 35.8, 33.4, 50.6, 35.4
base-microopt-3, 10, 400, 25, 10, 16, 284.13, 4.15047404, , 0, , 1, 36.9, 34.4, 35.2, 32.5
microopt-3, 10, 400, 25, 10, 16, 412.09, 6.53703766, 44, 6.88016199999998, 141954, 1, 34.5, 32.0, 39.1, 32.5
base-microopt-3, 10, 400, 25, 10, 16, 229.48, 3.90284201, , 0, , 1, 37.1, 32.5, 42.0, 32.5
microopt-3, 10, 400, 25, 10, 16, 444.44, 6.63331294, 67, 4.96240799999998, 214985, 1, 37.6, 32.8, 35.0, 33.0
base-microopt-3, 10, 400, 25, 10, 16, 199.43, 3.73399451, , 0, , 1, 35.2, 32.5, 41.8, 42.8
microopt-3, 10, 400, 25, 10, 16, 353.18, 6.23409407, 83, 6.83299299999999, 267096, 1, 39.9, 38.2, 34.5, 31.5
base-microopt-3, 10, 400, 25, 10, 16, 277.91, 4.07193331, , 0, , 1, 33.5, 31.5, 39.4, 33.0
microopt-3, 10, 400, 25, 10, 16, 388.67, 5.89313877, 41, 4.18355700000001, 132768, 1, 35.2, 32.5, 35.9, 33.9
base-microopt-3, 10, 400, 25, 10, 16, 266.64, 4.02796539, , 0, , 1, 36.9, 33.9, 34.5, 32.5
microopt-3, 10, 400, 25, 10, 16, 483.52, 6.78307526, 74, 4.62603899999999, 238601, 1, 34.5, 32.5, 37.1, 34.9
base-microopt-3, 10, 400, 25, 10, 16, 270.61, 4.08897210, , 0, , 1, 36.4, 34.9, 35.0, 33.0
microopt-3, 10, 400, 25, 10, 16, 366.39, 6.27970354, 56, 5.14849400000003, 180987, 1, 35.2, 32.5, 35.8, 33.0
base-microopt-3, 10, 400, 25, 10, 16, 276.12, 4.05414336, , 0, , 1, 35.0, 33.0, 38.4, 35.1
microopt-3, 10, 400, 25, 10, 16, 371.46, 6.32737307, 42, 4.60841799999997, 135342, 1, 35.9, 33.4, 36.4, 33.9
base-microopt-3, 10, 400, 25, 10, 16, 283.55, 4.16123722, , 0, , 1, 36.6, 34.4, 36.4, 33.0
microopt-3, 10, 400, 25, 10, 16, 384.34, 6.37053498, 38, 6.93100600000002, 123284, 1, 35.9, 33.0, 37.4, 32.5
base-microopt-3, 10, 400, 25, 10, 16, 191.26, 3.71258406, , 0, , 1, 35.8, 32.0, 40.2, 36.1
microopt-3, 10, 400, 25, 10, 16, 385.09, 6.32713588, 81, 4.40006399999999, 260413, 1, 35.8, 33.4, 34.5, 33.0
base-microopt-3, 10, 400, 25, 10, 16, 269.58, 4.08545035, , 0, , 1, 34.5, 33.0, 46.4, 37.0
microopt-3, 10, 400, 25, 10, 16, 494.64, 6.86849710, 38, 4.41347500000001, 123572, 1, 37.9, 35.4, 37.6, 34.9
base-microopt-3, 10, 400, 25, 10, 16, 263.23, 4.04055528, , 0, , 1, 44.2, 35.4, 40.8, 37.8
microopt-3, 10, 400, 25, 10, 16, 408.47, 6.46956750, 76, 5.043363, 242844, 1, 48.6, 41.4, 41.2, 33.4
base-microopt-3, 10, 400, 25, 10, 16, 239.10, 3.93886382, , 0, , 1, 35.4, 33.4, 35.0, 32.0
microopt-3, 10, 400, 25, 10, 16, 400.20, 5.84505988, 46, 11.929775, 149156, 1, 34.8, 32.0, 34.5, 32.0
base-microopt-3, 10, 400, 25, 10, 16, 191.14, 3.70911741, , 0, , 1, 35.0, 32.0, 33.5, 32.0
microopt-3, 10, 400, 25, 10, 16, 383.16, 6.32700975, 54, 10.885666, 173962, 1, 33.8, 31.5, 40.8, 36.1
base-microopt-3, 10, 400, 25, 10, 16, 327.76, 4.30794124, , 0, , 1, 37.4, 34.0, 35.4, 33.9
microopt-3, 10, 400, 25, 10, 16, 429.17, 6.60926605, 37, 5.08606200000003, 120732, 1, 35.9, 33.9, 41.4, 34.9
base-microopt-3, 10, 400, 25, 10, 16, 237.73, 3.92043019, , 0, , 1, 41.0, 37.8, 39.1, 34.0
microopt-3, 10, 400, 25, 10, 16, 362.15, 6.21112544, 84, 5.46797600000002, 270751, 1, 44.8, 41.1, 35.2, 31.5
base-microopt-3, 10, 400, 25, 10, 16, 198.98, 3.76910936, , 0, , 1, 34.2, 32.5, 37.9, 34.6
microopt-3, 10, 400, 25, 10, 16, 337.64, 6.11990028, 45, 10.182551, 146025, 1, 36.6, 34.0, 33.2, 31.5
base-microopt-3, 10, 400, 25, 10, 16, 271.12, 4.08157980, , 0, , 1, 33.5, 31.5, 44.5, 40.1
microopt-3, 10, 400, 25, 10, 16, 420.33, 6.54062517, 46, 7.79738099999997, 148254, 1, 39.8, 35.9, 36.9, 34.9
base-microopt-3, 10, 400, 25, 10, 16, 218.96, 3.86722028, , 0, , 1, 35.4, 34.9, 35.0, 32.5
base-microopt-3, 10, 400, 25, 10, 64, 303.35, 4.25995317, , 0, , 1, 34.5, 32.5, 56.6, 38.2
microopt-3, 10, 400, 25, 10, 64, 313.03, 5.52238603, 35, 2.92363799999998, 113782, 1, 50.4, 38.2, 35.0, 32.0
base-microopt-3, 10, 400, 25, 10, 64, 225.24, 3.84262082, , 0, , 1, 34.2, 32.0, 34.5, 32.5
microopt-3, 10, 400, 25, 10, 64, 449.70, 6.78715188, 50, 10.086296, 162180, 1, 34.5, 32.5, 36.1, 32.5
base-microopt-3, 10, 400, 25, 10, 64, 243.95, 3.90948826, , 0, , 1, 35.4, 32.5, 35.2, 33.0
microopt-3, 10, 400, 25, 10, 64, 382.36, 6.40507272, 64, 8.15934299999998, 206396, 1, 36.4, 35.6, 36.4, 31.5
base-microopt-3, 10, 400, 25, 10, 64, 313.45, 4.27696533, , 0, , 1, 33.5, 32.0, 38.6, 36.4
microopt-3, 10, 400, 25, 10, 64, 330.56, 6.07244629, 61, 6.157804, 197113, 1, 38.4, 35.4, 36.4, 32.5
base-microopt-3, 10, 400, 25, 10, 64, 191.18, 3.70673726, , 0, , 1, 35.9, 33.0, 34.5, 32.0
microopt-3, 10, 400, 25, 10, 64, 331.58, 6.10852438, 34, 4.78179799999998, 110869, 1, 34.0, 32.5, 33.5, 32.0
base-microopt-3, 10, 400, 25, 10, 64, 230.36, 3.82257258, , 0, , 1, 33.5, 33.0, 38.4, 34.9
microopt-3, 10, 400, 25, 10, 64, 342.18, 5.54538836, 46, 6.62608799999998, 149602, 1, 40.1, 34.9, 35.0, 33.0
base-microopt-3, 10, 400, 25, 10, 64, 221.41, 3.83063769, , 0, , 1, 36.1, 34.0, 44.1, 40.1
microopt-3, 10, 400, 25, 10, 64, 527.37, 7.00658977, 35, 7.09120999999999, 114448, 1, 45.4, 43.0, 36.4, 33.9
base-microopt-3, 10, 400, 25, 10, 64, 303.26, 4.16490703, , 0, , 1, 38.1, 33.4, 37.6, 35.4
microopt-3, 10, 400, 25, 10, 64, 346.20, 6.13939702, 67, 3.87007999999997, 215859, 1, 38.9, 35.4, 36.9, 34.1
base-microopt-3, 10, 400, 25, 10, 64, 320.73, 4.27776867, , 0, , 1, 36.9, 33.9, 48.4, 43.8
microopt-3, 10, 400, 25, 10, 64, 412.29, 6.60557251, 74, 7.43027599999999, 238981, 1, 49.5, 43.8, 55.8, 34.4
base-microopt-3, 10, 400, 25, 10, 64, 220.12, 3.87139488, , 0, , 1, 38.1, 33.9, 36.9, 33.9
microopt-3, 10, 400, 25, 10, 64, 506.39, 6.94391161, 49, 3.70347299999997, 157656, 1, 37.9, 34.4, 37.1, 33.0
base-microopt-3, 10, 400, 25, 10, 64, 399.62, 4.66519734, , 0, , 1, 35.8, 33.4, 43.2, 38.8
microopt-3, 10, 400, 25, 10, 64, 785.77, 8.48619953, 58, 4.54097899999999, 186906, 1, 44.6, 42.1, 42.8, 38.8
base-microopt-3, 10, 400, 25, 10, 64, 396.32, 4.62388594, , 0, , 1, 51.8, 40.6, 40.8, 38.2
microopt-3, 10, 400, 25, 10, 64, 689.46, 7.84685535, 48, 10.454993, 155476, 1, 43.0, 39.5, 42.2, 38.8
base-microopt-3, 10, 400, 25, 10, 64, 442.89, 4.91724273, , 0, , 1, 52.1, 41.6, 38.9, 36.6
microopt-3, 10, 400, 25, 10, 64, 666.39, 7.74441874, 51, 5.25370500000002, 165168, 1, 38.9, 37.2, 38.4, 34.9
base-microopt-3, 10, 400, 25, 10, 64, 433.67, 4.88997608, , 0, , 1, 51.2, 37.8, 47.6, 42.6
microopt-3, 10, 400, 25, 10, 64, 769.81, 8.35475124, 44, 8.62441799999999, 142951, 1, 41.2, 38.8, 46.1, 45.6
base-microopt-3, 10, 400, 25, 10, 64, 466.27, 5.09197096, , 0, , 1, 43.8, 39.2, 38.9, 36.2
microopt-3, 10, 400, 25, 10, 64, 706.48, 7.74604432, 32, 6.63640800000002, 104416, 2, 38.6, 39.4, 39.9, 38.5
base-microopt-3, 10, 400, 25, 10, 64, 443.00, 4.92758277, , 0, , 1, 39.9, 38.5, 41.8, 40.1
microopt-3, 10, 400, 25, 10, 64, 753.97, 8.22405064, 98, 3.80297000000002, 313939, 1, 40.2, 38.8, 42.2, 39.8
base-microopt-3, 10, 400, 25, 10, 64, 474.00, 5.12089513, , 0, , 1, 46.8, 45.0, 48.5, 41.4
microopt-3, 10, 400, 25, 10, 64, 779.44, 8.48753586, 32, 7.04829999999998, 104227, 1, 41.5, 39.9, 42.2, 40.1
base-microopt-3, 10, 400, 25, 10, 64, 457.26, 5.03732836, , 0, , 1, 50.6, 41.6, 42.2, 39.4
microopt-3, 10, 400, 25, 10, 64, 442.58, 6.60037076, 84, 4.23373900000001, 267398, 1, 40.8, 38.2, 37.9, 33.9
base-microopt-3, 10, 400, 25, 10, 64, 236.51, 3.90928237, , 0, , 1, 36.9, 33.9, 42.5, 34.6
microopt-3, 10, 400, 25, 10, 64, 355.57, 6.25156174, 40, 6.24289599999997, 130044, 1, 41.8, 38.0, 35.8, 32.5
base-microopt-3, 10, 400, 25, 10, 64, 246.02, 3.91051805, , 0, , 1, 35.8, 33.0, 38.4, 34.4
microopt-3, 10, 400, 25, 10, 64, 373.88, 6.31164196, 60, 7.055071, 194349, 1, 37.4, 34.9, 37.4, 35.6
base-microopt-3, 10, 400, 25, 10, 64, 197.83, 3.71543153, , 0, , 1, 36.4, 34.6, 34.5, 33.0
microopt-3, 10, 400, 25, 10, 64, 389.29, 6.31007591, 55, 6.45226100000002, 175220, 1, 54.9, 33.4, 35.0, 33.0
base-microopt-3, 10, 400, 25, 10, 64, 224.46, 3.80508641, , 0, , 1, 35.2, 33.4, 35.4, 33.9
microopt-3, 10, 400, 25, 10, 64, 363.13, 6.26976447, 43, 7.27162199999998, 138309, 1, 36.1, 33.9, 35.9, 33.4
base-microopt-3, 10, 400, 25, 10, 64, 240.82, 3.90970774, , 0, , 1, 36.1, 33.9, 35.0, 33.0
microopt-3, 10, 400, 25, 10, 64, 379.06, 6.33120373, 46, 7.08491500000002, 148597, 1, 35.0, 33.0, 38.4, 33.4
base-microopt-3, 10, 400, 25, 10, 64, 262.81, 4.04940155, , 0, , 1, 35.4, 33.4, 35.0, 33.0
microopt-3, 10, 400, 25, 10, 64, 331.05, 5.59297335, 33, 8.14517599999999, 107344, 1, 34.5, 33.0, 37.4, 33.0
base-microopt-3, 10, 400, 25, 10, 64, 219.91, 3.90193678, , 0, , 1, 36.4, 33.0, 37.1, 33.4
microopt-3, 10, 400, 25, 10, 64, 407.32, 6.45977725, 79, 6.09692100000001, 254839, 1, 36.4, 33.0, 35.9, 33.0
base-microopt-3, 10, 400, 25, 10, 64, 224.66, 3.83938566, , 0, , 1, 35.9, 33.9, 35.9, 33.9
microopt-3, 10, 400, 25, 10, 64, 353.51, 6.19229911, 39, 7.14746700000001, 126372, 1, 36.4, 33.9, 36.1, 33.9
base-microopt-3, 10, 400, 25, 10, 64, 192.58, 3.73278776, , 0, , 1, 35.2, 33.4, 34.0, 32.0
microopt-3, 10, 400, 25, 10, 64, 397.49, 6.42990502, 42, 5.65411899999998, 136477, 1, 34.4, 32.0, 36.9, 34.4
base-microopt-3, 10, 400, 25, 10, 64, 204.20, 3.76666280, , 0, , 1, 37.4, 34.4, 42.2, 34.0
microopt-3, 10, 400, 25, 10, 64, 315.14, 6.07504050, 85, 6.21574500000003, 272589, 1, 41.8, 39.2, 35.4, 32.5
base-microopt-3, 10, 400, 25, 10, 64, 319.57, 4.30737145, , 0, , 1, 36.4, 32.0, 65.0, 34.9
microopt-3, 10, 400, 25, 10, 64, 490.20, 6.88793332, 80, 2.41404199999999, 257382, 1, 66.4, 34.4, 40.8, 37.2
base-microopt-3, 10, 400, 25, 10, 64, 300.72, 4.14838319, , 0, , 1, 40.6, 37.2, 36.9, 34.4
microopt-3, 10, 400, 25, 10, 64, 353.99, 6.25139475, 51, 8.040661, 163616, 1, 44.2, 35.9, 35.8, 33.0
base-microopt-3, 10, 400, 25, 10, 64, 257.85, 3.98955519, , 0, , 1, 35.4, 33.0, 41.2, 34.4
base-microopt-3, 10, 800, 10, 10, 16, 279.37, 4.05087065, , 0, , 1, 37.4, 34.0, 36.6, 33.0
microopt-3, 10, 800, 10, 10, 16, 447.08, 6.67591261, 21, 3.765221, 139147, 1, 35.9, 33.4, 44.0, 37.8
base-microopt-3, 10, 800, 10, 10, 16, 258.81, 4.00017043, , 0, , 1, 38.4, 36.4, 36.9, 33.9
microopt-3, 10, 800, 10, 10, 16, 353.99, 6.20265234, 27, 5.98652299999998, 176637, 1, 36.4, 33.4, 39.1, 32.5
base-microopt-3, 10, 800, 10, 10, 16, 180.59, 3.67855706, , 0, , 1, 35.8, 32.5, 37.9, 33.0
microopt-3, 10, 800, 10, 10, 16, 355.22, 6.18029244, 13, 10.05828, 87077, 1, 48.5, 37.8, 37.1, 35.1
base-microopt-3, 10, 800, 10, 10, 16, 185.82, 3.69920393, , 0, , 1, 36.9, 34.4, 35.4, 32.0
microopt-3, 10, 800, 10, 10, 16, 359.35, 6.23689687, 14, 5.90956799999998, 93599, 1, 35.4, 32.0, 34.5, 32.5
base-microopt-3, 10, 800, 10, 10, 16, 231.43, 3.90111062, , 0, , 1, 34.8, 32.5, 36.4, 32.5
microopt-3, 10, 800, 10, 10, 16, 351.77, 6.29790785, 21, 8.24481100000003, 138773, 1, 35.9, 32.5, 36.6, 33.4
base-microopt-3, 10, 800, 10, 10, 16, 248.85, 3.95192446, , 0, , 1, 36.4, 33.4, 40.2, 36.1
microopt-3, 10, 800, 10, 10, 16, 408.72, 6.43104997, 16, 9.49972700000001, 106651, 1, 38.9, 36.1, 38.4, 34.4
base-microopt-3, 10, 800, 10, 10, 16, 223.40, 3.81374513, , 0, , 1, 45.6, 37.8, 34.5, 32.0
microopt-3, 10, 800, 10, 10, 16, 304.87, 6.03252104, 18, 9.80656499999998, 119640, 1, 34.5, 33.0, 34.0, 32.0
base-microopt-3, 10, 800, 10, 10, 16, 184.49, 3.70687622, , 0, , 1, 34.0, 32.0, 36.4, 33.5
microopt-3, 10, 800, 10, 10, 16, 379.57, 6.44093584, 33, 5.63383399999998, 215523, 1, 35.9, 34.1, 47.9, 43.0
base-microopt-3, 10, 800, 10, 10, 16, 212.36, 3.85322519, , 0, , 1, 42.0, 37.8, 35.0, 32.5
microopt-3, 10, 800, 10, 10, 16, 382.51, 6.36534087, 13, 9.57484699999998, 87218, 1, 34.5, 32.5, 36.4, 34.9
base-microopt-3, 10, 800, 10, 10, 16, 221.40, 3.81233210, , 0, , 1, 40.1, 34.9, 34.2, 33.0
microopt-3, 10, 800, 10, 10, 16, 340.97, 5.56548849, 38, 3.141683, 247399, 1, 34.5, 33.0, 35.4, 33.0
base-microopt-3, 10, 800, 10, 10, 16, 203.01, 3.77966628, , 0, , 1, 35.2, 33.4, 36.1, 32.0
microopt-3, 10, 800, 10, 10, 16, 326.38, 6.10032352, 22, 9.16307899999998, 145073, 1, 34.5, 32.5, 35.4, 32.5
base-microopt-3, 10, 800, 10, 10, 16, 201.69, 3.75880403, , 0, , 1, 36.1, 32.8, 35.8, 32.0
microopt-3, 10, 800, 10, 10, 16, 314.97, 6.09471524, 14, 7.46099099999998, 93345, 1, 35.0, 32.0, 35.8, 32.5
base-microopt-3, 10, 800, 10, 10, 16, 180.01, 3.69981818, , 0, , 1, 35.0, 32.5, 46.6, 33.4
microopt-3, 10, 800, 10, 10, 16, 316.90, 6.07070319, 20, 11.996321, 132136, 1, 37.1, 33.8, 36.1, 33.9
base-microopt-3, 10, 800, 10, 10, 16, 182.04, 3.69738713, , 0, , 1, 35.9, 33.9, 35.9, 32.5
microopt-3, 10, 800, 10, 10, 16, 302.44, 6.00380572, 32, 6.07816600000001, 208391, 1, 39.4, 32.2, 35.9, 32.5
base-microopt-3, 10, 800, 10, 10, 16, 188.06, 3.72693500, , 0, , 1, 36.4, 32.5, 33.8, 31.5
microopt-3, 10, 800, 10, 10, 16, 427.75, 6.60424881, 14, 11.598905, 93995, 1, 34.8, 31.5, 39.1, 34.4
base-microopt-3, 10, 800, 10, 10, 16, 229.41, 3.88578728, , 0, , 1, 36.9, 34.9, 36.9, 33.4
microopt-3, 10, 800, 10, 10, 16, 316.61, 6.09815103, 30, 8.370498, 196771, 1, 35.6, 33.9, 37.6, 31.5
base-microopt-3, 10, 800, 10, 10, 16, 196.31, 3.75141890, , 0, , 1, 37.4, 32.0, 35.2, 40.9
microopt-3, 10, 800, 10, 10, 16, 313.15, 6.12616643, 19, 7.75368900000001, 125807, 1, 34.0, 32.0, 33.5, 31.5
base-microopt-3, 10, 800, 10, 10, 16, 197.77, 3.73917783, , 0, , 1, 35.8, 31.5, 35.0, 32.5
microopt-3, 10, 800, 10, 10, 16, 296.69, 5.96973495, 19, 8.23248799999999, 126146, 1, 35.0, 32.0, 34.5, 32.0
base-microopt-3, 10, 800, 10, 10, 16, 173.48, 3.68523688, , 0, , 1, 34.5, 32.5, 35.4, 32.0
microopt-3, 10, 800, 10, 10, 16, 294.39, 5.97357602, 35, 6.855593, 228557, 1, 35.9, 32.5, 36.4, 33.0
base-microopt-3, 10, 800, 10, 10, 16, 195.26, 3.74708692, , 0, , 1, 35.4, 32.5, 33.5, 31.5
microopt-3, 10, 800, 10, 10, 16, 306.23, 6.02203253, 15, 5.91666199999997, 99849, 1, 34.0, 32.0, 36.1, 32.0
base-microopt-3, 10, 800, 10, 10, 16, 188.18, 3.71599574, , 0, , 1, 33.5, 32.0, 33.5, 30.5
microopt-3, 10, 800, 10, 10, 16, 303.23, 5.96392580, 14, 8.845281, 93176, 1, 33.0, 31.0, 34.2, 36.6
base-microopt-3, 10, 800, 10, 10, 16, 286.99, 3.94389949, , 0, , 1, 46.2, 37.2, 38.4, 35.9
microopt-3, 10, 800, 10, 10, 16, 531.53, 6.70263840, 28, 6.38880699999999, 183927, 1, 39.8, 36.9, 39.8, 35.4
base-microopt-3, 10, 800, 10, 10, 16, 340.51, 4.14337059, , 0, , 1, 39.4, 35.6, 36.9, 34.9
microopt-3, 10, 800, 10, 10, 16, 324.56, 6.03395430, 24, 9.12550399999998, 158147, 1, 37.1, 35.4, 35.0, 32.5
base-microopt-3, 10, 800, 10, 10, 16, 183.04, 3.70249989, , 0, , 1, 34.5, 32.0, 37.1, 32.0
microopt-3, 10, 800, 10, 10, 16, 342.60, 6.14780213, 28, 8.05801500000001, 184097, 1, 35.9, 32.5, 37.4, 34.4
base-microopt-3, 10, 800, 10, 10, 16, 182.07, 3.68913982, , 0, , 1, 36.4, 34.1, 35.0, 32.5
microopt-3, 10, 800, 10, 10, 16, 300.38, 6.05642303, 12, 7.71710400000001, 80773, 1, 35.0, 32.5, 35.9, 32.5
base-microopt-3, 10, 800, 10, 10, 16, 188.51, 3.69803999, , 0, , 1, 37.1, 32.5, 37.6, 32.0
microopt-3, 10, 800, 10, 10, 16, 346.48, 6.13388442, 19, 8.20174300000002, 125396, 1, 35.0, 32.0, 34.5, 32.0
base-microopt-3, 10, 800, 10, 10, 16, 206.91, 3.74750920, , 0, , 1, 34.0, 32.5, 35.0, 32.0
microopt-3, 10, 800, 10, 10, 16, 319.96, 6.11165247, 22, 6.01823999999999, 144432, 1, 34.5, 32.0, 39.6, 31.0
base-microopt-3, 10, 800, 10, 10, 16, 199.51, 3.73377787, , 0, , 1, 33.5, 31.5, 35.0, 33.4
microopt-3, 10, 800, 10, 10, 16, 306.40, 6.00074875, 30, 5.979533, 195445, 1, 35.2, 33.4, 35.9, 33.0
base-microopt-3, 10, 800, 10, 10, 16, 173.59, 3.65652460, , 0, , 1, 35.9, 33.0, 34.5, 32.0
microopt-3, 10, 800, 10, 10, 16, 299.33, 5.99882812, 15, 11.321721, 100253, 1, 40.8, 32.0, 37.4, 32.5
base-microopt-3, 10, 800, 10, 10, 16, 198.23, 3.71748030, , 0, , 1, 44.1, 32.5, 33.5, 32.5
microopt-3, 10, 800, 10, 10, 16, 306.47, 6.01628376, 27, 3.82674700000001, 177119, 1, 34.0, 32.0, 42.8, 32.0
base-microopt-3, 10, 800, 10, 10, 16, 192.43, 3.71169819, , 0, , 1, 34.4, 32.5, 33.0, 31.0
base-microopt-3, 10, 800, 10, 10, 64, 197.91, 3.71250401, , 0, , 1, 33.0, 31.5, 35.4, 33.5
microopt-3, 10, 800, 10, 10, 64, 301.88, 5.95746547, 17, 5.50193200000001, 112846, 1, 35.4, 33.4, 34.5, 32.5
base-microopt-3, 10, 800, 10, 10, 64, 176.83, 3.67605905, , 0, , 1, 37.4, 32.5, 34.5, 31.5
microopt-3, 10, 800, 10, 10, 64, 296.30, 6.00947776, 28, 10.250885, 184041, 1, 34.8, 32.0, 34.0, 31.5
base-microopt-3, 10, 800, 10, 10, 64, 196.41, 3.73525306, , 0, , 1, 37.1, 32.0, 33.8, 31.0
microopt-3, 10, 800, 10, 10, 64, 297.01, 5.96876001, 14, 9.77103499999998, 93549, 1, 35.0, 31.5, 36.1, 31.5
base-microopt-3, 10, 800, 10, 10, 64, 189.00, 3.71409667, , 0, , 1, 34.5, 32.0, 53.2, 32.0
microopt-3, 10, 800, 10, 10, 64, 307.90, 6.09238040, 44, 6.37395700000002, 286364, 1, 64.5, 32.0, 35.8, 31.5
base-microopt-3, 10, 800, 10, 10, 64, 182.16, 3.69910265, , 0, , 1, 35.2, 32.0, 35.9, 32.5
microopt-3, 10, 800, 10, 10, 64, 296.89, 5.95763007, 13, 13.171952, 86891, 1, 34.5, 32.5, 37.4, 32.0
base-microopt-3, 10, 800, 10, 10, 64, 175.03, 3.65486148, , 0, , 1, 35.2, 32.0, 34.0, 32.0
microopt-3, 10, 800, 10, 10, 64, 315.38, 6.04147373, 39, 6.64546000000001, 254700, 1, 33.5, 32.0, 36.6, 31.5
base-microopt-3, 10, 800, 10, 10, 64, 192.34, 3.72035896, , 0, , 1, 45.1, 32.5, 33.5, 32.0
microopt-3, 10, 800, 10, 10, 64, 334.49, 6.08497579, 16, 10.385713, 106270, 1, 33.5, 32.0, 35.4, 32.5
base-microopt-3, 10, 800, 10, 10, 64, 207.31, 3.72707349, , 0, , 1, 34.5, 32.0, 34.2, 32.0
microopt-3, 10, 800, 10, 10, 64, 278.29, 5.31080088, 27, 7.51655699999998, 177077, 1, 34.0, 31.5, 32.5, 31.5
base-microopt-3, 10, 800, 10, 10, 64, 214.86, 3.75924388, , 0, , 1, 33.5, 31.5, 38.1, 32.5
microopt-3, 10, 800, 10, 10, 64, 362.54, 6.12177048, 14, 9.77476799999999, 93840, 1, 35.0, 33.0, 49.0, 40.9
base-microopt-3, 10, 800, 10, 10, 64, 267.25, 3.83138856, , 0, , 1, 52.9, 34.5, 37.1, 34.4
microopt-3, 10, 800, 10, 10, 64, 438.30, 6.25693301, 23, 6.37844999999999, 152198, 1, 38.9, 34.4, 39.4, 34.6
base-microopt-3, 10, 800, 10, 10, 64, 269.43, 3.81790282, , 0, , 1, 38.9, 34.4, 36.6, 34.4
microopt-3, 10, 800, 10, 10, 64, 427.33, 6.19849580, 17, 10.793105, 112718, 1, 37.4, 35.4, 37.9, 34.9
base-microopt-3, 10, 800, 10, 10, 64, 296.22, 3.96893334, , 0, , 1, 39.6, 36.5, 57.0, 38.2
microopt-3, 10, 800, 10, 10, 64, 376.62, 6.19574625, 16, 7.59560699999997, 106637, 1, 41.8, 39.2, 35.4, 32.5
base-microopt-3, 10, 800, 10, 10, 64, 182.47, 3.68727325, , 0, , 1, 34.8, 32.5, 38.9, 32.5
microopt-3, 10, 800, 10, 10, 64, 290.03, 5.99053254, 18, 2.41619500000002, 119090, 1, 34.0, 32.0, 35.2, 32.0
base-microopt-3, 10, 800, 10, 10, 64, 213.73, 3.79596626, , 0, , 1, 34.5, 32.0, 39.1, 33.0
microopt-3, 10, 800, 10, 10, 64, 335.85, 6.07481679, 22, 7.95761499999998, 144965, 1, 37.1, 33.4, 36.1, 33.0
base-microopt-3, 10, 800, 10, 10, 64, 206.57, 3.77966716, , 0, , 1, 35.4, 32.5, 46.2, 34.4
microopt-3, 10, 800, 10, 10, 64, 344.42, 6.11107332, 18, 4.80354999999997, 118820, 1, 36.9, 34.4, 35.0, 33.4
base-microopt-3, 10, 800, 10, 10, 64, 211.55, 3.78184588, , 0, , 1, 36.9, 36.6, 36.9, 33.4
microopt-3, 10, 800, 10, 10, 64, 325.86, 6.07909444, 16, 9.37485099999998, 106172, 1, 42.8, 35.6, 35.0, 32.5
base-microopt-3, 10, 800, 10, 10, 64, 190.10, 3.70923740, , 0, , 1, 35.0, 32.5, 33.5, 31.0
microopt-3, 10, 800, 10, 10, 64, 330.01, 6.08584422, 27, 7.47615500000001, 177260, 1, 33.5, 32.0, 37.1, 32.5
base-microopt-3, 10, 800, 10, 10, 64, 215.27, 3.77533997, , 0, , 1, 34.5, 32.5, 37.9, 34.4
microopt-3, 10, 800, 10, 10, 64, 339.36, 6.07723439, 15, 8.05379599999998, 100256, 1, 36.9, 34.6, 35.8, 35.1
base-microopt-3, 10, 800, 10, 10, 64, 214.24, 3.77317079, , 0, , 1, 35.0, 32.5, 37.4, 33.0
microopt-3, 10, 800, 10, 10, 64, 303.83, 6.00116118, 21, 10.470671, 138686, 1, 35.2, 33.4, 37.4, 32.0
base-microopt-3, 10, 800, 10, 10, 64, 173.49, 3.68478750, , 0, , 1, 35.4, 32.5, 35.0, 32.0
microopt-3, 10, 800, 10, 10, 64, 302.36, 5.99392477, 12, 11.644259, 80755, 1, 35.0, 33.2, 39.8, 32.5
base-microopt-3, 10, 800, 10, 10, 64, 195.31, 3.71017127, , 0, , 1, 47.1, 32.5, 33.5, 31.5
microopt-3, 10, 800, 10, 10, 64, 308.87, 6.10710655, 27, 5.600908, 177336, 1, 34.0, 32.0, 32.8, 31.0
base-microopt-3, 10, 800, 10, 10, 64, 203.95, 3.72812903, , 0, , 1, 34.8, 31.0, 36.9, 33.4
microopt-3, 10, 800, 10, 10, 64, 301.14, 5.94690586, 24, 6.14509399999997, 157902, 1, 36.1, 33.5, 34.0, 32.5
base-microopt-3, 10, 800, 10, 10, 64, 176.69, 3.67874136, , 0, , 1, 34.0, 32.5, 34.8, 31.5
microopt-3, 10, 800, 10, 10, 64, 309.09, 6.00003203, 16, 9.740745, 106474, 1, 34.5, 31.5, 35.0, 32.5
base-microopt-3, 10, 800, 10, 10, 64, 201.43, 3.73796381, , 0, , 1, 37.4, 32.5, 33.2, 31.0
microopt-3, 10, 800, 10, 10, 64, 317.44, 6.03722782, 11, 6.60096099999998, 73909, 1, 34.2, 32.0, 36.1, 32.5
base-microopt-3, 10, 800, 10, 10, 64, 200.66, 3.72699044, , 0, , 1, 34.5, 33.0, 33.8, 31.5
microopt-3, 10, 800, 10, 10, 64, 312.73, 6.06084918, 24, 6.69956000000002, 158000, 1, 34.0, 32.5, 34.8, 32.0
base-microopt-3, 10, 800, 10, 10, 64, 195.38, 3.72941219, , 0, , 1, 34.5, 32.0, 34.8, 32.5
microopt-3, 10, 800, 10, 10, 64, 316.31, 6.03773821, 24, 9.69476700000001, 158809, 1, 33.8, 32.5, 34.8, 32.0
base-microopt-3, 10, 800, 10, 10, 64, 178.87, 3.69717278, , 0, , 1, 33.5, 32.5, 66.4, 32.5
microopt-3, 10, 800, 10, 10, 64, 322.69, 6.01155825, 31, 7.97276199999999, 202400, 1, 49.5, 32.8, 35.0, 33.4
base-microopt-3, 10, 800, 10, 10, 64, 179.69, 3.68889220, , 0, , 1, 39.4, 33.0, 37.6, 33.2
microopt-3, 10, 800, 10, 10, 64, 306.25, 6.04899621, 19, 10.104276, 125713, 1, 35.0, 32.5, 34.2, 31.5
base-microopt-3, 10, 800, 10, 10, 64, 218.30, 3.79238018, , 0, , 1, 33.2, 31.0, 35.9, 32.5
microopt-3, 10, 800, 10, 10, 64, 304.49, 5.98671724, 23, 6.63102700000002, 151114, 1, 36.6, 32.5, 40.2, 32.0
base-microopt-3, 10, 800, 10, 10, 64, 284.25, 4.15136623, , 0, , 1, 36.1, 32.0, 35.9, 33.9
microopt-3, 10, 800, 10, 10, 64, 517.82, 6.94082290, 19, 6.91319900000002, 126244, 1, 36.4, 34.4, 33.5, 32.0
base-microopt-3, 10, 800, 10, 10, 64, 222.97, 3.83912473, , 0, , 1, 34.0, 32.0, 35.4, 33.9
base-microopt-3, 10, 800, 25, 10, 16, 195.67, 3.77603868, , 0, , 1, 35.9, 34.4, 40.4, 35.6
microopt-3, 10, 800, 25, 10, 16, 389.46, 6.44093786, 59, 5.425928, 380483, 1, 40.8, 36.9, 46.2, 34.9
base-microopt-3, 10, 800, 25, 10, 16, 245.06, 3.96884214, , 0, , 1, 37.4, 35.4, 36.4, 33.9
microopt-3, 10, 800, 25, 10, 16, 360.95, 5.77446649, 31, 6.05864200000002, 202221, 1, 35.9, 34.4, 38.4, 35.9
base-microopt-3, 10, 800, 25, 10, 16, 284.78, 4.11948507, , 0, , 1, 38.9, 37.5, 35.4, 33.9
microopt-3, 10, 800, 25, 10, 16, 466.60, 6.68629873, 30, 7.782174, 197533, 1, 39.8, 36.4, 38.6, 35.4
base-microopt-3, 10, 800, 25, 10, 16, 251.09, 3.95211765, , 0, , 1, 39.1, 36.6, 35.0, 33.0
microopt-3, 10, 800, 25, 10, 16, 301.54, 6.03857976, 31, 4.66071399999998, 202453, 1, 35.0, 33.0, 34.5, 32.0
base-microopt-3, 10, 800, 25, 10, 16, 199.40, 3.72417307, , 0, , 1, 39.6, 32.5, 33.5, 31.5
microopt-3, 10, 800, 25, 10, 16, 300.96, 6.05096534, 101, 3.35868099999999, 649055, 1, 33.8, 31.5, 33.5, 32.0
base-microopt-3, 10, 800, 25, 10, 16, 286.28, 4.12019591, , 0, , 1, 33.5, 32.0, 38.1, 34.1
microopt-3, 10, 800, 25, 10, 16, 390.36, 6.48456028, 54, 7.07370100000003, 348278, 1, 38.4, 35.1, 42.5, 34.4
base-microopt-3, 10, 800, 25, 10, 16, 219.68, 3.86495629, , 0, , 1, 37.6, 34.4, 37.1, 41.4
microopt-3, 10, 800, 25, 10, 16, 443.64, 6.68859999, 34, 5.42839099999998, 220414, 1, 35.9, 33.9, 40.1, 34.9
base-microopt-3, 10, 800, 25, 10, 16, 335.64, 4.34395327, , 0, , 1, 36.9, 34.9, 45.1, 40.1
microopt-3, 10, 800, 25, 10, 16, 380.42, 6.33536239, 57, 3.71693099999999, 368494, 1, 43.0, 37.5, 52.2, 36.4
base-microopt-3, 10, 800, 25, 10, 16, 341.04, 4.42309515, , 0, , 1, 46.4, 39.0, 37.4, 34.4
microopt-3, 10, 800, 25, 10, 16, 359.61, 6.27919572, 58, 6.77488399999999, 373932, 1, 36.4, 34.4, 38.4, 34.9
base-microopt-3, 10, 800, 25, 10, 16, 328.70, 4.24314308, , 0, , 1, 38.1, 34.9, 41.2, 35.6
microopt-3, 10, 800, 25, 10, 16, 485.72, 6.81439061, 30, 10.237734, 195904, 1, 43.6, 36.1, 35.4, 32.5
base-microopt-3, 10, 800, 25, 10, 16, 188.16, 3.72834899, , 0, , 1, 35.0, 33.0, 34.2, 32.0
microopt-3, 10, 800, 25, 10, 16, 543.12, 6.99523383, 30, 4.50991699999997, 196098, 1, 37.1, 32.5, 37.9, 33.8
base-microopt-3, 10, 800, 25, 10, 16, 243.80, 3.99300051, , 0, , 1, 36.4, 34.4, 36.9, 33.4
microopt-3, 10, 800, 25, 10, 16, 331.03, 6.14357993, 35, 7.57527800000003, 228191, 1, 37.1, 33.2, 35.4, 32.5
base-microopt-3, 10, 800, 25, 10, 16, 316.65, 4.26856756, , 0, , 1, 36.6, 33.0, 38.4, 35.4
microopt-3, 10, 800, 25, 10, 16, 402.76, 6.57564893, 74, 3.97875800000003, 477081, 1, 45.9, 38.5, 39.8, 33.9
base-microopt-3, 10, 800, 25, 10, 16, 264.95, 4.06593248, , 0, , 1, 37.9, 33.9, 37.9, 35.9
microopt-3, 10, 800, 25, 10, 16, 465.69, 6.68129719, 57, 7.01643000000001, 368519, 2, 36.9, 37.0, 35.9, 36.2
base-microopt-3, 10, 800, 25, 10, 16, 263.62, 4.03834578, , 0, , 1, 37.1, 36.2, 35.9, 33.9
microopt-3, 10, 800, 25, 10, 16, 407.89, 6.58359355, 44, 5.44153899999998, 285973, 1, 35.4, 33.9, 39.1, 36.8
base-microopt-3, 10, 800, 25, 10, 16, 326.75, 4.21630800, , 0, , 1, 39.1, 35.9, 59.6, 38.2
microopt-3, 10, 800, 25, 10, 16, 426.78, 6.65637774, 35, 8.34234199999997, 229187, 1, 61.9, 36.4, 41.2, 33.4
base-microopt-3, 10, 800, 25, 10, 16, 236.69, 3.97070195, , 0, , 1, 42.2, 36.4, 36.4, 32.0
microopt-3, 10, 800, 25, 10, 16, 449.80, 6.75563135, 51, 4.37257499999998, 330748, 1, 35.4, 32.5, 51.6, 36.8
base-microopt-3, 10, 800, 25, 10, 16, 265.98, 4.07643167, , 0, , 1, 57.0, 37.5, 36.9, 33.0
microopt-3, 10, 800, 25, 10, 16, 451.20, 6.74249393, 49, 9.02566100000001, 318213, 1, 37.4, 33.5, 35.9, 34.4
base-microopt-3, 10, 800, 25, 10, 16, 256.53, 4.01593294, , 0, , 1, 37.9, 34.4, 35.8, 33.9
microopt-3, 10, 800, 25, 10, 16, 410.60, 6.52457848, 52, 6.96748600000001, 337993, 1, 36.1, 34.0, 43.2, 37.8
base-microopt-3, 10, 800, 25, 10, 16, 277.82, 4.12716281, , 0, , 1, 45.0, 40.6, 35.8, 34.4
microopt-3, 10, 800, 25, 10, 16, 404.89, 6.57486099, 69, 4.96936599999998, 445400, 1, 38.4, 34.1, 36.4, 33.4
base-microopt-3, 10, 800, 25, 10, 16, 248.49, 3.97561571, , 0, , 1, 35.4, 33.4, 37.9, 34.4
microopt-3, 10, 800, 25, 10, 16, 471.19, 6.81186390, 82, 4.46608199999997, 528778, 1, 37.1, 33.4, 42.5, 38.8
base-microopt-3, 10, 800, 25, 10, 16, 260.30, 4.03352831, , 0, , 1, 39.8, 36.4, 35.9, 33.9
microopt-3, 10, 800, 25, 10, 16, 456.18, 6.80541189, 46, 6.30712799999998, 299289, 1, 36.1, 33.9, 43.2, 38.5
base-microopt-3, 10, 800, 25, 10, 16, 283.37, 4.12169497, , 0, , 1, 39.4, 36.4, 64.0, 38.5
microopt-3, 10, 800, 25, 10, 16, 401.11, 6.41732412, 55, 6.28055499999999, 355420, 1, 74.2, 36.9, 34.0, 32.5
base-microopt-3, 10, 800, 25, 10, 16, 185.63, 3.73009644, , 0, , 1, 34.8, 32.5, 41.2, 33.4
microopt-3, 10, 800, 25, 10, 16, 392.08, 6.46805222, 40, 3.71134999999998, 259710, 1, 36.1, 33.9, 47.6, 42.2
base-microopt-3, 10, 800, 25, 10, 16, 230.07, 3.92488200, , 0, , 1, 45.5, 38.5, 34.5, 32.5
microopt-3, 10, 800, 25, 10, 16, 407.53, 6.49166242, 105, 6.92495200000002, 674589, 1, 34.9, 32.5, 37.6, 35.4
base-microopt-3, 10, 800, 25, 10, 16, 280.13, 4.14224365, , 0, , 1, 41.5, 39.0, 41.0, 38.0
microopt-3, 10, 800, 25, 10, 16, 503.69, 6.97729441, 37, 7.81194199999999, 241477, 1, 42.8, 40.1, 38.6, 35.4
base-microopt-3, 10, 800, 25, 10, 16, 187.21, 3.72298993, , 0, , 1, 36.4, 35.4, 34.0, 32.0
microopt-3, 10, 800, 25, 10, 16, 537.47, 7.03415431, 55, 5.336637, 356274, 1, 34.8, 32.5, 53.6, 41.4
base-microopt-3, 10, 800, 25, 10, 16, 312.89, 4.28432868, , 0, , 1, 46.2, 43.2, 52.4, 39.0
microopt-3, 10, 800, 25, 10, 16, 599.29, 7.48649832, 26, 6.71633000000003, 170082, 1, 39.8, 35.4, 36.9, 34.9
base-microopt-3, 10, 800, 25, 10, 16, 212.84, 3.88496072, , 0, , 1, 52.9, 37.0, 35.8, 33.4
microopt-3, 10, 800, 25, 10, 16, 316.42, 6.07391049, 53, 6.66390000000001, 343059, 1, 35.4, 33.4, 46.6, 35.1
base-microopt-3, 10, 800, 25, 10, 16, 361.95, 4.49452928, , 0, , 1, 36.4, 34.0, 59.5, 36.8
microopt-3, 10, 800, 25, 10, 16, 381.32, 6.34648318, 53, 5.24383599999999, 342209, 1, 69.8, 36.2, 36.4, 34.9
base-microopt-3, 10, 800, 25, 10, 16, 308.87, 4.20760625, , 0, , 1, 37.9, 34.9, 42.8, 34.9
base-microopt-3, 10, 800, 25, 10, 64, 234.98, 3.87791873, , 0, , 1, 37.9, 35.4, 37.1, 33.9
microopt-3, 10, 800, 25, 10, 64, 388.75, 6.42566625, 39, 10.302359, 253444, 1, 37.6, 34.0, 36.9, 33.9
base-microopt-3, 10, 800, 25, 10, 64, 231.17, 3.89143771, , 0, , 1, 45.8, 33.9, 37.4, 33.0
microopt-3, 10, 800, 25, 10, 64, 346.19, 6.17056898, 38, 6.98468100000002, 247343, 1, 36.4, 33.9, 36.1, 32.5
base-microopt-3, 10, 800, 25, 10, 64, 214.20, 3.83713851, , 0, , 1, 35.4, 33.0, 38.9, 35.1
microopt-3, 10, 800, 25, 10, 64, 347.56, 6.15715587, 34, 10.195423, 221103, 1, 48.1, 42.2, 36.4, 33.9
base-microopt-3, 10, 800, 25, 10, 64, 208.25, 3.77362563, , 0, , 1, 35.9, 33.9, 41.8, 33.9
microopt-3, 10, 800, 25, 10, 64, 355.29, 6.23742242, 28, 9.76819, 184046, 1, 41.2, 37.0, 36.4, 33.4
base-microopt-3, 10, 800, 25, 10, 64, 222.41, 3.85374838, , 0, , 1, 38.4, 33.5, 36.4, 33.9
microopt-3, 10, 800, 25, 10, 64, 358.39, 6.19106955, 30, 6.19392099999999, 196099, 1, 40.8, 33.9, 35.9, 32.0
base-microopt-3, 10, 800, 25, 10, 64, 234.75, 3.87956528, , 0, , 1, 36.1, 32.5, 35.9, 32.5
microopt-3, 10, 800, 25, 10, 64, 341.25, 6.17481973, 30, 6.73253399999999, 196302, 1, 35.9, 33.0, 38.6, 33.0
base-microopt-3, 10, 800, 25, 10, 64, 232.69, 3.86560769, , 0, , 1, 37.4, 33.4, 36.9, 33.4
microopt-3, 10, 800, 25, 10, 64, 372.43, 6.22779211, 57, 4.91077300000001, 368641, 1, 39.4, 33.4, 34.0, 32.0
base-microopt-3, 10, 800, 25, 10, 64, 228.79, 3.82908253, , 0, , 1, 34.5, 32.5, 37.6, 33.9
microopt-3, 10, 800, 25, 10, 64, 351.32, 6.18056934, 89, 5.20030500000001, 572350, 1, 36.4, 33.9, 36.9, 33.4
base-microopt-3, 10, 800, 25, 10, 64, 194.59, 3.76085725, , 0, , 1, 37.9, 33.0, 36.6, 33.4
microopt-3, 10, 800, 25, 10, 64, 331.58, 6.14158976, 34, 8.41370000000001, 221845, 1, 36.1, 33.9, 37.9, 33.9
base-microopt-3, 10, 800, 25, 10, 64, 174.87, 3.69286045, , 0, , 1, 36.9, 34.4, 36.6, 32.5
microopt-3, 10, 800, 25, 10, 64, 397.00, 6.38513290, 37, 5.13098300000001, 241060, 1, 39.6, 32.2, 35.9, 33.0
base-microopt-3, 10, 800, 25, 10, 64, 205.82, 3.76031706, , 0, , 1, 35.4, 33.0, 41.2, 38.2
microopt-3, 10, 800, 25, 10, 64, 489.55, 6.75031195, 36, 7.21434399999998, 235003, 1, 36.4, 34.0, 38.9, 34.9
base-microopt-3, 10, 800, 25, 10, 64, 277.96, 4.16986761, , 0, , 1, 43.5, 39.4, 38.1, 34.5
microopt-3, 10, 800, 25, 10, 64, 429.02, 6.61253943, 26, 10.64454, 171011, 1, 39.1, 33.9, 38.6, 36.8
base-microopt-3, 10, 800, 25, 10, 64, 260.72, 4.05207223, , 0, , 1, 38.9, 36.4, 41.2, 33.4
microopt-3, 10, 800, 25, 10, 64, 458.67, 6.77147550, 48, 3.96318500000001, 309277, 1, 42.8, 35.6, 35.4, 33.0
base-microopt-3, 10, 800, 25, 10, 64, 300.63, 4.22226615, , 0, , 1, 35.2, 33.0, 35.9, 33.9
microopt-3, 10, 800, 25, 10, 64, 453.51, 6.68792909, 48, 6.925614, 311216, 1, 35.4, 33.9, 38.6, 33.4
base-microopt-3, 10, 800, 25, 10, 64, 248.50, 3.94666887, , 0, , 1, 39.1, 33.4, 36.4, 35.6
microopt-3, 10, 800, 25, 10, 64, 426.64, 6.02702257, 57, 7.05330099999998, 368615, 1, 39.9, 35.4, 35.4, 33.0
base-microopt-3, 10, 800, 25, 10, 64, 284.28, 4.17177557, , 0, , 1, 36.4, 33.4, 36.9, 33.9
microopt-3, 10, 800, 25, 10, 64, 367.70, 6.31908796, 29, 10.04568, 189532, 1, 36.4, 34.4, 35.9, 34.9
base-microopt-3, 10, 800, 25, 10, 64, 276.97, 4.13395326, , 0, , 1, 37.6, 33.9, 54.9, 44.9
microopt-3, 10, 800, 25, 10, 64, 385.35, 6.42026240, 67, 5.602619, 432756, 1, 52.8, 45.0, 45.8, 42.0
base-microopt-3, 10, 800, 25, 10, 64, 207.16, 3.77737188, , 0, , 1, 41.2, 39.4, 36.9, 33.8
microopt-3, 10, 800, 25, 10, 64, 370.44, 6.21954654, 58, 5.18573900000001, 374263, 1, 37.9, 34.0, 35.0, 32.5
base-microopt-3, 10, 800, 25, 10, 64, 247.54, 3.91301342, , 0, , 1, 35.0, 32.5, 36.1, 33.9
microopt-3, 10, 800, 25, 10, 64, 362.95, 6.27919893, 57, 4.10330399999998, 370151, 1, 40.6, 34.4, 37.4, 34.4
base-microopt-3, 10, 800, 25, 10, 64, 252.49, 3.98627309, , 0, , 1, 35.9, 35.1, 41.8, 37.2
microopt-3, 10, 800, 25, 10, 64, 326.39, 6.19125292, 27, 2.50408800000002, 176557, 1, 38.4, 35.9, 42.8, 35.1
base-microopt-3, 10, 800, 25, 10, 64, 225.85, 3.87962068, , 0, , 1, 37.6, 34.1, 42.2, 37.0
microopt-3, 10, 800, 25, 10, 64, 330.33, 6.12066674, 56, 7.73114199999998, 363038, 1, 38.4, 36.1, 39.8, 35.6
base-microopt-3, 10, 800, 25, 10, 64, 183.20, 3.70572293, , 0, , 1, 39.4, 36.5, 41.0, 36.1
microopt-3, 10, 800, 25, 10, 64, 331.44, 6.13167608, 83, 4.508757, 534532, 1, 37.9, 33.9, 41.2, 33.0
base-microopt-3, 10, 800, 25, 10, 64, 177.90, 3.68772385, , 0, , 1, 36.4, 33.4, 37.4, 32.5
microopt-3, 10, 800, 25, 10, 64, 313.43, 6.04798836, 51, 7.06043799999998, 330279, 1, 35.4, 33.4, 35.0, 32.5
base-microopt-3, 10, 800, 25, 10, 64, 193.93, 3.75536457, , 0, , 1, 38.6, 33.0, 45.5, 32.5
microopt-3, 10, 800, 25, 10, 64, 311.35, 5.50158992, 50, 6.489082, 323032, 1, 40.8, 33.9, 56.1, 36.9
base-microopt-3, 10, 800, 25, 10, 64, 378.50, 4.46405183, , 0, , 1, 63.5, 37.2, 53.1, 38.0
microopt-3, 10, 800, 25, 10, 64, 429.38, 6.62206000, 43, 8.46385400000003, 278711, 1, 50.1, 37.8, 43.0, 40.1
base-microopt-3, 10, 800, 25, 10, 64, 192.84, 3.72478447, , 0, , 1, 37.9, 34.9, 35.0, 32.5
microopt-3, 10, 800, 25, 10, 64, 317.29, 6.17408422, 31, 6.64828699999998, 202662, 1, 35.2, 32.5, 41.8, 34.4
base-microopt-3, 10, 800, 25, 10, 64, 220.46, 3.86120452, , 0, , 1, 36.9, 33.0, 40.8, 34.9
microopt-3, 10, 800, 25, 10, 64, 452.78, 6.71283423, 42, 3.345056, 274142, 1, 37.4, 35.4, 46.9, 43.0
base-microopt-3, 10, 800, 25, 10, 64, 318.45, 4.27994822, , 0, , 1, 41.8, 39.8, 39.4, 36.4
microopt-3, 10, 800, 25, 10, 64, 574.70, 7.27699283, 47, 8.305024, 305933, 1, 44.8, 36.4, 50.8, 43.2
base-microopt-3, 10, 800, 25, 10, 64, 319.26, 4.31631425, , 0, , 1, 48.1, 45.5, 35.9, 33.0
microopt-3, 10, 800, 25, 10, 64, 345.41, 6.25701562, 29, 7.75442299999997, 190982, 1, 36.4, 34.6, 36.1, 33.0
base-microopt-3, 10, 800, 25, 10, 64, 200.34, 3.79600027, , 0, , 1, 35.9, 33.2, 35.9, 32.5
microopt-3, 10, 800, 25, 10, 64, 460.18, 6.79108006, 53, 6.405934, 342534, 1, 37.6, 33.0, 38.6, 33.4
base-microopt-3, 10, 800, 25, 10, 64, 238.82, 3.91126442, , 0, , 1, 36.9, 33.9, 41.2, 36.6
base-microopt-3, 10, 400, 10, 25, 16, 320.23, 4.20418585, , 0, , 1, 47.8, 42.2, 57.1, 41.6
microopt-3, 10, 400, 10, 25, 16, 544.24, 6.36818984, 23, 10.686429, 43639, 1, 70.4, 46.0, 65.9, 40.1
base-microopt-3, 10, 400, 10, 25, 16, 348.67, 4.34903245, , 0, , 1, 73.8, 38.2, 74.8, 36.2
microopt-3, 10, 400, 10, 25, 16, 368.93, 5.80438592, 38, 5.417574, 70964, 1, 74.8, 35.4, 38.1, 33.4
base-microopt-3, 10, 400, 10, 25, 16, 350.16, 4.36496474, , 0, , 1, 36.6, 34.4, 49.9, 45.1
microopt-3, 10, 400, 10, 25, 16, 618.85, 6.82334000, 27, 8.17630600000001, 51022, 1, 62.0, 42.2, 40.2, 38.2
base-microopt-3, 10, 400, 10, 25, 16, 308.09, 4.19315329, , 0, , 1, 39.4, 37.2, 38.9, 35.9
microopt-3, 10, 400, 10, 25, 16, 458.60, 6.20311947, 53, 4.09382799999997, 98259, 1, 37.9, 35.4, 40.8, 35.1
base-microopt-3, 10, 400, 10, 25, 16, 193.50, 3.76328904, , 0, , 1, 37.4, 34.5, 35.9, 33.4
microopt-3, 10, 400, 10, 25, 16, 292.74, 5.48639265, 20, 11.662592, 37888, 1, 35.4, 33.4, 41.8, 32.0
base-microopt-3, 10, 400, 10, 25, 16, 171.26, 3.68171371, , 0, , 1, 36.4, 32.5, 35.2, 32.5
microopt-3, 10, 400, 10, 25, 16, 246.26, 5.27367609, 36, 7.588527, 67672, 1, 34.5, 33.0, 35.8, 32.5
base-microopt-3, 10, 400, 10, 25, 16, 176.76, 3.68957527, , 0, , 1, 36.1, 32.5, 36.1, 32.0
microopt-3, 10, 400, 10, 25, 16, 269.64, 5.32586714, 18, 6.49230699999998, 33681, 1, 35.4, 32.5, 35.2, 33.0
base-microopt-3, 10, 400, 10, 25, 16, 189.14, 3.70993719, , 0, , 1, 34.5, 33.0, 35.8, 33.0
microopt-3, 10, 400, 10, 25, 16, 309.69, 5.51646669, 51, 6.98853300000002, 94436, 1, 35.0, 33.0, 35.2, 36.4
base-microopt-3, 10, 400, 10, 25, 16, 201.38, 3.77734965, , 0, , 1, 35.2, 32.5, 35.4, 33.0
microopt-3, 10, 400, 10, 25, 16, 256.06, 5.29586879, 45, 9.11008700000002, 83926, 1, 34.5, 32.0, 37.1, 33.0
base-microopt-3, 10, 400, 10, 25, 16, 177.43, 3.68444591, , 0, , 1, 36.6, 32.5, 36.1, 32.5
microopt-3, 10, 400, 10, 25, 16, 283.51, 5.90655777, 24, 7.28252099999997, 44651, 1, 35.0, 32.0, 37.1, 32.0
base-microopt-3, 10, 400, 10, 25, 16, 176.44, 3.64498822, , 0, , 1, 34.2, 32.0, 34.0, 31.5
microopt-3, 10, 400, 10, 25, 16, 248.41, 5.25596353, 13, 8.12146000000001, 24849, 1, 34.2, 32.0, 34.2, 32.0
base-microopt-3, 10, 400, 10, 25, 16, 179.14, 3.66239062, , 0, , 1, 35.0, 32.5, 34.5, 32.0
microopt-3, 10, 400, 10, 25, 16, 255.58, 5.22708267, 25, 6.10389300000003, 47370, 1, 34.0, 31.5, 37.6, 32.0
base-microopt-3, 10, 400, 10, 25, 16, 171.31, 3.67851341, , 0, , 1, 34.0, 32.0, 35.4, 32.0
microopt-3, 10, 400, 10, 25, 16, 273.86, 5.38400752, 15, 7.27614899999998, 28706, 1, 35.2, 32.5, 39.4, 37.5
base-microopt-3, 10, 400, 10, 25, 16, 188.03, 3.74737018, , 0, , 1, 40.2, 37.2, 34.2, 31.5
microopt-3, 10, 400, 10, 25, 16, 245.28, 5.22996147, 26, 6.60416700000002, 48971, 1, 34.0, 31.5, 34.0, 32.0
base-microopt-3, 10, 400, 10, 25, 16, 172.02, 3.66115997, , 0, , 1, 34.0, 32.5, 35.9, 31.5
microopt-3, 10, 400, 10, 25, 16, 292.18, 5.90882311, 24, 5.46864399999998, 45637, 1, 34.2, 31.0, 62.5, 32.0
base-microopt-3, 10, 400, 10, 25, 16, 177.53, 3.67418812, , 0, , 1, 51.8, 32.0, 35.0, 32.5
microopt-3, 10, 400, 10, 25, 16, 253.88, 5.21167951, 20, 8.74314500000003, 37501, 1, 34.0, 32.5, 37.6, 31.5
base-microopt-3, 10, 400, 10, 25, 16, 169.84, 3.66629966, , 0, , 1, 34.5, 32.0, 34.5, 31.5
microopt-3, 10, 400, 10, 25, 16, 247.57, 5.22078888, 22, 4.86545000000001, 41076, 1, 34.0, 31.0, 35.0, 31.5
base-microopt-3, 10, 400, 10, 25, 16, 172.01, 3.66522614, , 0, , 1, 33.5, 32.0, 35.0, 32.0
microopt-3, 10, 400, 10, 25, 16, 256.19, 5.22766654, 21, 11.821122, 39485, 1, 35.0, 32.0, 33.5, 31.5
base-microopt-3, 10, 400, 10, 25, 16, 176.20, 3.61691237, , 0, , 1, 34.0, 32.0, 37.1, 32.0
microopt-3, 10, 400, 10, 25, 16, 297.25, 5.40947142, 17, 5.22408799999999, 32528, 1, 35.2, 32.0, 63.5, 41.4
base-microopt-3, 10, 400, 10, 25, 16, 386.80, 4.45155755, , 0, , 1, 61.0, 40.1, 39.6, 36.4
microopt-3, 10, 400, 10, 25, 16, 760.57, 7.75872056, 32, 4.851899, 60119, 1, 41.5, 37.8, 42.0, 37.8
base-microopt-3, 10, 400, 10, 25, 16, 525.05, 5.32983789, , 0, , 1, 44.5, 40.6, 42.8, 39.2
microopt-3, 10, 400, 10, 25, 16, 617.32, 6.83937351, 18, 7.94795199999999, 34836, 1, 49.4, 42.2, 45.2, 41.1
base-microopt-3, 10, 400, 10, 25, 16, 414.54, 4.68771091, , 0, , 1, 45.0, 39.8, 48.5, 42.1
microopt-3, 10, 400, 10, 25, 16, 781.76, 8.32527195, 36, 5.52966300000003, 67733, 1, 45.1, 39.2, 54.1, 45.5
base-microopt-3, 10, 400, 10, 25, 16, 420.37, 4.76368068, , 0, , 1, 58.0, 42.6, 40.8, 38.2
microopt-3, 10, 400, 10, 25, 16, 534.17, 6.37979974, 20, 5.75453700000003, 38632, 1, 46.1, 38.2, 46.4, 40.4
base-microopt-3, 10, 400, 10, 25, 16, 586.77, 5.80157149, , 0, , 1, 49.4, 39.8, 43.2, 39.2
microopt-3, 10, 400, 10, 25, 16, 689.28, 7.67593019, 29, 8.86155100000002, 54635, 1, 42.8, 39.0, 48.9, 46.1
base-microopt-3, 10, 400, 10, 25, 16, 383.26, 4.36514626, , 0, , 2, 42.8, 42.8, 49.4, 39.9
microopt-3, 10, 400, 10, 25, 16, 556.34, 6.51727487, 39, 5.12817000000001, 72201, 1, 39.4, 38.5, 50.0, 39.2
base-microopt-3, 10, 400, 10, 25, 16, 359.25, 4.39418456, , 0, , 1, 39.6, 37.2, 45.1, 39.8
microopt-3, 10, 400, 10, 25, 16, 526.14, 6.34693270, 13, 7.81559800000002, 24867, 1, 40.8, 38.8, 41.2, 37.8
base-microopt-3, 10, 400, 10, 25, 16, 359.14, 4.39233258, , 0, , 1, 44.8, 40.1, 43.0, 38.2
microopt-3, 10, 400, 10, 25, 16, 522.35, 6.28996625, 21, 5.87997100000001, 39793, 1, 47.6, 38.2, 46.8, 37.2
base-microopt-3, 10, 400, 10, 25, 16, 368.32, 4.42151152, , 0, , 1, 52.1, 38.8, 50.1, 38.2
microopt-3, 10, 400, 10, 25, 16, 540.99, 6.39427098, 20, 6.187006, 38365, 1, 40.2, 39.9, 44.0, 37.8
base-microopt-3, 10, 400, 10, 25, 16, 368.51, 4.41613558, , 0, , 1, 44.0, 39.2, 44.8, 38.2
microopt-3, 10, 400, 10, 25, 16, 519.66, 6.31396662, 31, 7.33513699999997, 58198, 1, 40.2, 37.8, 40.6, 38.8
base-microopt-3, 10, 400, 10, 25, 16, 358.85, 4.38100416, , 0, , 1, 43.0, 40.9, 46.6, 38.2
microopt-3, 10, 400, 10, 25, 16, 679.19, 7.22725311, 17, 8.29207400000001, 32799, 1, 41.2, 37.8, 56.8, 43.0
base-microopt-3, 10, 400, 10, 25, 16, 401.41, 4.79952395, , 0, , 1, 52.4, 47.4, 37.9, 34.4
base-microopt-3, 10, 400, 10, 25, 64, 215.75, 3.79896633, , 0, , 1, 37.6, 34.9, 39.6, 34.4
microopt-3, 10, 400, 10, 25, 64, 326.33, 5.53073219, 22, 7.67314399999998, 41387, 1, 43.2, 38.5, 36.4, 34.4
base-microopt-3, 10, 400, 10, 25, 64, 216.57, 3.80449519, , 0, , 1, 36.4, 34.9, 35.4, 33.9
microopt-3, 10, 400, 10, 25, 64, 267.77, 5.31258618, 36, 8.61297500000001, 67562, 1, 35.4, 33.9, 36.1, 33.4
base-microopt-3, 10, 400, 10, 25, 64, 169.94, 3.67584316, , 0, , 1, 35.4, 33.4, 35.4, 32.5
microopt-3, 10, 400, 10, 25, 64, 253.69, 5.25230848, 28, 6.46855699999998, 52518, 1, 35.4, 33.2, 46.8, 33.4
base-microopt-3, 10, 400, 10, 25, 64, 185.37, 3.68139439, , 0, , 1, 36.4, 33.9, 37.4, 34.9
microopt-3, 10, 400, 10, 25, 64, 319.25, 5.57916850, 13, 15.501047, 24879, 1, 40.2, 37.0, 35.9, 32.5
base-microopt-3, 10, 400, 10, 25, 64, 186.63, 3.70947946, , 0, , 1, 39.9, 33.0, 34.5, 32.5
microopt-3, 10, 400, 10, 25, 64, 282.30, 5.94866204, 14, 6.396683, 27174, 1, 34.5, 32.5, 35.2, 33.0
base-microopt-3, 10, 400, 10, 25, 64, 220.91, 3.89067163, , 0, , 1, 35.4, 32.0, 36.1, 33.0
microopt-3, 10, 400, 10, 25, 64, 335.86, 6.17747968, 11, 7.51910900000001, 21075, 1, 35.8, 32.5, 36.1, 33.4
base-microopt-3, 10, 400, 10, 25, 64, 171.32, 3.68030998, , 0, , 1, 36.1, 33.9, 36.1, 32.5
microopt-3, 10, 400, 10, 25, 64, 257.15, 5.27599193, 26, 4.98265700000002, 48337, 1, 35.2, 32.5, 35.4, 32.5
base-microopt-3, 10, 400, 10, 25, 64, 176.29, 3.65726724, , 0, , 1, 35.0, 32.5, 34.8, 33.0
microopt-3, 10, 400, 10, 25, 64, 254.22, 5.27563500, 16, 8.87677100000002, 30703, 1, 34.5, 33.0, 35.9, 33.4
base-microopt-3, 10, 400, 10, 25, 64, 199.36, 3.76389830, , 0, , 1, 35.4, 33.9, 66.4, 33.4
microopt-3, 10, 400, 10, 25, 64, 312.97, 5.44275436, 24, 8.13827600000002, 45268, 1, 63.4, 33.4, 36.4, 33.0
base-microopt-3, 10, 400, 10, 25, 64, 250.96, 3.94267507, , 0, , 1, 55.4, 33.9, 65.0, 33.9
microopt-3, 10, 400, 10, 25, 64, 349.83, 6.04529308, 22, 7.59835900000002, 41690, 1, 65.5, 33.4, 68.4, 33.9
base-microopt-3, 10, 400, 10, 25, 64, 281.31, 4.04627922, , 0, , 1, 47.6, 34.6, 49.9, 37.8
microopt-3, 10, 400, 10, 25, 64, 272.89, 5.35965223, 19, 6.67211700000001, 35679, 1, 49.4, 37.8, 37.4, 31.5
base-microopt-3, 10, 400, 10, 25, 64, 171.03, 3.65135613, , 0, , 1, 34.5, 32.5, 34.5, 32.0
microopt-3, 10, 400, 10, 25, 64, 336.29, 5.70456749, 38, 4.06802599999997, 70851, 1, 34.0, 32.5, 36.1, 33.0
base-microopt-3, 10, 400, 10, 25, 64, 182.62, 3.69022280, , 0, , 1, 35.8, 32.5, 35.9, 33.0
microopt-3, 10, 400, 10, 25, 64, 255.69, 5.27869476, 19, 5.80389300000002, 35851, 1, 35.9, 33.4, 35.8, 32.0
base-microopt-3, 10, 400, 10, 25, 64, 187.31, 3.72550435, , 0, , 1, 34.5, 32.5, 35.0, 33.0
microopt-3, 10, 400, 10, 25, 64, 315.52, 5.52513693, 20, 10.212248, 37852, 1, 34.5, 33.0, 35.4, 33.4
base-microopt-3, 10, 400, 10, 25, 64, 177.27, 3.67290000, , 0, , 1, 35.0, 33.4, 35.8, 33.4
microopt-3, 10, 400, 10, 25, 64, 364.39, 6.32818901, 20, 10.730391, 37472, 1, 35.8, 33.0, 34.0, 32.5
base-microopt-3, 10, 400, 10, 25, 64, 211.82, 3.80188640, , 0, , 1, 34.2, 32.5, 35.4, 33.0
microopt-3, 10, 400, 10, 25, 64, 278.32, 5.99959791, 24, 7.84723400000001, 44994, 1, 35.4, 33.0, 37.1, 32.5
base-microopt-3, 10, 400, 10, 25, 64, 171.96, 3.65952339, , 0, , 1, 35.8, 32.5, 35.4, 32.5
microopt-3, 10, 400, 10, 25, 64, 284.97, 5.43862483, 27, 5.44570900000002, 50672, 1, 34.5, 33.0, 34.5, 32.0
base-microopt-3, 10, 400, 10, 25, 64, 178.43, 3.64562395, , 0, , 1, 34.0, 32.5, 34.2, 32.0
microopt-3, 10, 400, 10, 25, 64, 576.67, 7.60733739, 28, 7.58375799999999, 52394, 1, 34.2, 32.5, 39.6, 36.2
base-microopt-3, 10, 400, 10, 25, 64, 296.38, 4.34202483, , 0, , 1, 38.9, 35.9, 35.4, 32.5
microopt-3, 10, 400, 10, 25, 64, 529.20, 6.37878798, 35, 5.61109599999997, 65298, 1, 34.5, 33.0, 44.2, 40.1
base-microopt-3, 10, 400, 10, 25, 64, 320.50, 4.23245036, , 0, , 1, 45.2, 44.6, 35.4, 33.4
microopt-3, 10, 400, 10, 25, 64, 280.27, 5.37291677, 28, 5.777807, 52072, 1, 39.6, 33.9, 36.1, 33.4
base-microopt-3, 10, 400, 10, 25, 64, 209.42, 3.80951218, , 0, , 1, 35.9, 33.0, 35.4, 33.4
microopt-3, 10, 400, 10, 25, 64, 314.77, 5.53772977, 23, 7.43852500000003, 42879, 1, 35.0, 33.4, 35.0, 32.5
base-microopt-3, 10, 400, 10, 25, 64, 210.06, 3.82145381, , 0, , 1, 35.0, 33.0, 34.0, 32.0
microopt-3, 10, 400, 10, 25, 64, 291.49, 5.43427068, 29, 8.95119499999998, 54763, 1, 34.0, 33.0, 34.5, 32.0
base-microopt-3, 10, 400, 10, 25, 64, 178.07, 3.66767029, , 0, , 1, 34.0, 32.5, 35.9, 32.5
microopt-3, 10, 400, 10, 25, 64, 299.92, 6.05846515, 15, 7.630695, 28499, 1, 35.9, 32.8, 38.4, 32.0
base-microopt-3, 10, 400, 10, 25, 64, 172.27, 3.61655649, , 0, , 1, 35.4, 32.0, 34.0, 32.5
microopt-3, 10, 400, 10, 25, 64, 329.43, 6.14475703, 19, 5.67408599999999, 36252, 1, 34.0, 32.5, 35.0, 32.5
base-microopt-3, 10, 400, 10, 25, 64, 176.97, 3.68172170, , 0, , 1, 36.1, 33.0, 39.6, 32.5
microopt-3, 10, 400, 10, 25, 64, 340.77, 6.22437859, 17, 6.31903599999998, 32349, 1, 35.0, 32.5, 34.0, 31.5
base-microopt-3, 10, 400, 10, 25, 64, 171.42, 3.69392056, , 0, , 1, 34.0, 32.0, 36.1, 32.0
microopt-3, 10, 400, 10, 25, 64, 267.55, 5.33682981, 28, 7.76731899999999, 52251, 1, 35.4, 32.0, 34.0, 31.5
base-microopt-3, 10, 400, 10, 25, 64, 223.40, 3.89969809, , 0, , 1, 34.5, 32.0, 36.6, 32.5
microopt-3, 10, 400, 10, 25, 64, 443.27, 6.22335400, 23, 5.79727000000003, 43460, 1, 36.4, 32.5, 42.2, 37.2
base-microopt-3, 10, 400, 10, 25, 64, 246.14, 3.99834350, , 0, , 1, 47.6, 39.2, 36.9, 33.0
microopt-3, 10, 400, 10, 25, 64, 402.48, 6.38554164, 16, 7.557616, 30414, 1, 39.9, 33.4, 36.9, 32.5
base-microopt-3, 10, 400, 10, 25, 64, 225.95, 3.89507357, , 0, , 1, 35.2, 32.5, 36.9, 34.4
microopt-3, 10, 400, 10, 25, 64, 309.89, 5.56620787, 22, 6.22042599999997, 41271, 1, 37.9, 34.6, 36.1, 32.5
base-microopt-3, 10, 400, 10, 25, 64, 218.15, 3.88037358, , 0, , 1, 35.4, 32.5, 35.4, 33.0
microopt-3, 10, 400, 10, 25, 64, 396.07, 6.46391831, 45, 6.40607, 83895, 1, 36.1, 33.0, 35.4, 32.5
base-microopt-3, 10, 400, 10, 25, 64, 240.04, 3.92657440, , 0, , 1, 34.5, 32.5, 34.0, 33.0
base-microopt-3, 10, 400, 25, 25, 16, 174.47, 3.68945591, , 0, , 1, 34.5, 32.5, 36.4, 32.0
microopt-3, 10, 400, 25, 25, 16, 246.79, 5.24072548, 32, 5.17462, 60574, 1, 34.8, 32.5, 33.5, 31.5
base-microopt-3, 10, 400, 25, 25, 16, 170.27, 3.65763249, , 0, , 1, 34.4, 32.0, 34.8, 32.0
microopt-3, 10, 400, 25, 25, 16, 256.78, 5.28574775, 64, 8.75862999999998, 119994, 1, 34.5, 31.5, 35.4, 32.5
base-microopt-3, 10, 400, 25, 25, 16, 171.49, 3.67712289, , 0, , 1, 34.5, 33.4, 34.5, 31.5
microopt-3, 10, 400, 25, 25, 16, 249.28, 5.26771043, 49, 5.40194400000001, 91251, 1, 34.5, 31.5, 35.4, 32.0
base-microopt-3, 10, 400, 25, 25, 16, 172.93, 3.65289191, , 0, , 1, 34.5, 32.0, 34.0, 32.0
microopt-3, 10, 400, 25, 25, 16, 319.10, 5.61624960, 67, 7.66813000000002, 125620, 1, 34.0, 32.5, 34.0, 31.5
base-microopt-3, 10, 400, 25, 25, 16, 169.19, 3.62900369, , 0, , 1, 34.5, 31.0, 34.0, 31.5
microopt-3, 10, 400, 25, 25, 16, 244.47, 5.28243577, 90, 4.77076599999998, 166424, 1, 34.0, 32.5, 35.9, 32.0
base-microopt-3, 10, 400, 25, 25, 16, 169.29, 3.67729798, , 0, , 1, 35.4, 32.0, 35.9, 32.5
microopt-3, 10, 400, 25, 25, 16, 289.04, 5.48152646, 56, 5.38816600000001, 103513, 1, 36.4, 32.0, 34.8, 32.0
base-microopt-3, 10, 400, 25, 25, 16, 173.66, 3.69797066, , 0, , 1, 34.0, 32.0, 36.6, 32.0
microopt-3, 10, 400, 25, 25, 16, 272.74, 5.37154638, 91, 5.97545200000002, 169370, 1, 35.8, 32.5, 38.6, 33.0
base-microopt-3, 10, 400, 25, 25, 16, 197.40, 3.76053471, , 0, , 1, 35.0, 32.5, 34.5, 31.5
microopt-3, 10, 400, 25, 25, 16, 254.97, 5.27107317, 83, 3.992029, 154156, 1, 34.5, 32.0, 35.2, 32.5
base-microopt-3, 10, 400, 25, 25, 16, 190.56, 3.77499777, , 0, , 1, 34.0, 32.5, 35.4, 31.5
microopt-3, 10, 400, 25, 25, 16, 289.48, 5.93036093, 47, 6.86213500000002, 88230, 1, 34.5, 31.5, 34.0, 32.0
base-microopt-3, 10, 400, 25, 25, 16, 171.13, 3.64708066, , 0, , 1, 33.5, 32.0, 34.5, 36.5
microopt-3, 10, 400, 25, 25, 16, 278.84, 5.88504058, 28, 8.96381500000001, 51706, 1, 34.0, 32.5, 36.4, 32.5
base-microopt-3, 10, 400, 25, 25, 16, 171.62, 3.63621366, , 0, , 1, 35.0, 32.5, 35.9, 31.5
microopt-3, 10, 400, 25, 25, 16, 282.92, 5.36174454, 45, 4.64934899999997, 84180, 1, 33.8, 31.5, 34.0, 32.0
base-microopt-3, 10, 400, 25, 25, 16, 170.23, 3.66382038, , 0, , 1, 34.0, 31.0, 34.0, 32.0
microopt-3, 10, 400, 25, 25, 16, 292.04, 5.97006787, 39, 4.54297200000002, 73066, 1, 35.4, 31.5, 34.0, 32.0
base-microopt-3, 10, 400, 25, 25, 16, 218.23, 3.86301360, , 0, , 1, 34.0, 31.5, 36.9, 32.5
microopt-3, 10, 400, 25, 25, 16, 248.40, 5.25118162, 74, 6.189348, 138841, 1, 35.4, 32.5, 33.5, 32.0
base-microopt-3, 10, 400, 25, 25, 16, 171.55, 3.66598877, , 0, , 1, 34.5, 32.0, 35.0, 31.5
microopt-3, 10, 400, 25, 25, 16, 253.22, 5.24985953, 65, 3.844807, 120337, 1, 34.5, 31.5, 33.5, 32.0
base-microopt-3, 10, 400, 25, 25, 16, 233.77, 3.96249579, , 0, , 2, 37.9, 38.5, 33.0, 33.4
microopt-3, 10, 400, 25, 25, 16, 267.21, 5.36068903, 32, 5.565606, 60337, 2, 32.5, 33.0, 33.0, 33.9
base-microopt-3, 10, 400, 25, 25, 16, 188.28, 3.75690698, , 0, , 2, 33.0, 33.0, 32.5, 33.9
microopt-3, 10, 400, 25, 25, 16, 254.65, 5.23693493, 92, 4.37261599999999, 173349, 1, 36.9, 33.4, 34.2, 32.0
base-microopt-3, 10, 400, 25, 25, 16, 174.35, 3.65752118, , 0, , 1, 34.0, 32.5, 34.5, 32.0
microopt-3, 10, 400, 25, 25, 16, 256.50, 5.23768063, 51, 2.121601, 94764, 1, 34.5, 31.5, 34.0, 32.0
base-microopt-3, 10, 400, 25, 25, 16, 234.37, 3.97057951, , 0, , 1, 33.0, 31.0, 36.6, 33.9
microopt-3, 10, 400, 25, 25, 16, 247.80, 5.23037855, 45, 6.70580100000001, 84056, 1, 36.9, 34.9, 33.5, 32.5
base-microopt-3, 10, 400, 25, 25, 16, 180.41, 3.67032627, , 0, , 1, 33.2, 31.5, 35.9, 32.0
microopt-3, 10, 400, 25, 25, 16, 255.76, 5.25619199, 31, 7.05997500000001, 58460, 1, 34.8, 32.0, 34.8, 32.0
base-microopt-3, 10, 400, 25, 25, 16, 171.23, 3.63948867, , 0, , 1, 37.1, 32.0, 34.0, 31.5
microopt-3, 10, 400, 25, 25, 16, 245.04, 5.23345047, 44, 5.97899699999999, 82535, 1, 33.0, 31.5, 33.5, 31.5
base-microopt-3, 10, 400, 25, 25, 16, 175.33, 3.65555727, , 0, , 1, 34.0, 31.5, 34.5, 31.5
microopt-3, 10, 400, 25, 25, 16, 275.22, 5.35147590, 47, 2.11262299999999, 87123, 1, 34.0, 31.5, 34.8, 32.0
base-microopt-3, 10, 400, 25, 25, 16, 234.72, 3.94138142, , 0, , 1, 34.5, 31.5, 34.8, 32.5
microopt-3, 10, 400, 25, 25, 16, 316.23, 6.07416872, 43, 7.52590500000002, 80104, 1, 34.5, 32.5, 35.0, 32.0
base-microopt-3, 10, 400, 25, 25, 16, 170.89, 3.66367440, , 0, , 1, 34.5, 32.5, 34.0, 31.0
microopt-3, 10, 400, 25, 25, 16, 325.47, 5.60533047, 35, 9.85238399999997, 65312, 1, 34.8, 31.5, 33.5, 31.0
base-microopt-3, 10, 400, 25, 25, 16, 211.25, 3.83252819, , 0, , 1, 34.2, 31.5, 33.5, 32.5
microopt-3, 10, 400, 25, 25, 16, 245.19, 5.24241825, 50, 8.16578900000002, 92410, 1, 33.5, 32.0, 33.5, 31.5
base-microopt-3, 10, 400, 25, 25, 16, 175.09, 3.67894106, , 0, , 1, 34.0, 32.0, 35.9, 32.0
microopt-3, 10, 400, 25, 25, 16, 256.22, 5.24690138, 52, 7.614664, 96297, 1, 35.2, 32.0, 35.2, 31.5
base-microopt-3, 10, 400, 25, 25, 16, 177.53, 3.64649298, , 0, , 1, 34.8, 32.0, 34.0, 32.0
microopt-3, 10, 400, 25, 25, 16, 344.97, 6.21179411, 71, 4.73711400000002, 131939, 1, 34.5, 32.5, 33.0, 32.0
base-microopt-3, 10, 400, 25, 25, 16, 216.16, 3.87079592, , 0, , 1, 33.5, 32.0, 52.2, 33.9
microopt-3, 10, 400, 25, 25, 16, 427.48, 6.58831725, 57, 3.79033500000003, 105639, 1, 51.8, 34.0, 35.0, 32.0
base-microopt-3, 10, 400, 25, 25, 16, 192.05, 3.74576567, , 0, , 1, 34.5, 32.0, 33.5, 31.5
microopt-3, 10, 400, 25, 25, 16, 290.91, 5.41703050, 35, 7.72147200000001, 65669, 1, 33.5, 32.0, 33.5, 32.5
base-microopt-3, 10, 400, 25, 25, 16, 213.16, 3.81050764, , 0, , 1, 34.2, 32.5, 34.0, 32.0
microopt-3, 10, 400, 25, 25, 16, 323.55, 5.63632784, 51, 6.05901499999999, 95558, 1, 34.0, 33.0, 35.0, 33.0
base-microopt-3, 10, 400, 25, 25, 16, 322.70, 4.26250460, , 0, , 1, 35.2, 33.4, 64.0, 42.8
microopt-3, 10, 400, 25, 25, 16, 639.93, 7.54921090, 55, 3.54383999999999, 103223, 1, 57.5, 40.6, 40.2, 38.2
base-microopt-3, 10, 400, 25, 25, 16, 262.45, 4.07908583, , 0, , 1, 39.1, 36.8, 36.9, 32.5
base-microopt-3, 10, 400, 25, 25, 64, 236.93, 3.92808361, , 0, , 1, 35.9, 32.5, 34.5, 32.0
microopt-3, 10, 400, 25, 25, 64, 299.53, 5.46346481, 32, 4.94258300000001, 59909, 1, 36.9, 33.0, 35.4, 32.5
base-microopt-3, 10, 400, 25, 25, 64, 197.45, 3.76638812, , 0, , 1, 35.2, 32.5, 35.4, 33.0
microopt-3, 10, 400, 25, 25, 64, 315.35, 6.06132959, 59, 4.52231499999999, 110117, 1, 35.0, 33.0, 37.9, 34.4
base-microopt-3, 10, 400, 25, 25, 64, 215.54, 3.82752062, , 0, , 1, 37.4, 34.4, 35.0, 33.0
microopt-3, 10, 400, 25, 25, 64, 313.33, 6.06919441, 52, 5.769048, 96652, 1, 35.0, 33.0, 35.9, 33.0
base-microopt-3, 10, 400, 25, 25, 64, 232.49, 3.93794439, , 0, , 1, 35.4, 32.5, 35.9, 34.4
microopt-3, 10, 400, 25, 25, 64, 266.38, 5.34251035, 64, 5.056669, 118281, 1, 35.4, 34.4, 34.0, 31.5
base-microopt-3, 10, 400, 25, 25, 64, 185.29, 3.70062200, , 0, , 1, 35.0, 32.0, 35.4, 32.5
microopt-3, 10, 400, 25, 25, 64, 270.68, 5.35171167, 27, 7.87889999999999, 51129, 1, 36.9, 32.5, 35.4, 33.4
base-microopt-3, 10, 400, 25, 25, 64, 231.18, 3.88291963, , 0, , 1, 35.2, 33.0, 35.9, 33.4
microopt-3, 10, 400, 25, 25, 64, 273.76, 5.31619626, 41, 7.26344499999999, 76411, 1, 35.4, 33.0, 34.5, 31.5
base-microopt-3, 10, 400, 25, 25, 64, 187.96, 3.71655195, , 0, , 1, 34.5, 32.0, 34.0, 32.5
microopt-3, 10, 400, 25, 25, 64, 260.92, 5.30232346, 32, 5.781745, 59590, 1, 33.2, 32.5, 36.6, 32.5
base-microopt-3, 10, 400, 25, 25, 64, 194.01, 3.72713408, , 0, , 1, 35.9, 32.0, 56.0, 32.5
microopt-3, 10, 400, 25, 25, 64, 256.35, 5.28566373, 45, 3.21466700000002, 83491, 1, 52.2, 32.0, 35.8, 32.5
base-microopt-3, 10, 400, 25, 25, 64, 193.07, 3.72472749, , 0, , 1, 35.0, 32.0, 33.5, 32.5
microopt-3, 10, 400, 25, 25, 64, 270.74, 5.34428728, 45, 7.713615, 83275, 1, 34.0, 32.5, 34.5, 32.5
base-microopt-3, 10, 400, 25, 25, 64, 184.58, 3.69098578, , 0, , 1, 34.0, 32.0, 36.6, 32.5
microopt-3, 10, 400, 25, 25, 64, 297.06, 5.97256697, 48, 7.16093000000001, 90159, 1, 35.0, 33.0, 35.9, 31.5
base-microopt-3, 10, 400, 25, 25, 64, 182.42, 3.68333370, , 0, , 1, 34.2, 31.5, 35.4, 32.0
microopt-3, 10, 400, 25, 25, 64, 256.88, 5.26323747, 40, 8.12126999999998, 74270, 1, 35.0, 32.5, 34.0, 31.5
base-microopt-3, 10, 400, 25, 25, 64, 189.52, 3.70791507, , 0, , 1, 34.5, 32.0, 34.5, 31.5
microopt-3, 10, 400, 25, 25, 64, 282.93, 5.36853231, 64, 6.16128700000002, 119501, 1, 34.2, 31.5, 37.9, 32.5
base-microopt-3, 10, 400, 25, 25, 64, 194.77, 3.73737847, , 0, , 1, 35.2, 32.5, 35.0, 32.5
microopt-3, 10, 400, 25, 25, 64, 259.26, 5.29968701, 61, 5.61054899999999, 112994, 1, 34.8, 32.5, 38.1, 31.5
base-microopt-3, 10, 400, 25, 25, 64, 188.76, 3.69880335, , 0, , 1, 40.2, 32.5, 37.1, 33.0
microopt-3, 10, 400, 25, 25, 64, 262.94, 5.28974056, 49, 4.454026, 91607, 1, 37.9, 32.5, 35.4, 32.0
base-microopt-3, 10, 400, 25, 25, 64, 188.68, 3.69891521, , 0, , 1, 35.0, 32.5, 39.4, 32.5
microopt-3, 10, 400, 25, 25, 64, 277.59, 5.34615146, 93, 6.03263700000002, 171255, 1, 35.4, 32.5, 34.5, 33.0
base-microopt-3, 10, 400, 25, 25, 64, 189.03, 3.69388468, , 0, , 1, 34.5, 33.0, 35.0, 32.5
microopt-3, 10, 400, 25, 25, 64, 254.22, 5.28284804, 57, 8.26663100000002, 106357, 1, 35.0, 32.0, 35.8, 32.5
base-microopt-3, 10, 400, 25, 25, 64, 192.05, 3.70634973, , 0, , 1, 35.2, 32.5, 34.5, 31.5
microopt-3, 10, 400, 25, 25, 64, 276.49, 5.38215171, 55, 3.07170000000002, 101931, 1, 34.0, 32.0, 35.4, 32.0
base-microopt-3, 10, 400, 25, 25, 64, 194.46, 3.71186689, , 0, , 1, 34.5, 32.5, 33.5, 32.0
microopt-3, 10, 400, 25, 25, 64, 277.63, 5.35974624, 31, 7.345078, 57734, 1, 34.0, 32.5, 34.9, 32.5
base-microopt-3, 10, 400, 25, 25, 64, 191.48, 3.70632354, , 0, , 1, 34.0, 33.0, 33.0, 32.0
microopt-3, 10, 400, 25, 25, 64, 279.93, 5.35252563, 32, 6.33717999999999, 59248, 1, 33.0, 32.0, 35.0, 32.5
base-microopt-3, 10, 400, 25, 25, 64, 200.28, 3.72798520, , 0, , 1, 34.5, 32.5, 35.2, 32.5
microopt-3, 10, 400, 25, 25, 64, 295.24, 5.94531653, 38, 7.82410399999998, 71673, 1, 34.5, 32.0, 35.0, 32.0
base-microopt-3, 10, 400, 25, 25, 64, 260.47, 4.00059586, , 0, , 1, 36.1, 32.5, 40.8, 37.2
microopt-3, 10, 400, 25, 25, 64, 392.12, 5.81936973, 73, 6.60343499999999, 133882, 1, 42.2, 39.9, 40.4, 33.9
base-microopt-3, 10, 400, 25, 25, 64, 295.96, 4.19856226, , 0, , 1, 35.8, 33.9, 37.6, 32.5
microopt-3, 10, 400, 25, 25, 64, 360.46, 6.31511437, 48, 5.76020899999997, 89636, 1, 37.4, 32.5, 39.6, 36.6
base-microopt-3, 10, 400, 25, 25, 64, 314.84, 4.22234615, , 0, , 1, 36.9, 34.4, 46.1, 42.6
microopt-3, 10, 400, 25, 25, 64, 370.05, 5.83536678, 61, 7.47156200000001, 112564, 1, 48.0, 44.2, 41.5, 38.0
base-microopt-3, 10, 400, 25, 25, 64, 209.47, 3.81777527, , 0, , 1, 39.4, 36.8, 34.2, 32.5
microopt-3, 10, 400, 25, 25, 64, 427.57, 6.08764959, 40, 5.19768900000003, 74416, 1, 33.5, 32.5, 53.6, 43.0
base-microopt-3, 10, 400, 25, 25, 64, 309.36, 4.21086972, , 0, , 1, 61.0, 40.6, 46.1, 44.4
microopt-3, 10, 400, 25, 25, 64, 419.38, 6.05707899, 33, 7.43618800000002, 61777, 1, 49.5, 41.6, 41.5, 38.0
base-microopt-3, 10, 400, 25, 25, 64, 214.05, 3.83073163, , 0, , 1, 39.4, 36.4, 44.2, 41.1
microopt-3, 10, 400, 25, 25, 64, 444.07, 6.69658431, 54, 5.40066100000001, 100573, 1, 43.2, 41.1, 43.2, 37.0
base-microopt-3, 10, 400, 25, 25, 64, 246.30, 3.96533738, , 0, , 1, 44.1, 39.2, 40.8, 35.9
microopt-3, 10, 400, 25, 25, 64, 282.73, 5.40806039, 42, 1.66065400000002, 78519, 1, 37.4, 34.4, 35.8, 33.4
base-microopt-3, 10, 400, 25, 25, 64, 210.98, 3.83035726, , 0, , 1, 36.1, 34.0, 35.4, 33.0
microopt-3, 10, 400, 25, 25, 64, 289.60, 5.47388849, 43, 6.11394899999999, 79545, 1, 35.0, 33.0, 36.9, 33.4
base-microopt-3, 10, 400, 25, 25, 64, 201.99, 3.78649905, , 0, , 1, 35.4, 33.9, 41.8, 34.1
microopt-3, 10, 400, 25, 25, 64, 299.01, 5.51082958, 48, 6.76939399999998, 88289, 1, 41.5, 35.4, 42.5, 33.4
base-microopt-3, 10, 400, 25, 25, 64, 208.89, 3.82387130, , 0, , 1, 40.1, 33.9, 41.2, 36.4
microopt-3, 10, 400, 25, 25, 64, 310.40, 5.54132684, 59, 7.538815, 108748, 1, 38.9, 34.4, 36.1, 32.8
base-microopt-3, 10, 400, 25, 25, 64, 230.58, 3.96626192, , 0, , 1, 35.0, 33.2, 44.2, 42.2
base-microopt-3, 10, 800, 10, 25, 16, 393.45, 4.65184711, , 0, , 1, 48.9, 35.6, 45.1, 41.6
microopt-3, 10, 800, 10, 25, 16, 381.67, 6.40688769, 16, 10.311516, 61061, 1, 45.1, 41.1, 35.9, 33.4
base-microopt-3, 10, 800, 10, 25, 16, 279.05, 4.11286565, , 0, , 1, 35.4, 33.4, 37.9, 33.4
microopt-3, 10, 800, 10, 25, 16, 491.74, 6.27418744, 19, 5.847511, 72128, 1, 38.4, 34.1, 52.8, 39.2
base-microopt-3, 10, 800, 10, 25, 16, 259.14, 3.90652118, , 0, , 1, 44.6, 42.2, 44.0, 38.5
microopt-3, 10, 800, 10, 25, 16, 360.48, 6.18323923, 19, 3.352823, 71770, 1, 39.4, 36.4, 56.0, 37.0
base-microopt-3, 10, 800, 10, 25, 16, 258.92, 3.90514447, , 0, , 1, 66.4, 37.2, 40.1, 36.9
microopt-3, 10, 800, 10, 25, 16, 271.01, 5.34426899, 20, 7.92366199999998, 75226, 1, 38.9, 35.6, 36.9, 32.8
base-microopt-3, 10, 800, 10, 25, 16, 188.53, 3.72036832, , 0, , 1, 35.8, 33.0, 51.0, 42.8
microopt-3, 10, 800, 10, 25, 16, 267.16, 5.32087589, 22, 6.87157300000001, 83986, 1, 39.1, 34.0, 34.5, 32.5
base-microopt-3, 10, 800, 10, 25, 16, 266.09, 4.00221377, , 0, , 1, 34.5, 33.0, 42.8, 36.1
microopt-3, 10, 800, 10, 25, 16, 279.59, 6.00797514, 39, 5.96762999999999, 145382, 1, 37.9, 34.9, 35.4, 31.5
base-microopt-3, 10, 800, 10, 25, 16, 170.50, 3.66339177, , 0, , 1, 34.5, 32.5, 34.5, 31.5
microopt-3, 10, 800, 10, 25, 16, 276.42, 5.92231469, 19, 7.50738100000001, 73126, 1, 35.0, 33.0, 35.8, 32.0
base-microopt-3, 10, 800, 10, 25, 16, 168.57, 3.66317041, , 0, , 1, 34.5, 32.5, 36.9, 32.8
microopt-3, 10, 800, 10, 25, 16, 242.32, 5.26899464, 33, 9.47255699999999, 125353, 1, 39.4, 34.6, 35.2, 31.0
base-microopt-3, 10, 800, 10, 25, 16, 164.55, 3.65257602, , 0, , 1, 34.8, 33.2, 34.0, 32.0
microopt-3, 10, 800, 10, 25, 16, 272.20, 5.90634390, 21, 10.450953, 78509, 1, 34.0, 32.8, 34.5, 32.2
base-microopt-3, 10, 800, 10, 25, 16, 161.89, 3.66562835, , 0, , 1, 33.8, 32.0, 34.5, 32.0
microopt-3, 10, 800, 10, 25, 16, 232.48, 5.23721679, 21, 7.91940699999998, 80060, 1, 34.5, 32.5, 34.8, 31.2
base-microopt-3, 10, 800, 10, 25, 16, 164.29, 3.66224648, , 0, , 1, 34.2, 31.8, 36.1, 33.8
microopt-3, 10, 800, 10, 25, 16, 266.30, 5.89055229, 16, 3.24291399999998, 60997, 1, 36.6, 32.8, 35.8, 31.5
base-microopt-3, 10, 800, 10, 25, 16, 166.76, 3.66470049, , 0, , 1, 34.8, 32.0, 37.1, 32.0
microopt-3, 10, 800, 10, 25, 16, 238.98, 5.20414210, 15, 9.884365, 57796, 1, 35.4, 32.0, 33.0, 31.5
base-microopt-3, 10, 800, 10, 25, 16, 166.05, 3.64057297, , 0, , 1, 32.5, 31.5, 34.0, 32.0
microopt-3, 10, 800, 10, 25, 16, 288.41, 6.09565862, 24, 6.62267100000003, 90110, 2, 34.2, 35.6, 35.2, 36.1
base-microopt-3, 10, 800, 10, 25, 16, 180.96, 3.76829675, , 0, , 2, 33.0, 34.4, 33.2, 33.9
microopt-3, 10, 800, 10, 25, 16, 237.95, 5.20747845, 15, 4.03196500000001, 56641, 1, 33.8, 33.4, 33.5, 31.0
base-microopt-3, 10, 800, 10, 25, 16, 168.32, 3.64815975, , 0, , 1, 33.5, 31.5, 33.5, 32.0
microopt-3, 10, 800, 10, 25, 16, 269.90, 5.96906867, 23, 5.87623400000001, 86905, 1, 33.0, 32.0, 35.8, 32.0
base-microopt-3, 10, 800, 10, 25, 16, 161.16, 3.64212853, , 0, , 1, 34.8, 32.5, 33.8, 31.5
microopt-3, 10, 800, 10, 25, 16, 260.44, 5.86506937, 25, 6.88827800000001, 94197, 1, 35.8, 31.5, 35.2, 31.5
base-microopt-3, 10, 800, 10, 25, 16, 162.79, 3.64981536, , 0, , 1, 34.8, 31.5, 33.2, 31.5
microopt-3, 10, 800, 10, 25, 16, 230.74, 5.19514479, 39, 6.16125599999998, 146713, 1, 33.2, 31.0, 35.9, 32.2
base-microopt-3, 10, 800, 10, 25, 16, 164.06, 3.62276687, , 0, , 1, 34.5, 32.5, 33.0, 31.0
microopt-3, 10, 800, 10, 25, 16, 236.31, 5.23297208, 18, 6.226653, 68416, 1, 36.4, 33.2, 35.9, 31.8
base-microopt-3, 10, 800, 10, 25, 16, 167.34, 3.64592488, , 0, , 1, 33.5, 31.5, 34.0, 31.5
microopt-3, 10, 800, 10, 25, 16, 237.64, 5.23369871, 15, 5.00252699999999, 57050, 1, 35.0, 32.0, 33.5, 31.0
base-microopt-3, 10, 800, 10, 25, 16, 180.38, 3.76279278, , 0, , 2, 34.2, 35.6, 32.2, 33.4
microopt-3, 10, 800, 10, 25, 16, 268.63, 5.86776611, 23, 2.557975, 86768, 1, 33.2, 33.0, 35.4, 32.0
base-microopt-3, 10, 800, 10, 25, 16, 165.27, 3.67533816, , 0, , 1, 34.2, 32.0, 35.2, 31.5
microopt-3, 10, 800, 10, 25, 16, 241.08, 5.20923002, 12, 10.688367, 45944, 1, 34.0, 31.5, 33.0, 31.0
base-microopt-3, 10, 800, 10, 25, 16, 162.97, 3.64523328, , 0, , 1, 33.0, 32.0, 33.8, 31.5
microopt-3, 10, 800, 10, 25, 16, 258.75, 5.86813815, 18, 9.71115800000001, 68762, 1, 33.8, 31.5, 35.8, 32.8
base-microopt-3, 10, 800, 10, 25, 16, 162.90, 3.66663422, , 0, , 1, 33.5, 31.8, 36.6, 31.0
microopt-3, 10, 800, 10, 25, 16, 236.73, 5.25430859, 20, 8.10286300000001, 76148, 1, 39.6, 31.8, 33.5, 31.5
base-microopt-3, 10, 800, 10, 25, 16, 167.40, 3.64247363, , 0, , 1, 33.2, 32.0, 32.5, 31.0
microopt-3, 10, 800, 10, 25, 16, 241.73, 5.26326592, 14, 10.421588, 53401, 1, 33.2, 32.0, 35.8, 31.5
base-microopt-3, 10, 800, 10, 25, 16, 161.00, 3.65804602, , 0, , 1, 34.0, 32.0, 34.2, 31.0
microopt-3, 10, 800, 10, 25, 16, 239.13, 5.27539639, 15, 7.94300500000003, 57250, 1, 35.9, 32.2, 35.4, 31.8
base-microopt-3, 10, 800, 10, 25, 16, 165.76, 3.66664557, , 0, , 1, 34.5, 32.0, 34.2, 31.0
microopt-3, 10, 800, 10, 25, 16, 262.80, 5.88491637, 27, 4.44306599999999, 101473, 1, 42.0, 33.2, 34.5, 31.5
base-microopt-3, 10, 800, 10, 25, 16, 167.17, 3.65650980, , 0, , 1, 34.2, 31.5, 33.8, 31.0
microopt-3, 10, 800, 10, 25, 16, 235.69, 5.26570378, 25, 4.992615, 94083, 1, 33.5, 32.0, 36.4, 33.0
base-microopt-3, 10, 800, 10, 25, 16, 164.08, 3.65068793, , 0, , 1, 36.4, 33.2, 34.8, 31.5
microopt-3, 10, 800, 10, 25, 16, 271.39, 5.90546714, 19, 4.73294199999998, 72085, 1, 35.2, 31.5, 37.6, 35.1
base-microopt-3, 10, 800, 10, 25, 16, 164.65, 3.67111456, , 0, , 1, 34.0, 32.0, 39.8, 35.1
microopt-3, 10, 800, 10, 25, 16, 232.20, 5.23918566, 15, 10.099565, 57450, 1, 35.8, 32.0, 33.8, 30.5
base-microopt-3, 10, 800, 10, 25, 16, 165.73, 3.65418932, , 0, , 1, 33.2, 31.5, 33.5, 31.5
microopt-3, 10, 800, 10, 25, 16, 233.51, 5.24050160, 28, 6.28064499999999, 105004, 1, 36.9, 34.9, 33.8, 30.5
base-microopt-3, 10, 800, 10, 25, 16, 172.49, 3.68153937, , 0, , 1, 33.0, 31.5, 35.9, 31.5
base-microopt-3, 10, 800, 10, 25, 64, 164.92, 3.65239599, , 0, , 1, 34.5, 32.5, 33.0, 31.5
microopt-3, 10, 800, 10, 25, 64, 286.05, 5.93249140, 15, 7.020713, 57208, 1, 33.2, 32.0, 34.8, 32.0
base-microopt-3, 10, 800, 10, 25, 64, 164.67, 3.66268618, , 0, , 1, 35.8, 32.2, 34.2, 31.0
microopt-3, 10, 800, 10, 25, 64, 258.77, 5.38739916, 20, 5.27847100000002, 75112, 2, 34.2, 39.9, 32.5, 33.9
base-microopt-3, 10, 800, 10, 25, 64, 183.67, 3.76555052, , 0, , 2, 33.0, 33.9, 34.0, 34.6
microopt-3, 10, 800, 10, 25, 64, 266.02, 5.88908952, 21, 7.30511899999999, 79963, 1, 37.6, 34.6, 35.8, 31.0
base-microopt-3, 10, 800, 10, 25, 64, 166.38, 3.64681214, , 0, , 1, 35.0, 31.5, 33.5, 31.5
microopt-3, 10, 800, 10, 25, 64, 241.26, 5.23355214, 24, 6.13705599999997, 90265, 1, 34.2, 31.5, 33.8, 31.5
base-microopt-3, 10, 800, 10, 25, 64, 163.90, 3.64443781, , 0, , 1, 33.0, 31.5, 35.4, 31.2
microopt-3, 10, 800, 10, 25, 64, 263.40, 5.89440569, 31, 7.70798100000002, 117116, 1, 34.0, 32.0, 41.0, 35.6
base-microopt-3, 10, 800, 10, 25, 64, 168.41, 3.67024533, , 0, , 1, 36.4, 32.8, 39.4, 35.9
microopt-3, 10, 800, 10, 25, 64, 331.50, 6.04590140, 23, 4.35868299999998, 86150, 1, 41.5, 39.8, 68.9, 33.8
base-microopt-3, 10, 800, 10, 25, 64, 288.86, 3.98070879, , 0, , 1, 68.9, 33.5, 62.5, 32.5
microopt-3, 10, 800, 10, 25, 64, 274.63, 5.88730243, 18, 6.38682899999998, 68764, 1, 68.9, 33.5, 37.6, 31.5
base-microopt-3, 10, 800, 10, 25, 64, 163.43, 3.65609550, , 0, , 1, 35.0, 32.5, 34.0, 31.5
microopt-3, 10, 800, 10, 25, 64, 262.34, 5.89258101, 20, 7.11267900000001, 75990, 1, 34.5, 32.0, 34.2, 31.5
base-microopt-3, 10, 800, 10, 25, 64, 166.74, 3.64202439, , 0, , 1, 34.2, 31.5, 37.1, 31.0
microopt-3, 10, 800, 10, 25, 64, 272.57, 5.92947054, 29, 5.27594900000003, 109556, 1, 33.5, 32.0, 34.8, 31.0
base-microopt-3, 10, 800, 10, 25, 64, 161.71, 3.66975321, , 0, , 1, 34.0, 32.0, 33.8, 31.5
microopt-3, 10, 800, 10, 25, 64, 260.99, 5.88339000, 20, 4.60087399999998, 75027, 1, 34.2, 31.5, 38.1, 31.2
base-microopt-3, 10, 800, 10, 25, 64, 166.73, 3.65888729, , 0, , 1, 35.0, 32.0, 33.2, 31.5
microopt-3, 10, 800, 10, 25, 64, 238.77, 5.21589493, 25, 4.72175800000002, 93754, 1, 33.2, 32.0, 33.2, 30.1
base-microopt-3, 10, 800, 10, 25, 64, 161.08, 3.65922380, , 0, , 1, 33.0, 31.0, 33.8, 31.0
microopt-3, 10, 800, 10, 25, 64, 259.29, 5.88022045, 28, 4.26663100000002, 104855, 1, 33.5, 31.0, 36.1, 32.5
base-microopt-3, 10, 800, 10, 25, 64, 164.01, 3.68325988, , 0, , 1, 34.2, 31.0, 35.0, 31.5
microopt-3, 10, 800, 10, 25, 64, 262.01, 5.90197866, 24, 6.92343099999999, 90631, 1, 35.4, 31.5, 36.4, 31.0
base-microopt-3, 10, 800, 10, 25, 64, 164.95, 3.66680143, , 0, , 1, 34.8, 34.4, 33.8, 31.5
microopt-3, 10, 800, 10, 25, 64, 263.72, 5.86929372, 23, 7.38514700000002, 85975, 1, 34.5, 31.5, 34.0, 32.0
base-microopt-3, 10, 800, 10, 25, 64, 165.30, 3.66110070, , 0, , 1, 33.5, 32.0, 34.8, 31.0
microopt-3, 10, 800, 10, 25, 64, 262.64, 5.88927589, 16, 8.99302799999998, 60445, 1, 35.8, 33.8, 34.5, 42.8
base-microopt-3, 10, 800, 10, 25, 64, 162.69, 3.65766977, , 0, , 1, 35.9, 32.0, 36.9, 31.0
microopt-3, 10, 800, 10, 25, 64, 261.60, 5.86997500, 16, 5.05250799999999, 60533, 1, 34.0, 31.5, 34.5, 31.0
base-microopt-3, 10, 800, 10, 25, 64, 165.65, 3.64416797, , 0, , 1, 33.8, 31.5, 35.0, 31.4
microopt-3, 10, 800, 10, 25, 64, 265.14, 5.87570972, 14, 13.21123, 53179, 1, 35.0, 31.8, 35.8, 31.0
base-microopt-3, 10, 800, 10, 25, 64, 164.51, 3.65569711, , 0, , 1, 34.5, 31.5, 35.9, 31.2
microopt-3, 10, 800, 10, 25, 64, 267.00, 5.89637271, 30, 6.132159, 112528, 1, 33.5, 31.5, 37.4, 32.8
base-microopt-3, 10, 800, 10, 25, 64, 167.89, 3.66777980, , 0, , 1, 34.5, 32.0, 35.8, 31.0
microopt-3, 10, 800, 10, 25, 64, 267.19, 5.88876982, 20, 3.18368099999998, 76368, 1, 35.4, 32.2, 34.0, 31.5
base-microopt-3, 10, 800, 10, 25, 64, 161.38, 3.65975694, , 0, , 1, 34.0, 32.5, 35.2, 31.0
microopt-3, 10, 800, 10, 25, 64, 234.40, 5.22438449, 28, 4.33052400000003, 105892, 1, 34.2, 31.5, 32.8, 31.0
base-microopt-3, 10, 800, 10, 25, 64, 165.05, 3.63859828, , 0, , 1, 33.0, 31.5, 33.5, 31.5
microopt-3, 10, 800, 10, 25, 64, 237.30, 5.22094623, 16, 11.274889, 60872, 1, 33.2, 31.5, 33.2, 30.5
base-microopt-3, 10, 800, 10, 25, 64, 179.19, 3.68257219, , 0, , 1, 33.5, 31.5, 34.5, 32.0
microopt-3, 10, 800, 10, 25, 64, 270.64, 5.89253855, 14, 9.29906299999999, 53638, 1, 34.0, 32.0, 34.5, 31.6
base-microopt-3, 10, 800, 10, 25, 64, 164.82, 3.64933535, , 0, , 1, 34.0, 32.5, 35.8, 31.5
microopt-3, 10, 800, 10, 25, 64, 235.46, 5.26279580, 26, 7.78602699999999, 97691, 1, 34.0, 31.5, 34.5, 32.0
base-microopt-3, 10, 800, 10, 25, 64, 164.61, 3.66283525, , 0, , 1, 34.2, 31.5, 36.6, 32.2
microopt-3, 10, 800, 10, 25, 64, 266.12, 5.88225814, 33, 3.40528899999998, 123603, 1, 37.6, 32.5, 34.9, 31.5
base-microopt-3, 10, 800, 10, 25, 64, 165.18, 3.64735443, , 0, , 1, 34.0, 32.0, 34.8, 33.0
microopt-3, 10, 800, 10, 25, 64, 276.51, 5.91111717, 18, 9.50228199999998, 67581, 1, 33.8, 32.0, 33.0, 30.5
base-microopt-3, 10, 800, 10, 25, 64, 167.10, 3.66114960, , 0, , 1, 34.0, 31.8, 36.4, 32.2
microopt-3, 10, 800, 10, 25, 64, 264.89, 5.89172597, 33, 7.90223500000002, 124237, 1, 35.4, 31.5, 35.0, 31.5
base-microopt-3, 10, 800, 10, 25, 64, 167.83, 3.66545672, , 0, , 1, 34.5, 31.5, 34.2, 31.5
microopt-3, 10, 800, 10, 25, 64, 263.47, 5.89982032, 25, 6.84762899999998, 94409, 1, 34.0, 32.0, 38.1, 31.0
base-microopt-3, 10, 800, 10, 25, 64, 164.87, 3.63648270, , 0, , 1, 35.0, 31.5, 33.2, 31.0
microopt-3, 10, 800, 10, 25, 64, 239.10, 5.23355589, 16, 8.23282599999999, 60512, 1, 33.0, 31.5, 33.2, 31.1
base-microopt-3, 10, 800, 10, 25, 64, 168.07, 3.64066953, , 0, , 1, 33.5, 32.0, 34.0, 31.0
microopt-3, 10, 800, 10, 25, 64, 262.78, 5.85203173, 16, 6.29647, 60547, 1, 35.4, 32.2, 33.5, 31.5
base-microopt-3, 10, 800, 10, 25, 64, 163.80, 3.66028533, , 0, , 1, 34.0, 32.0, 34.2, 31.5
microopt-3, 10, 800, 10, 25, 64, 236.69, 5.22713726, 27, 5.83939199999998, 102028, 1, 33.8, 31.5, 33.8, 30.1
base-microopt-3, 10, 800, 10, 25, 64, 166.41, 3.63889553, , 0, , 1, 33.2, 31.5, 33.2, 31.0
base-microopt-3, 10, 800, 25, 25, 16, 164.28, 3.64679287, , 0, , 1, 33.2, 31.5, 34.8, 31.5
microopt-3, 10, 800, 25, 25, 16, 234.69, 5.22932579, 37, 5.40098399999999, 137557, 1, 34.0, 32.0, 33.2, 31.0
base-microopt-3, 10, 800, 25, 25, 16, 162.48, 3.64863064, , 0, , 1, 34.2, 31.5, 33.8, 30.5
microopt-3, 10, 800, 25, 25, 16, 238.29, 5.21909433, 43, 2.72379100000001, 160743, 1, 33.8, 31.5, 33.0, 31.5
base-microopt-3, 10, 800, 25, 25, 16, 162.13, 3.64095531, , 0, , 1, 33.0, 32.0, 32.8, 30.5
microopt-3, 10, 800, 25, 25, 16, 244.83, 5.25027497, 39, 3.54571099999998, 146326, 1, 34.0, 31.0, 35.2, 33.0
base-microopt-3, 10, 800, 25, 25, 16, 166.98, 3.65037317, , 0, , 1, 33.5, 32.0, 36.4, 32.5
microopt-3, 10, 800, 25, 25, 16, 262.35, 5.89988301, 109, 4.94182499999999, 404143, 1, 34.0, 31.5, 37.6, 31.2
base-microopt-3, 10, 800, 25, 25, 16, 168.32, 3.65651229, , 0, , 1, 34.8, 32.0, 34.8, 31.5
microopt-3, 10, 800, 25, 25, 16, 241.92, 5.26675259, 51, 4.32568199999997, 191273, 1, 36.9, 35.6, 34.2, 31.5
base-microopt-3, 10, 800, 25, 25, 16, 168.54, 3.68008768, , 0, , 1, 33.5, 32.0, 35.8, 31.5
microopt-3, 10, 800, 25, 25, 16, 240.28, 5.22012152, 48, 5.72183000000001, 179942, 1, 35.4, 32.0, 33.0, 31.5
base-microopt-3, 10, 800, 25, 25, 16, 160.90, 3.65877652, , 0, , 1, 33.5, 32.0, 33.2, 31.0
microopt-3, 10, 800, 25, 25, 16, 240.95, 5.23546106, 53, 5.95297099999999, 198379, 1, 33.5, 31.0, 33.0, 32.0
base-microopt-3, 10, 800, 25, 25, 16, 170.15, 3.68324916, , 0, , 1, 33.0, 32.0, 35.9, 31.5
microopt-3, 10, 800, 25, 25, 16, 265.19, 5.88415857, 68, 2.02933400000001, 251386, 1, 34.0, 32.0, 36.4, 32.2
base-microopt-3, 10, 800, 25, 25, 16, 161.22, 3.64693050, , 0, , 1, 35.0, 32.0, 34.2, 31.5
microopt-3, 10, 800, 25, 25, 16, 239.82, 5.23729068, 55, 5.69115699999998, 205204, 1, 34.2, 31.0, 34.0, 31.8
base-microopt-3, 10, 800, 25, 25, 16, 166.20, 3.64200078, , 0, , 1, 34.0, 31.5, 36.6, 33.2
microopt-3, 10, 800, 25, 25, 16, 238.15, 5.24646133, 29, 5.90520800000002, 108401, 1, 34.0, 31.5, 38.4, 31.0
base-microopt-3, 10, 800, 25, 25, 16, 161.22, 3.64072800, , 0, , 1, 33.5, 32.0, 35.9, 30.4
microopt-3, 10, 800, 25, 25, 16, 241.17, 5.24686738, 98, 5.57932499999998, 364414, 1, 37.1, 32.0, 34.2, 31.2
base-microopt-3, 10, 800, 25, 25, 16, 166.61, 3.64523557, , 0, , 1, 33.0, 31.5, 34.2, 32.0
microopt-3, 10, 800, 25, 25, 16, 244.32, 5.25653953, 64, 6.28455000000002, 237473, 1, 34.9, 32.0, 33.5, 31.5
base-microopt-3, 10, 800, 25, 25, 16, 162.63, 3.65095455, , 0, , 1, 33.5, 32.0, 33.5, 31.0
microopt-3, 10, 800, 25, 25, 16, 262.73, 5.89737802, 71, 4.66590300000001, 262983, 1, 33.5, 32.0, 36.4, 31.5
base-microopt-3, 10, 800, 25, 25, 16, 162.80, 3.64461476, , 0, , 1, 37.4, 33.9, 32.8, 30.1
microopt-3, 10, 800, 25, 25, 16, 236.80, 5.25570989, 30, 4.61110100000002, 111768, 1, 33.5, 31.5, 34.2, 32.0
base-microopt-3, 10, 800, 25, 25, 16, 165.82, 3.67290777, , 0, , 1, 33.0, 32.0, 36.9, 31.2
microopt-3, 10, 800, 25, 25, 16, 240.48, 5.22877002, 56, 8.228161, 209266, 1, 37.4, 33.0, 34.8, 31.5
base-microopt-3, 10, 800, 25, 25, 16, 161.76, 3.65314227, , 0, , 1, 32.8, 31.5, 34.2, 30.5
microopt-3, 10, 800, 25, 25, 16, 228.41, 5.20193079, 39, 5.38514300000003, 145053, 1, 34.2, 31.0, 34.8, 31.0
base-microopt-3, 10, 800, 25, 25, 16, 163.42, 3.63815716, , 0, , 1, 33.5, 31.5, 33.5, 30.5
microopt-3, 10, 800, 25, 25, 16, 268.23, 5.86947562, 76, 5.74936100000002, 281797, 1, 35.0, 31.5, 36.4, 33.0
base-microopt-3, 10, 800, 25, 25, 16, 168.76, 3.64632104, , 0, , 1, 33.5, 31.5, 33.0, 30.5
microopt-3, 10, 800, 25, 25, 16, 238.30, 5.24493296, 82, 5.58314300000001, 304786, 1, 33.5, 31.5, 37.1, 33.8
base-microopt-3, 10, 800, 25, 25, 16, 164.11, 3.64970979, , 0, , 1, 33.5, 32.0, 34.0, 31.0
microopt-3, 10, 800, 25, 25, 16, 272.10, 5.92283827, 59, 6.20529399999998, 220166, 1, 34.0, 31.5, 32.8, 31.0
base-microopt-3, 10, 800, 25, 25, 16, 166.20, 3.64987278, , 0, , 1, 34.0, 31.5, 35.9, 32.5
microopt-3, 10, 800, 25, 25, 16, 269.40, 5.90445064, 116, 3.68460800000003, 431229, 1, 34.5, 32.2, 32.8, 31.0
base-microopt-3, 10, 800, 25, 25, 16, 166.71, 3.65604132, , 0, , 1, 32.5, 31.0, 34.2, 30.5
microopt-3, 10, 800, 25, 25, 16, 240.06, 5.24329693, 33, 5.807974, 123796, 1, 33.8, 31.0, 38.4, 32.0
base-microopt-3, 10, 800, 25, 25, 16, 165.40, 3.66429969, , 0, , 1, 33.2, 32.0, 34.0, 31.5
microopt-3, 10, 800, 25, 25, 16, 237.19, 5.21584979, 36, 4.51780200000002, 134692, 1, 34.0, 31.5, 33.5, 30.5
base-microopt-3, 10, 800, 25, 25, 16, 163.79, 3.63211595, , 0, , 1, 34.2, 31.0, 33.8, 30.5
microopt-3, 10, 800, 25, 25, 16, 241.43, 5.24233212, 36, 5.86059999999998, 135015, 1, 34.2, 31.5, 34.2, 31.4
base-microopt-3, 10, 800, 25, 25, 16, 165.65, 3.66170504, , 0, , 1, 33.5, 31.5, 35.2, 31.0
microopt-3, 10, 800, 25, 25, 16, 237.61, 5.23338105, 29, 3.83750800000001, 108411, 1, 33.5, 31.5, 33.2, 31.0
base-microopt-3, 10, 800, 25, 25, 16, 161.34, 3.63885062, , 0, , 1, 34.2, 31.1, 33.0, 30.5
microopt-3, 10, 800, 25, 25, 16, 252.34, 5.39749549, 52, 5.80128200000001, 193388, 2, 33.5, 33.8, 33.0, 35.6
base-microopt-3, 10, 800, 25, 25, 16, 175.97, 3.75402926, , 0, , 2, 32.0, 34.4, 31.8, 32.5
microopt-3, 10, 800, 25, 25, 16, 289.50, 6.03246289, 43, 6.69846699999999, 160454, 2, 32.0, 33.0, 33.0, 33.0
base-microopt-3, 10, 800, 25, 25, 16, 166.87, 3.64403431, , 0, , 1, 34.8, 33.5, 35.9, 33.0
microopt-3, 10, 800, 25, 25, 16, 243.34, 5.22012980, 40, 5.70726300000001, 149905, 1, 34.0, 32.0, 32.5, 31.5
base-microopt-3, 10, 800, 25, 25, 16, 161.87, 3.64902690, , 0, , 1, 33.0, 31.5, 35.2, 31.0
microopt-3, 10, 800, 25, 25, 16, 261.83, 5.86673078, 74, 5.95181200000002, 275197, 1, 54.8, 31.5, 33.5, 31.5
base-microopt-3, 10, 800, 25, 25, 16, 165.61, 3.65668345, , 0, , 1, 33.5, 32.0, 33.5, 31.5
microopt-3, 10, 800, 25, 25, 16, 262.84, 5.90276415, 68, 6.38898499999999, 254308, 1, 34.0, 32.0, 35.2, 31.0
base-microopt-3, 10, 800, 25, 25, 16, 166.73, 3.65505270, , 0, , 1, 34.8, 31.5, 33.2, 31.0
microopt-3, 10, 800, 25, 25, 16, 266.05, 5.88424003, 33, 5.31667099999999, 124318, 1, 33.5, 31.5, 35.9, 31.8
base-microopt-3, 10, 800, 25, 25, 16, 165.59, 3.65000796, , 0, , 1, 34.0, 32.5, 36.9, 34.6
base-microopt-3, 10, 800, 25, 25, 64, 161.30, 3.65062379, , 0, , 1, 34.5, 31.5, 34.2, 32.0
microopt-3, 10, 800, 25, 25, 64, 263.71, 5.86507221, 28, 6.01910500000002, 105165, 1, 34.0, 31.5, 34.0, 31.5
base-microopt-3, 10, 800, 25, 25, 64, 161.01, 3.64225797, , 0, , 1, 34.0, 32.0, 33.5, 31.0
microopt-3, 10, 800, 25, 25, 64, 233.56, 5.21676530, 44, 6.91601100000003, 163826, 1, 34.5, 31.0, 34.8, 31.5
base-microopt-3, 10, 800, 25, 25, 64, 164.59, 3.65456494, , 0, , 1, 34.0, 31.5, 35.0, 31.0
microopt-3, 10, 800, 25, 25, 64, 270.38, 5.92124765, 56, 2.36568399999999, 208450, 1, 37.9, 32.0, 33.8, 30.9
base-microopt-3, 10, 800, 25, 25, 64, 166.02, 3.65065492, , 0, , 1, 33.2, 31.5, 35.2, 31.2
microopt-3, 10, 800, 25, 25, 64, 269.84, 5.90412580, 41, 8.26707800000003, 153627, 1, 33.5, 31.0, 34.0, 31.0
base-microopt-3, 10, 800, 25, 25, 64, 163.98, 3.64816433, , 0, , 1, 33.5, 31.5, 35.2, 31.0
microopt-3, 10, 800, 25, 25, 64, 266.20, 5.89300502, 42, 6.30084499999998, 157438, 1, 34.2, 31.5, 40.4, 32.2
base-microopt-3, 10, 800, 25, 25, 64, 165.06, 3.65487346, , 0, , 1, 36.9, 33.5, 35.9, 33.5
microopt-3, 10, 800, 25, 25, 64, 271.74, 5.92552995, 84, 2.23231299999998, 311376, 1, 34.0, 32.0, 33.2, 31.5
base-microopt-3, 10, 800, 25, 25, 64, 166.70, 3.63929341, , 0, , 1, 33.2, 32.0, 33.0, 31.5
microopt-3, 10, 800, 25, 25, 64, 264.26, 5.89670961, 30, 4.07994100000002, 112694, 1, 34.0, 32.0, 36.4, 30.6
base-microopt-3, 10, 800, 25, 25, 64, 167.66, 3.64309910, , 0, , 1, 34.0, 31.8, 33.0, 32.0
microopt-3, 10, 800, 25, 25, 64, 268.27, 5.95344505, 38, 5.44027699999998, 142126, 1, 33.5, 31.5, 34.0, 31.0
base-microopt-3, 10, 800, 25, 25, 64, 166.93, 3.63882223, , 0, , 1, 34.8, 31.0, 32.5, 31.0
microopt-3, 10, 800, 25, 25, 64, 237.60, 5.23145598, 34, 4.31597499999998, 128217, 1, 33.5, 32.0, 33.0, 30.1
base-microopt-3, 10, 800, 25, 25, 64, 166.11, 3.65429533, , 0, , 1, 32.5, 31.0, 33.0, 31.5
microopt-3, 10, 800, 25, 25, 64, 270.54, 5.95339928, 31, 7.05190900000002, 116732, 1, 33.2, 31.5, 33.8, 30.5
base-microopt-3, 10, 800, 25, 25, 64, 166.43, 3.64851993, , 0, , 1, 33.2, 31.5, 33.5, 31.5
microopt-3, 10, 800, 25, 25, 64, 268.87, 5.91160242, 117, 2.44421899999998, 433787, 1, 34.0, 31.5, 33.5, 30.9
base-microopt-3, 10, 800, 25, 25, 64, 166.88, 3.65706754, , 0, , 1, 33.5, 32.5, 37.6, 33.2
microopt-3, 10, 800, 25, 25, 64, 270.21, 5.93948168, 70, 4.74947500000002, 260272, 1, 35.0, 31.2, 34.2, 30.5
base-microopt-3, 10, 800, 25, 25, 64, 166.42, 3.61670742, , 0, , 1, 33.8, 31.0, 34.0, 31.0
microopt-3, 10, 800, 25, 25, 64, 336.03, 6.23652315, 36, 6.859397, 135415, 1, 33.0, 32.0, 40.2, 36.1
base-microopt-3, 10, 800, 25, 25, 64, 265.11, 4.09753247, , 0, , 1, 36.9, 33.8, 41.8, 37.2
microopt-3, 10, 800, 25, 25, 64, 417.62, 5.91821139, 29, 8.45316400000002, 109824, 1, 39.6, 38.5, 38.1, 35.1
base-microopt-3, 10, 800, 25, 25, 64, 191.54, 3.72484964, , 0, , 1, 36.1, 33.0, 41.2, 38.8
microopt-3, 10, 800, 25, 25, 64, 246.11, 5.30073104, 39, 4.78115100000002, 145368, 1, 35.4, 33.5, 46.4, 32.8
base-microopt-3, 10, 800, 25, 25, 64, 167.20, 3.68729856, , 0, , 1, 35.4, 32.0, 41.0, 36.1
microopt-3, 10, 800, 25, 25, 64, 271.80, 5.97222112, 47, 5.831344, 174243, 1, 38.9, 36.9, 34.0, 32.5
base-microopt-3, 10, 800, 25, 25, 64, 165.22, 3.65005013, , 0, , 1, 34.0, 31.5, 33.5, 32.0
microopt-3, 10, 800, 25, 25, 64, 233.29, 5.20541966, 31, 3.91715699999997, 115512, 1, 33.5, 31.5, 32.2, 30.5
base-microopt-3, 10, 800, 25, 25, 64, 162.59, 3.64537334, , 0, , 1, 32.5, 31.0, 33.5, 32.0
microopt-3, 10, 800, 25, 25, 64, 290.25, 6.00914036, 50, 4.25277, 185525, 1, 33.5, 32.0, 41.5, 33.4
base-microopt-3, 10, 800, 25, 25, 64, 176.05, 3.69620884, , 0, , 1, 35.8, 33.9, 38.6, 32.8
microopt-3, 10, 800, 25, 25, 64, 275.74, 5.35578541, 42, 4.83864, 156150, 1, 35.9, 32.5, 34.0, 32.0
base-microopt-3, 10, 800, 25, 25, 64, 219.08, 3.78159127, , 0, , 1, 34.5, 32.0, 35.8, 31.5
microopt-3, 10, 800, 25, 25, 64, 298.39, 6.00935570, 82, 4.04927600000002, 305279, 1, 34.8, 32.0, 33.0, 31.0
base-microopt-3, 10, 800, 25, 25, 64, 164.85, 3.64811997, , 0, , 1, 33.5, 31.5, 33.5, 31.5
microopt-3, 10, 800, 25, 25, 64, 239.95, 5.24046090, 52, 3.48363599999999, 194187, 1, 33.5, 32.0, 34.0, 30.5
base-microopt-3, 10, 800, 25, 25, 64, 173.51, 3.69396617, , 0, , 1, 34.0, 31.5, 36.1, 32.0
microopt-3, 10, 800, 25, 25, 64, 236.15, 5.26297845, 38, 5.81816600000002, 141958, 1, 36.6, 32.8, 35.0, 31.0
base-microopt-3, 10, 800, 25, 25, 64, 167.39, 3.64570763, , 0, , 1, 33.5, 32.0, 33.5, 32.0
microopt-3, 10, 800, 25, 25, 64, 261.63, 5.90216478, 49, 5.457967, 182915, 1, 33.5, 32.0, 39.1, 31.0
base-microopt-3, 10, 800, 25, 25, 64, 166.64, 3.64049950, , 0, , 1, 37.1, 32.8, 35.2, 33.8
microopt-3, 10, 800, 25, 25, 64, 270.86, 5.95080833, 68, 2.99635000000001, 252435, 1, 33.5, 32.0, 35.4, 32.2
base-microopt-3, 10, 800, 25, 25, 64, 164.53, 3.64895604, , 0, , 1, 35.9, 32.8, 39.1, 35.4
microopt-3, 10, 800, 25, 25, 64, 263.12, 5.89354272, 78, 3.04815400000001, 289943, 1, 41.2, 37.8, 35.2, 31.5
base-microopt-3, 10, 800, 25, 25, 64, 166.20, 3.67136154, , 0, , 1, 33.5, 32.0, 36.9, 32.2
microopt-3, 10, 800, 25, 25, 64, 257.76, 5.87760360, 32, 7.36067700000001, 120203, 1, 34.4, 31.5, 34.8, 32.0
base-microopt-3, 10, 800, 25, 25, 64, 178.27, 3.68349080, , 0, , 1, 34.0, 31.5, 35.4, 32.5
microopt-3, 10, 800, 25, 25, 64, 295.44, 5.43297517, 35, 8.297327, 131010, 1, 35.0, 33.0, 33.8, 32.5
base-microopt-3, 10, 800, 25, 25, 64, 184.62, 3.70925194, , 0, , 1, 34.0, 32.0, 37.6, 35.1
microopt-3, 10, 800, 25, 25, 64, 282.33, 6.01844967, 71, 6.43501800000001, 263279, 1, 34.0, 32.0, 33.5, 32.0
base-microopt-3, 10, 800, 25, 25, 64, 187.04, 3.77385362, , 0, , 1, 34.0, 32.0, 42.0, 37.8
microopt-3, 10, 800, 25, 25, 64, 241.19, 5.25524988, 62, 3.762045, 231521, 1, 36.9, 34.6, 35.9, 33.5
base-microopt-3, 10, 800, 25, 25, 64, 164.63, 3.62327330, , 0, , 1, 33.5, 32.0, 33.8, 31.0
microopt-3, 10, 800, 25, 25, 64, 275.56, 5.93186186, 58, 4.52202899999997, 215374, 1, 33.8, 32.8, 34.8, 31.5
base-microopt-3, 10, 800, 25, 25, 64, 157.91, 3.62849028, , 0, , 1, 33.5, 32.5, 34.2, 30.1
