work,dimension,population_size,max_gens,alpha,steps,PKG,seconds,generations,diff_fitness,evaluations,initial_temp_1, initial_temp_2, final_temp_1, final_temp_2
base-gradient-descent-1, 10, 400, 10, 10, 16, 248.83, 4.48596072, , 0, , 34.8, 32.5, 36.6, 34.4
gradient-descent-1, 10, 400, 10, 10, 16, 601.24, 8.94270938, 24, 8.335633, 79314, 40.8, 36.4, 51.9, 37.0
base-gradient-descent-1, 10, 400, 10, 10, 16, 295.43, 4.62216163, , 0, , 44.6, 38.8, 36.4, 34.4
gradient-descent-1, 10, 400, 10, 10, 16, 522.93, 8.60452390, 22, 5.93969200000001, 72990, 40.8, 34.9, 40.1, 35.9
base-gradient-descent-1, 10, 400, 10, 10, 16, 279.86, 4.56493995, , 0, , 40.2, 34.9, 34.5, 33.0
gradient-descent-1, 10, 400, 10, 10, 16, 412.54, 7.48203770, 21, 16.104861, 69545, 44.1, 33.9, 38.9, 33.4
base-gradient-descent-1, 10, 400, 10, 10, 16, 245.13, 4.41906004, , 0, , 35.0, 33.4, 35.2, 40.9
gradient-descent-1, 10, 400, 10, 10, 16, 459.09, 8.15837843, 41, 10.486978, 132872, 36.1, 40.6, 40.2, 35.4
base-gradient-descent-1, 10, 400, 10, 10, 16, 230.84, 4.37535231, , 0, , 40.4, 35.4, 37.1, 33.4
gradient-descent-1, 10, 400, 10, 10, 16, 469.67, 8.32276387, 33, 10.316597, 108675, 35.0, 32.5, 45.0, 33.0
base-gradient-descent-1, 10, 400, 10, 10, 16, 237.60, 4.39610387, , 0, , 46.4, 33.4, 38.1, 33.0
gradient-descent-1, 10, 400, 10, 10, 16, 453.84, 8.19188357, 20, 12.329431, 66723, 40.8, 33.8, 37.1, 33.9
base-gradient-descent-1, 10, 400, 10, 10, 16, 236.44, 4.37386060, , 0, , 40.4, 33.9, 37.4, 33.4
gradient-descent-1, 10, 400, 10, 10, 16, 439.54, 8.17592015, 44, 9.36630000000001, 143968, 38.1, 33.9, 47.1, 33.4
base-gradient-descent-1, 10, 400, 10, 10, 16, 239.46, 4.40837194, , 0, , 42.8, 33.0, 35.9, 34.1
gradient-descent-1, 10, 400, 10, 10, 16, 449.64, 8.19348921, 23, 6.72578300000001, 76435, 37.1, 34.4, 37.6, 34.9
base-gradient-descent-1, 10, 400, 10, 10, 16, 278.27, 4.54105946, , 0, , 38.6, 34.9, 45.8, 36.1
gradient-descent-1, 10, 400, 10, 10, 16, 459.32, 8.23523571, 17, 15.869765, 56944, 38.9, 34.9, 36.9, 33.9
base-gradient-descent-1, 10, 400, 10, 10, 16, 304.30, 4.65066444, , 0, , 42.8, 33.4, 37.9, 36.8
gradient-descent-1, 10, 400, 10, 10, 16, 559.27, 8.68482054, 29, 6.54172100000001, 95080, 49.6, 46.9, 38.1, 35.4
base-gradient-descent-1, 10, 400, 10, 10, 16, 258.85, 4.48032469, , 0, , 37.6, 34.4, 39.6, 33.9
gradient-descent-1, 10, 400, 10, 10, 16, 512.85, 8.50923968, 16, 14.954524, 53597, 37.1, 34.1, 44.8, 33.4
base-gradient-descent-1, 10, 400, 10, 10, 16, 250.99, 4.48945206, , 0, , 36.6, 33.4, 40.2, 33.9
gradient-descent-1, 10, 400, 10, 10, 16, 468.78, 8.32832459, 41, 10.094032, 134497, 38.4, 33.9, 46.8, 34.6
base-gradient-descent-1, 10, 400, 10, 10, 16, 308.00, 4.60726473, , 0, , 36.4, 36.5, 40.4, 39.4
gradient-descent-1, 10, 400, 10, 10, 16, 450.19, 8.25609731, 21, 18.380627, 69458, 41.0, 38.5, 51.2, 34.4
base-gradient-descent-1, 10, 400, 10, 10, 16, 245.50, 4.41146293, , 0, , 41.5, 34.9, 36.4, 34.4
gradient-descent-1, 10, 400, 10, 10, 16, 407.33, 7.48115153, 12, 7.003834, 40345, 39.9, 34.9, 45.6, 34.9
base-gradient-descent-1, 10, 400, 10, 10, 16, 246.00, 4.40614755, , 0, , 46.6, 34.4, 44.5, 42.0
gradient-descent-1, 10, 400, 10, 10, 16, 455.27, 8.22534189, 46, 6.97369500000001, 149695, 37.4, 34.4, 39.8, 34.6
base-gradient-descent-1, 10, 400, 10, 10, 16, 238.73, 4.40231907, , 0, , 36.9, 34.9, 40.8, 40.4
gradient-descent-1, 10, 400, 10, 10, 16, 458.45, 8.31877312, 27, 11.073319, 89199, 37.9, 34.9, 53.4, 48.8
base-gradient-descent-1, 10, 400, 10, 10, 16, 407.85, 4.91844704, , 0, , 47.9, 52.4, 38.4, 37.5
gradient-descent-1, 10, 400, 10, 10, 16, 718.28, 9.29711178, 40, 4.55515700000001, 130504, 37.9, 37.8, 46.6, 39.8
base-gradient-descent-1, 10, 400, 10, 10, 16, 325.97, 4.65705434, , 0, , 40.4, 38.2, 38.6, 35.4
gradient-descent-1, 10, 400, 10, 10, 16, 536.20, 8.38878279, 21, 14.989885, 69914, 38.1, 35.9, 40.8, 33.9
base-gradient-descent-1, 10, 400, 10, 10, 16, 257.89, 4.44737130, , 0, , 35.9, 34.4, 36.1, 34.4
gradient-descent-1, 10, 400, 10, 10, 16, 587.16, 8.70792135, 32, 8.076268, 105486, 37.1, 34.4, 40.6, 35.1
base-gradient-descent-1, 10, 400, 10, 10, 16, 250.65, 4.32319519, , 0, , 37.9, 35.4, 42.2, 34.9
gradient-descent-1, 10, 400, 10, 10, 16, 547.19, 7.90468881, 19, 15.957344, 63196, 37.9, 34.4, 45.9, 40.6
base-gradient-descent-1, 10, 400, 10, 10, 16, 334.67, 4.73495143, , 0, , 43.8, 39.4, 40.2, 34.9
gradient-descent-1, 10, 400, 10, 10, 16, 569.52, 7.88430929, 19, 12.223993, 63373, 39.4, 39.9, 42.0, 41.9
base-gradient-descent-1, 10, 400, 10, 10, 16, 265.02, 4.47214427, , 0, , 51.8, 38.2, 36.4, 33.9
gradient-descent-1, 10, 400, 10, 10, 16, 421.47, 8.04586817, 49, 10.745893, 160396, 38.9, 34.4, 35.4, 33.9
base-gradient-descent-1, 10, 400, 10, 10, 16, 195.15, 4.21278001, , 0, , 35.4, 33.9, 34.2, 33.0
gradient-descent-1, 10, 400, 10, 10, 16, 469.33, 8.28321710, 21, 13.045696, 69088, 34.5, 33.4, 49.5, 39.4
base-gradient-descent-1, 10, 400, 10, 10, 16, 270.46, 4.55156242, , 0, , 45.0, 36.8, 45.2, 38.5
gradient-descent-1, 10, 400, 10, 10, 16, 487.45, 8.36220542, 42, 6.96430100000001, 137136, 40.8, 38.2, 36.4, 33.9
base-gradient-descent-1, 10, 400, 10, 10, 16, 194.56, 4.20319876, , 0, , 35.4, 34.4, 34.0, 33.0
gradient-descent-1, 10, 400, 10, 10, 16, 421.41, 8.12292107, 24, 9.89089800000001, 79869, 34.8, 33.4, 41.5, 36.1
base-gradient-descent-1, 10, 400, 10, 10, 16, 206.30, 4.25374996, , 0, , 36.9, 35.4, 35.2, 33.4
gradient-descent-1, 10, 400, 10, 10, 16, 465.64, 8.28877306, 18, 16.024171, 59879, 35.0, 33.9, 37.4, 34.9
base-gradient-descent-1, 10, 400, 10, 10, 16, 257.21, 4.48465758, , 0, , 37.4, 34.9, 45.1, 35.1
gradient-descent-1, 10, 400, 10, 10, 16, 489.86, 8.27930287, 15, 17.687824, 49942, 40.6, 35.1, 35.9, 33.9
base-gradient-descent-1, 10, 400, 10, 10, 16, 253.92, 4.48811992, , 0, , 35.0, 33.9, 40.8, 36.4
gradient-descent-1, 10, 400, 10, 10, 16, 449.36, 8.12279871, 21, 9.291726, 69905, 40.4, 36.9, 35.0, 33.0
base-gradient-descent-1, 10, 400, 10, 10, 16, 235.04, 4.39527905, , 0, , 35.0, 33.4, 38.6, 34.4
gradient-descent-1, 10, 400, 10, 10, 16, 503.52, 8.45654937, 18, 15.451248, 60135, 37.4, 35.4, 36.1, 33.9
base-gradient-descent-1, 10, 400, 10, 10, 16, 181.72, 4.17984794, , 0, , 35.0, 33.9, 36.6, 33.4
gradient-descent-1, 10, 400, 10, 10, 16, 424.79, 8.05396059, 18, 12.727747, 60089, 35.4, 33.4, 36.4, 34.4
base-gradient-descent-1, 10, 400, 10, 10, 16, 305.11, 4.65853050, , 0, , 36.6, 33.9, 37.1, 34.4
base-gradient-descent-1, 10, 400, 10, 10, 64, 296.30, 4.52782933, , 0, , 37.1, 34.4, 37.9, 35.9
gradient-descent-1, 10, 400, 10, 10, 64, 597.77, 8.70970639, 28, 15.93304, 92398, 38.1, 35.4, 36.4, 34.4
base-gradient-descent-1, 10, 400, 10, 10, 64, 314.38, 4.60543535, , 0, , 37.4, 35.4, 37.9, 35.9
gradient-descent-1, 10, 400, 10, 10, 64, 544.26, 8.51071149, 14, 17.543254, 47221, 37.9, 35.6, 59.1, 38.8
base-gradient-descent-1, 10, 400, 10, 10, 64, 238.88, 4.41067527, , 0, , 39.4, 35.9, 33.0, 32.5
gradient-descent-1, 10, 400, 10, 10, 64, 517.96, 8.47395756, 19, 21.895393, 63396, 34.0, 33.0, 43.6, 40.6
base-gradient-descent-1, 10, 400, 10, 10, 64, 213.22, 4.26998155, , 0, , 41.2, 38.8, 35.4, 33.9
gradient-descent-1, 10, 400, 10, 10, 64, 577.33, 8.05501487, 21, 6.59353900000001, 69868, 39.1, 33.9, 40.1, 39.0
base-gradient-descent-1, 10, 400, 10, 10, 64, 338.68, 4.71921300, , 0, , 41.2, 37.5, 43.2, 39.4
gradient-descent-1, 10, 400, 10, 10, 64, 671.94, 9.10721877, 30, 16.007436, 99208, 43.5, 40.6, 45.0, 35.4
base-gradient-descent-1, 10, 400, 10, 10, 64, 296.00, 4.53037655, , 0, , 47.9, 35.9, 39.4, 36.6
gradient-descent-1, 10, 400, 10, 10, 64, 580.45, 8.57778497, 27, 9.35628800000001, 88953, 43.5, 38.0, 39.8, 35.4
base-gradient-descent-1, 10, 400, 10, 10, 64, 309.39, 4.55005956, , 0, , 38.6, 35.4, 45.9, 46.6
gradient-descent-1, 10, 400, 10, 10, 64, 568.45, 8.63565205, 19, 12.855885, 63772, 49.1, 43.8, 38.9, 35.4
base-gradient-descent-1, 10, 400, 10, 10, 64, 200.57, 4.25083338, , 0, , 37.4, 35.6, 53.4, 38.2
gradient-descent-1, 10, 400, 10, 10, 64, 356.06, 7.18560902, 30, 12.167201, 98866, 46.1, 40.1, 36.6, 33.9
base-gradient-descent-1, 10, 400, 10, 10, 64, 186.66, 4.16899015, , 0, , 35.4, 33.4, 40.6, 33.4
gradient-descent-1, 10, 400, 10, 10, 64, 404.96, 8.01950019, 21, 7.050459, 69553, 35.9, 33.5, 36.6, 33.0
base-gradient-descent-1, 10, 400, 10, 10, 64, 223.95, 4.33537686, , 0, , 34.5, 33.4, 45.0, 35.4
gradient-descent-1, 10, 400, 10, 10, 64, 386.00, 7.31371386, 29, 11.122919, 95465, 37.9, 34.9, 47.4, 35.9
base-gradient-descent-1, 10, 400, 10, 10, 64, 183.94, 4.19021686, , 0, , 37.9, 35.4, 37.6, 33.4
gradient-descent-1, 10, 400, 10, 10, 64, 363.74, 7.86723734, 15, 13.604041, 50137, 35.8, 33.9, 45.2, 41.9
base-gradient-descent-1, 10, 400, 10, 10, 64, 315.00, 4.60724592, , 0, , 49.5, 42.8, 41.5, 34.9
gradient-descent-1, 10, 400, 10, 10, 64, 679.74, 9.03916475, 22, 11.864738, 72792, 39.1, 35.4, 44.1, 40.9
base-gradient-descent-1, 10, 400, 10, 10, 64, 231.51, 4.31358390, , 0, , 47.1, 43.2, 38.1, 33.9
gradient-descent-1, 10, 400, 10, 10, 64, 428.64, 8.09899253, 32, 6.39926700000001, 105304, 41.0, 36.6, 38.9, 36.1
base-gradient-descent-1, 10, 400, 10, 10, 64, 224.62, 4.30133155, , 0, , 37.6, 34.9, 44.0, 39.0
gradient-descent-1, 10, 400, 10, 10, 64, 427.17, 8.02195961, 22, 16.302592, 73022, 43.2, 38.0, 37.6, 36.6
base-gradient-descent-1, 10, 400, 10, 10, 64, 231.65, 4.32925328, , 0, , 36.4, 35.4, 38.4, 35.1
gradient-descent-1, 10, 400, 10, 10, 64, 418.32, 8.09689374, 18, 10.093164, 60368, 36.9, 34.9, 48.9, 34.9
base-gradient-descent-1, 10, 400, 10, 10, 64, 226.13, 4.30286826, , 0, , 38.6, 34.4, 39.8, 36.1
gradient-descent-1, 10, 400, 10, 10, 64, 383.46, 7.24808181, 24, 16.054968, 79385, 37.6, 35.4, 43.6, 37.8
base-gradient-descent-1, 10, 400, 10, 10, 64, 221.53, 4.29732313, , 0, , 37.4, 34.9, 42.0, 34.4
gradient-descent-1, 10, 400, 10, 10, 64, 422.01, 8.13104234, 20, 11.327531, 67291, 37.4, 34.4, 37.9, 36.6
base-gradient-descent-1, 10, 400, 10, 10, 64, 225.61, 4.36735522, , 0, , 36.4, 34.1, 38.4, 33.9
gradient-descent-1, 10, 400, 10, 10, 64, 427.73, 8.05466956, 44, 5.715497, 144639, 40.8, 37.0, 40.2, 35.1
base-gradient-descent-1, 10, 400, 10, 10, 64, 232.82, 4.31924788, , 0, , 37.6, 34.9, 37.4, 33.9
gradient-descent-1, 10, 400, 10, 10, 64, 417.24, 8.07222074, 26, 17.239369, 86123, 40.6, 38.5, 39.4, 33.9
base-gradient-descent-1, 10, 400, 10, 10, 64, 222.90, 4.29907685, , 0, , 37.4, 34.0, 42.0, 34.9
gradient-descent-1, 10, 400, 10, 10, 64, 411.47, 8.04785764, 22, 8.73652300000001, 73140, 44.0, 35.4, 38.1, 35.1
base-gradient-descent-1, 10, 400, 10, 10, 64, 217.77, 4.29363173, , 0, , 42.5, 40.4, 44.0, 37.8
gradient-descent-1, 10, 400, 10, 10, 64, 371.85, 7.24106222, 28, 8.810822, 92485, 47.6, 34.9, 39.9, 34.1
base-gradient-descent-1, 10, 400, 10, 10, 64, 228.16, 4.31330570, , 0, , 36.9, 34.4, 36.6, 34.4
gradient-descent-1, 10, 400, 10, 10, 64, 425.21, 7.95636159, 26, 13.650633, 85654, 35.9, 34.4, 43.2, 38.5
base-gradient-descent-1, 10, 400, 10, 10, 64, 217.25, 4.32489200, , 0, , 36.9, 34.4, 38.9, 33.5
gradient-descent-1, 10, 400, 10, 10, 64, 352.30, 7.79516275, 17, 19.122546, 57158, 35.8, 34.6, 43.8, 36.1
base-gradient-descent-1, 10, 400, 10, 10, 64, 193.96, 4.20506301, , 0, , 36.4, 33.4, 35.2, 33.0
gradient-descent-1, 10, 400, 10, 10, 64, 361.10, 7.75700241, 15, 22.861557, 50375, 36.6, 33.8, 37.4, 33.0
base-gradient-descent-1, 10, 400, 10, 10, 64, 199.77, 4.20654287, , 0, , 35.4, 33.4, 35.8, 32.5
gradient-descent-1, 10, 400, 10, 10, 64, 354.61, 7.80451455, 25, 14.968472, 82769, 36.6, 33.5, 40.4, 33.9
base-gradient-descent-1, 10, 400, 10, 10, 64, 196.93, 4.21093804, , 0, , 35.9, 34.4, 35.9, 36.1
gradient-descent-1, 10, 400, 10, 10, 64, 356.40, 7.81869655, 19, 13.417815, 63270, 35.0, 33.4, 37.4, 32.5
base-gradient-descent-1, 10, 400, 10, 10, 64, 191.00, 4.18672052, , 0, , 35.4, 33.0, 37.9, 33.0
gradient-descent-1, 10, 400, 10, 10, 64, 357.40, 7.80187668, 29, 10.826695, 95281, 36.4, 33.0, 32.8, 31.5
base-gradient-descent-1, 10, 400, 10, 10, 64, 192.00, 4.20114932, , 0, , 33.5, 32.5, 45.9, 34.9
gradient-descent-1, 10, 400, 10, 10, 64, 358.44, 7.75288307, 12, 16.902597, 40623, 37.1, 33.9, 36.9, 32.5
base-gradient-descent-1, 10, 400, 10, 10, 64, 195.39, 4.21486661, , 0, , 35.9, 33.5, 43.1, 35.4
gradient-descent-1, 10, 400, 10, 10, 64, 359.30, 7.84748437, 12, 15.886242, 40394, 36.4, 33.9, 35.4, 33.8
base-gradient-descent-1, 10, 400, 10, 10, 64, 186.87, 4.20103136, , 0, , 35.0, 33.4, 40.8, 39.9
gradient-descent-1, 10, 400, 10, 10, 64, 356.98, 7.86507026, 27, 10.174084, 89445, 37.9, 34.9, 35.0, 33.0
base-gradient-descent-1, 10, 400, 10, 10, 64, 187.13, 4.19731255, , 0, , 36.1, 34.9, 39.1, 33.0
base-gradient-descent-1, 10, 400, 25, 10, 16, 196.62, 4.22051441, , 0, , 36.6, 33.4, 35.4, 40.4
gradient-descent-1, 10, 400, 25, 10, 16, 355.08, 7.87064113, 90, 6.39428600000001, 292429, 36.9, 35.1, 45.5, 35.4
base-gradient-descent-1, 10, 400, 25, 10, 16, 193.05, 4.21312384, , 0, , 36.1, 33.9, 38.1, 35.6
gradient-descent-1, 10, 400, 25, 10, 16, 363.17, 7.87734953, 33, 11.867552, 108290, 34.5, 32.5, 37.4, 33.4
base-gradient-descent-1, 10, 400, 25, 10, 16, 193.79, 4.20993651, , 0, , 35.4, 33.5, 35.4, 39.9
gradient-descent-1, 10, 400, 25, 10, 16, 351.07, 7.78538752, 57, 7.731223, 186133, 34.5, 32.5, 36.9, 32.8
base-gradient-descent-1, 10, 400, 25, 10, 16, 191.64, 4.20977514, , 0, , 36.1, 33.4, 37.6, 33.5
gradient-descent-1, 10, 400, 25, 10, 16, 355.54, 7.85602739, 40, 13.485749, 131232, 34.5, 33.0, 38.1, 33.2
base-gradient-descent-1, 10, 400, 25, 10, 16, 186.87, 4.20103587, , 0, , 35.4, 33.0, 40.6, 37.2
gradient-descent-1, 10, 400, 25, 10, 16, 343.80, 7.76999759, 50, 14.116844, 162904, 36.4, 34.9, 38.4, 33.5
base-gradient-descent-1, 10, 400, 25, 10, 16, 199.73, 4.22774149, , 0, , 37.4, 34.0, 34.2, 32.5
gradient-descent-1, 10, 400, 25, 10, 16, 354.37, 7.76195893, 50, 9.626716, 163366, 35.4, 34.1, 36.1, 34.4
base-gradient-descent-1, 10, 400, 25, 10, 16, 190.35, 4.19527279, , 0, , 35.4, 33.4, 38.9, 36.1
gradient-descent-1, 10, 400, 25, 10, 16, 353.34, 7.81807815, 48, 13.795616, 157290, 35.9, 33.9, 37.6, 33.2
base-gradient-descent-1, 10, 400, 25, 10, 16, 186.24, 4.20065026, , 0, , 34.2, 32.5, 40.1, 34.0
gradient-descent-1, 10, 400, 25, 10, 16, 353.19, 7.78979162, 69, 10.19052, 225055, 36.6, 33.4, 38.1, 33.0
base-gradient-descent-1, 10, 400, 25, 10, 16, 186.74, 4.19470919, , 0, , 35.2, 33.0, 38.1, 34.1
gradient-descent-1, 10, 400, 25, 10, 16, 357.32, 7.81256506, 51, 2.37505400000001, 167011, 36.9, 33.4, 35.4, 32.2
base-gradient-descent-1, 10, 400, 25, 10, 16, 196.54, 4.21912150, , 0, , 35.0, 33.0, 34.2, 33.0
gradient-descent-1, 10, 400, 25, 10, 16, 352.85, 7.76723492, 36, 9.301033, 117155, 34.8, 33.8, 60.1, 37.0
base-gradient-descent-1, 10, 400, 25, 10, 16, 188.77, 4.18555573, , 0, , 64.5, 33.4, 37.6, 32.8
gradient-descent-1, 10, 400, 25, 10, 16, 324.01, 7.02747754, 57, 10.405487, 185127, 37.6, 33.9, 35.8, 32.5
base-gradient-descent-1, 10, 400, 25, 10, 16, 191.61, 4.19892043, , 0, , 35.2, 32.8, 37.1, 32.5
gradient-descent-1, 10, 400, 25, 10, 16, 350.23, 7.76975613, 59, 6.971481, 192602, 36.4, 33.4, 38.4, 32.8
base-gradient-descent-1, 10, 400, 25, 10, 16, 192.59, 4.21859082, , 0, , 35.9, 33.4, 33.5, 32.5
gradient-descent-1, 10, 400, 25, 10, 16, 356.46, 7.79508754, 72, 8.724109, 233987, 36.4, 34.4, 37.9, 33.8
base-gradient-descent-1, 10, 400, 25, 10, 16, 199.90, 4.23996941, , 0, , 35.4, 33.5, 34.8, 32.5
gradient-descent-1, 10, 400, 25, 10, 16, 360.61, 7.87541080, 78, 11.05291, 253275, 35.4, 33.2, 40.8, 37.5
base-gradient-descent-1, 10, 400, 25, 10, 16, 189.64, 4.19774890, , 0, , 35.9, 33.5, 37.9, 33.0
gradient-descent-1, 10, 400, 25, 10, 16, 322.63, 7.04051203, 69, 9.728857, 224486, 35.4, 33.5, 35.4, 33.0
base-gradient-descent-1, 10, 400, 25, 10, 16, 194.97, 4.22483059, , 0, , 35.2, 33.5, 34.8, 35.1
gradient-descent-1, 10, 400, 25, 10, 16, 358.85, 7.86090678, 58, 11.600396, 187692, 35.2, 33.5, 35.9, 35.9
base-gradient-descent-1, 10, 400, 25, 10, 16, 202.44, 4.25149557, , 0, , 35.4, 33.0, 36.6, 34.6
gradient-descent-1, 10, 400, 25, 10, 16, 321.63, 7.04644478, 111, 9.515416, 361721, 35.9, 33.9, 36.6, 32.8
base-gradient-descent-1, 10, 400, 25, 10, 16, 199.78, 4.22432374, , 0, , 35.0, 33.4, 35.0, 32.5
gradient-descent-1, 10, 400, 25, 10, 16, 366.29, 7.80909729, 77, 8.537722, 249616, 36.4, 33.8, 34.9, 35.1
base-gradient-descent-1, 10, 400, 25, 10, 16, 190.06, 4.20204401, , 0, , 34.8, 33.0, 39.9, 35.9
gradient-descent-1, 10, 400, 25, 10, 16, 348.91, 7.79009421, 37, 6.049812, 121206, 35.4, 33.9, 42.5, 36.9
base-gradient-descent-1, 10, 400, 25, 10, 16, 190.57, 4.18991497, , 0, , 36.1, 33.0, 38.4, 32.5
gradient-descent-1, 10, 400, 25, 10, 16, 363.09, 7.82830630, 49, 8.008683, 160000, 36.6, 33.4, 38.6, 38.0
base-gradient-descent-1, 10, 400, 25, 10, 16, 202.81, 4.21184119, , 0, , 35.4, 33.4, 35.4, 32.2
gradient-descent-1, 10, 400, 25, 10, 16, 323.98, 7.05927547, 28, 10.559334, 91930, 34.8, 33.0, 42.2, 34.4
base-gradient-descent-1, 10, 400, 25, 10, 16, 204.25, 4.24198312, , 0, , 35.0, 33.4, 35.9, 33.0
gradient-descent-1, 10, 400, 25, 10, 16, 358.17, 7.80988443, 99, 4.17716200000001, 321702, 35.4, 33.4, 32.0, 31.0
base-gradient-descent-1, 10, 400, 25, 10, 16, 210.94, 4.31446906, , 0, , 32.5, 32.5, 40.1, 33.8
gradient-descent-1, 10, 400, 25, 10, 16, 394.85, 8.02886548, 60, 12.105534, 196066, 34.2, 34.4, 34.2, 34.4
base-gradient-descent-1, 10, 400, 25, 10, 16, 209.30, 4.31969626, , 0, , 34.0, 34.4, 33.8, 33.9
gradient-descent-1, 10, 400, 25, 10, 16, 317.91, 7.01215465, 34, 9.278001, 112295, 35.2, 33.9, 39.6, 36.4
base-gradient-descent-1, 10, 400, 25, 10, 16, 189.84, 4.18657075, , 0, , 34.0, 33.0, 34.5, 33.0
gradient-descent-1, 10, 400, 25, 10, 16, 325.16, 7.07470344, 66, 7.83793700000001, 214560, 35.8, 33.5, 38.4, 33.2
base-gradient-descent-1, 10, 400, 25, 10, 16, 193.78, 4.23663312, , 0, , 36.4, 33.4, 40.8, 36.9
gradient-descent-1, 10, 400, 25, 10, 16, 362.36, 7.88185573, 43, 6.68750300000001, 139684, 36.6, 33.5, 32.5, 32.0
base-gradient-descent-1, 10, 400, 25, 10, 16, 198.12, 4.21904422, , 0, , 33.0, 32.5, 34.8, 32.0
gradient-descent-1, 10, 400, 25, 10, 16, 356.44, 7.80806699, 31, 8.80642800000001, 101026, 36.9, 33.9, 31.5, 31.0
base-gradient-descent-1, 10, 400, 25, 10, 16, 196.67, 4.21968665, , 0, , 31.5, 31.0, 31.5, 31.0
gradient-descent-1, 10, 400, 25, 10, 16, 354.83, 7.79049854, 51, 11.185144, 165534, 33.5, 32.5, 38.9, 34.1
base-gradient-descent-1, 10, 400, 25, 10, 16, 196.19, 4.20412813, , 0, , 35.6, 33.0, 33.2, 32.0
gradient-descent-1, 10, 400, 25, 10, 16, 371.00, 7.85183946, 34, 10.774303, 111458, 34.9, 33.5, 43.1, 33.8
base-gradient-descent-1, 10, 400, 25, 10, 16, 197.14, 4.22671997, , 0, , 36.4, 33.0, 34.5, 32.0
gradient-descent-1, 10, 400, 25, 10, 16, 362.33, 7.77464019, 38, 12.503568, 124456, 38.1, 34.6, 31.5, 31.0
base-gradient-descent-1, 10, 400, 25, 10, 16, 212.26, 4.31435026, , 0, , 32.0, 32.0, 32.8, 33.4
base-gradient-descent-1, 10, 400, 25, 10, 64, 212.26, 4.32158548, , 0, , 34.0, 34.4, 40.8, 34.6
gradient-descent-1, 10, 400, 25, 10, 64, 323.72, 7.06503486, 86, 5.56338600000001, 279091, 34.5, 34.4, 39.6, 33.8
base-gradient-descent-1, 10, 400, 25, 10, 64, 201.66, 4.22680098, , 0, , 37.1, 32.8, 35.9, 32.0
gradient-descent-1, 10, 400, 25, 10, 64, 367.82, 7.81620120, 33, 10.496133, 108351, 35.0, 33.4, 32.5, 32.0
base-gradient-descent-1, 10, 400, 25, 10, 64, 216.19, 4.34271070, , 0, , 32.5, 32.5, 34.5, 35.1
gradient-descent-1, 10, 400, 25, 10, 64, 366.31, 7.93210296, 99, 8.023425, 320999, 35.4, 34.4, 36.4, 33.5
base-gradient-descent-1, 10, 400, 25, 10, 64, 191.27, 4.19861395, , 0, , 34.8, 32.5, 37.9, 33.2
gradient-descent-1, 10, 400, 25, 10, 64, 364.52, 7.81759757, 38, 11.725082, 125033, 35.9, 33.5, 34.0, 33.8
base-gradient-descent-1, 10, 400, 25, 10, 64, 203.41, 4.22423650, , 0, , 34.5, 33.4, 38.9, 33.2
gradient-descent-1, 10, 400, 25, 10, 64, 325.83, 7.03371722, 36, 9.366995, 117665, 35.0, 33.4, 35.0, 33.0
base-gradient-descent-1, 10, 400, 25, 10, 64, 203.06, 4.21940975, , 0, , 34.0, 33.0, 35.2, 33.5
gradient-descent-1, 10, 400, 25, 10, 64, 437.02, 8.20759986, 55, 13.681839, 178959, 36.4, 34.4, 42.5, 36.5
base-gradient-descent-1, 10, 400, 25, 10, 64, 207.79, 4.23539340, , 0, , 37.4, 31.5, 40.1, 37.5
gradient-descent-1, 10, 400, 25, 10, 64, 375.23, 7.82215416, 28, 9.967258, 92374, 36.4, 34.1, 36.4, 33.0
base-gradient-descent-1, 10, 400, 25, 10, 64, 207.76, 4.25455009, , 0, , 31.5, 31.0, 33.5, 32.5
gradient-descent-1, 10, 400, 25, 10, 64, 384.78, 7.87434811, 87, 2.920483, 282365, 34.9, 33.4, 36.4, 33.5
base-gradient-descent-1, 10, 400, 25, 10, 64, 346.65, 4.86320697, , 0, , 39.6, 38.2, 47.0, 41.4
gradient-descent-1, 10, 400, 25, 10, 64, 541.48, 8.54626688, 63, 11.814225, 204548, 45.8, 39.4, 38.4, 36.9
base-gradient-descent-1, 10, 400, 25, 10, 64, 231.37, 4.36312644, , 0, , 40.1, 36.9, 43.2, 36.9
gradient-descent-1, 10, 400, 25, 10, 64, 367.08, 7.82898705, 105, 7.18884, 339192, 36.9, 34.4, 39.4, 38.0
base-gradient-descent-1, 10, 400, 25, 10, 64, 189.63, 4.19601751, , 0, , 35.0, 33.0, 38.6, 36.1
gradient-descent-1, 10, 400, 25, 10, 64, 347.65, 7.78704336, 84, 7.051587, 271557, 44.8, 34.4, 37.4, 34.6
base-gradient-descent-1, 10, 400, 25, 10, 64, 183.56, 4.18636804, , 0, , 41.0, 37.8, 34.0, 32.5
gradient-descent-1, 10, 400, 25, 10, 64, 356.14, 7.79006040, 26, 12.828922, 86126, 35.2, 33.0, 37.9, 37.0
base-gradient-descent-1, 10, 400, 25, 10, 64, 199.43, 4.20802303, , 0, , 35.9, 33.9, 37.9, 35.9
gradient-descent-1, 10, 400, 25, 10, 64, 358.37, 7.75959215, 29, 11.244952, 95974, 39.4, 37.0, 40.2, 35.1
base-gradient-descent-1, 10, 400, 25, 10, 64, 189.37, 4.19026533, , 0, , 35.9, 33.4, 36.9, 33.0
gradient-descent-1, 10, 400, 25, 10, 64, 351.86, 7.73767842, 47, 10.182793, 152912, 35.8, 33.9, 40.8, 37.0
base-gradient-descent-1, 10, 400, 25, 10, 64, 189.68, 4.19061874, , 0, , 34.5, 33.0, 40.8, 33.8
gradient-descent-1, 10, 400, 25, 10, 64, 318.97, 7.02820311, 45, 10.233574, 146573, 36.4, 33.4, 35.2, 33.0
base-gradient-descent-1, 10, 400, 25, 10, 64, 219.72, 4.27305852, , 0, , 34.5, 33.0, 39.6, 34.6
gradient-descent-1, 10, 400, 25, 10, 64, 472.29, 7.71233774, 72, 8.843436, 234353, 35.9, 34.4, 37.4, 32.5
base-gradient-descent-1, 10, 400, 25, 10, 64, 268.16, 4.45511453, , 0, , 34.5, 33.4, 35.0, 33.4
gradient-descent-1, 10, 400, 25, 10, 64, 512.21, 8.52003007, 54, 11.124233, 175304, 58.0, 33.0, 34.2, 33.0
base-gradient-descent-1, 10, 400, 25, 10, 64, 225.66, 4.34888210, , 0, , 31.5, 32.0, 34.0, 35.9
gradient-descent-1, 10, 400, 25, 10, 64, 600.11, 8.71600358, 54, 9.634371, 176402, 34.2, 34.9, 35.9, 33.9
base-gradient-descent-1, 10, 400, 25, 10, 64, 213.75, 4.29598354, , 0, , 34.0, 33.4, 36.4, 33.4
gradient-descent-1, 10, 400, 25, 10, 64, 370.40, 7.84423268, 34, 8.525605, 110913, 36.4, 33.4, 35.2, 32.5
base-gradient-descent-1, 10, 400, 25, 10, 64, 206.80, 4.23174091, , 0, , 33.8, 32.0, 36.1, 33.0
gradient-descent-1, 10, 400, 25, 10, 64, 368.76, 7.81835126, 102, 2.45679100000001, 329413, 35.4, 33.4, 32.5, 35.1
base-gradient-descent-1, 10, 400, 25, 10, 64, 209.71, 4.31967079, , 0, , 32.0, 32.0, 34.4, 33.9
gradient-descent-1, 10, 400, 25, 10, 64, 382.28, 7.99593535, 42, 9.370367, 137006, 33.8, 33.9, 35.4, 35.4
base-gradient-descent-1, 10, 400, 25, 10, 64, 323.80, 4.73252886, , 0, , 33.5, 33.9, 40.2, 36.2
gradient-descent-1, 10, 400, 25, 10, 64, 532.68, 8.47662568, 31, 14.22611, 101975, 43.5, 44.2, 34.5, 46.1
base-gradient-descent-1, 10, 400, 25, 10, 64, 259.07, 4.44097611, , 0, , 35.9, 40.4, 39.4, 35.4
gradient-descent-1, 10, 400, 25, 10, 64, 398.29, 7.97641319, 95, 6.42240100000001, 307993, 44.0, 34.4, 50.6, 32.5
base-gradient-descent-1, 10, 400, 25, 10, 64, 288.36, 4.58761349, , 0, , 38.9, 32.0, 48.0, 38.8
gradient-descent-1, 10, 400, 25, 10, 64, 388.41, 8.01048984, 52, 10.220126, 169813, 50.5, 46.0, 35.4, 33.5
base-gradient-descent-1, 10, 400, 25, 10, 64, 193.81, 4.18894242, , 0, , 34.8, 33.0, 37.4, 33.4
gradient-descent-1, 10, 400, 25, 10, 64, 355.67, 7.78027412, 64, 9.88656400000001, 208137, 35.9, 34.4, 36.9, 33.0
base-gradient-descent-1, 10, 400, 25, 10, 64, 189.29, 4.16946633, , 0, , 35.8, 33.4, 37.1, 33.0
gradient-descent-1, 10, 400, 25, 10, 64, 353.02, 7.76223820, 41, 10.84456, 133872, 35.8, 33.5, 40.2, 38.5
base-gradient-descent-1, 10, 400, 25, 10, 64, 186.29, 4.17764062, , 0, , 35.0, 33.4, 32.5, 32.5
gradient-descent-1, 10, 400, 25, 10, 64, 378.77, 7.94186369, 32, 5.16148200000001, 105554, 34.2, 33.0, 34.0, 33.0
base-gradient-descent-1, 10, 400, 25, 10, 64, 214.01, 4.26461764, , 0, , 34.0, 33.4, 36.1, 33.4
gradient-descent-1, 10, 400, 25, 10, 64, 335.59, 7.10018780, 51, 11.465678, 166493, 38.1, 34.9, 37.9, 35.6
base-gradient-descent-1, 10, 400, 25, 10, 64, 194.65, 4.19293215, , 0, , 39.9, 37.8, 41.8, 37.5
gradient-descent-1, 10, 400, 25, 10, 64, 322.20, 7.03042389, 38, 13.85255, 124578, 36.1, 34.0, 33.0, 32.5
base-gradient-descent-1, 10, 400, 25, 10, 64, 184.17, 4.18181971, , 0, , 34.0, 32.5, 34.0, 33.0
gradient-descent-1, 10, 400, 25, 10, 64, 363.96, 7.82717790, 97, 8.136094, 314325, 35.2, 33.5, 35.0, 33.0
base-gradient-descent-1, 10, 400, 25, 10, 64, 190.93, 4.20800889, , 0, , 35.0, 33.5, 36.9, 32.8
base-gradient-descent-1, 10, 800, 10, 10, 16, 189.87, 4.17535701, , 0, , 39.6, 38.0, 33.0, 32.5
gradient-descent-1, 10, 800, 10, 10, 16, 347.55, 7.75036833, 17, 14.725597, 114010, 33.5, 32.8, 35.4, 33.8
base-gradient-descent-1, 10, 800, 10, 10, 16, 186.98, 4.18340812, , 0, , 35.2, 33.0, 41.2, 33.8
gradient-descent-1, 10, 800, 10, 10, 16, 453.36, 8.15292118, 24, 8.688868, 159119, 40.4, 36.4, 34.5, 33.0
base-gradient-descent-1, 10, 800, 10, 10, 16, 297.20, 4.62603093, , 0, , 35.0, 33.4, 41.2, 37.5
gradient-descent-1, 10, 800, 10, 10, 16, 455.91, 8.22276774, 34, 12.675273, 223827, 49.4, 42.8, 49.5, 41.1
base-gradient-descent-1, 10, 800, 10, 10, 16, 303.36, 4.63316438, , 0, , 46.1, 42.5, 33.2, 32.5
gradient-descent-1, 10, 800, 10, 10, 16, 459.47, 8.14254983, 12, 14.00176, 81037, 34.0, 33.4, 35.9, 33.9
base-gradient-descent-1, 10, 800, 10, 10, 16, 291.29, 4.61252460, , 0, , 35.4, 33.9, 36.1, 33.9
gradient-descent-1, 10, 800, 10, 10, 16, 491.78, 8.29561895, 30, 9.58699, 198318, 35.4, 33.9, 37.4, 33.9
base-gradient-descent-1, 10, 800, 10, 10, 16, 202.36, 4.23691992, , 0, , 35.4, 33.9, 36.6, 33.4
gradient-descent-1, 10, 800, 10, 10, 16, 507.31, 8.42231886, 34, 10.561598, 223106, 35.6, 33.9, 35.4, 33.4
base-gradient-descent-1, 10, 800, 10, 10, 16, 290.07, 4.60062791, , 0, , 35.6, 33.4, 34.5, 33.9
gradient-descent-1, 10, 800, 10, 10, 16, 452.42, 8.30054581, 15, 15.107448, 100511, 35.0, 33.9, 33.0, 32.0
base-gradient-descent-1, 10, 800, 10, 10, 16, 201.15, 4.22900884, , 0, , 33.0, 32.5, 35.2, 33.0
gradient-descent-1, 10, 800, 10, 10, 16, 551.68, 8.63436329, 46, 9.36923300000001, 301947, 35.0, 33.4, 50.5, 48.4
base-gradient-descent-1, 10, 800, 10, 10, 16, 295.98, 4.59558019, , 0, , 50.6, 48.5, 41.2, 35.9
gradient-descent-1, 10, 800, 10, 10, 16, 501.06, 8.38436339, 15, 12.870295, 100535, 38.4, 36.6, 34.0, 33.4
base-gradient-descent-1, 10, 800, 10, 10, 16, 276.84, 4.59930898, , 0, , 34.0, 33.4, 35.0, 34.4
gradient-descent-1, 10, 800, 10, 10, 16, 513.45, 8.47720006, 29, 6.42345400000001, 191374, 48.5, 35.6, 33.0, 32.0
base-gradient-descent-1, 10, 800, 10, 10, 16, 272.53, 4.56183699, , 0, , 33.0, 33.0, 45.8, 43.8
gradient-descent-1, 10, 800, 10, 10, 16, 480.29, 8.35338625, 16, 17.493495, 107133, 54.5, 40.1, 37.6, 33.4
base-gradient-descent-1, 10, 800, 10, 10, 16, 182.55, 4.19548471, , 0, , 35.9, 33.4, 39.4, 32.5
gradient-descent-1, 10, 800, 10, 10, 16, 443.57, 8.17881997, 15, 12.369726, 101027, 36.1, 33.0, 45.9, 35.6
base-gradient-descent-1, 10, 800, 10, 10, 16, 255.51, 4.49327913, , 0, , 39.8, 36.9, 38.4, 34.9
gradient-descent-1, 10, 800, 10, 10, 16, 422.87, 8.10179042, 26, 13.216018, 172053, 39.9, 34.9, 47.9, 35.4
base-gradient-descent-1, 10, 800, 10, 10, 16, 300.34, 4.65075878, , 0, , 39.6, 35.9, 39.1, 41.4
gradient-descent-1, 10, 800, 10, 10, 16, 359.16, 7.85004250, 24, 8.46570700000001, 159546, 36.6, 34.9, 38.9, 33.5
base-gradient-descent-1, 10, 800, 10, 10, 16, 189.75, 4.18854364, , 0, , 35.2, 33.0, 36.4, 33.8
gradient-descent-1, 10, 800, 10, 10, 16, 358.85, 7.79807563, 17, 13.751576, 114562, 37.4, 35.4, 36.9, 33.4
base-gradient-descent-1, 10, 800, 10, 10, 16, 184.19, 4.17937037, , 0, , 35.4, 34.0, 37.1, 33.0
gradient-descent-1, 10, 800, 10, 10, 16, 358.78, 7.83492820, 21, 7.57627600000001, 139755, 37.9, 33.8, 40.5, 38.5
base-gradient-descent-1, 10, 800, 10, 10, 16, 188.33, 4.16499905, , 0, , 36.4, 34.4, 35.0, 33.4
gradient-descent-1, 10, 800, 10, 10, 16, 359.55, 7.79009034, 17, 9.42167500000001, 113684, 36.4, 34.6, 38.1, 33.4
base-gradient-descent-1, 10, 800, 10, 10, 16, 189.98, 4.19075214, , 0, , 35.9, 34.0, 37.4, 33.2
gradient-descent-1, 10, 800, 10, 10, 16, 346.20, 7.75024093, 28, 13.224101, 184987, 35.4, 33.5, 41.2, 37.0
base-gradient-descent-1, 10, 800, 10, 10, 16, 185.93, 4.19711666, , 0, , 35.4, 34.4, 46.4, 33.8
gradient-descent-1, 10, 800, 10, 10, 16, 356.13, 7.78537765, 22, 8.33050200000001, 146885, 40.1, 34.6, 37.9, 36.6
base-gradient-descent-1, 10, 800, 10, 10, 16, 189.42, 4.20109669, , 0, , 35.6, 34.0, 37.9, 33.9
gradient-descent-1, 10, 800, 10, 10, 16, 352.69, 7.88240806, 18, 10.044768, 120411, 35.9, 34.4, 36.9, 33.5
base-gradient-descent-1, 10, 800, 10, 10, 16, 193.19, 4.21447115, , 0, , 35.4, 33.4, 34.2, 32.5
gradient-descent-1, 10, 800, 10, 10, 16, 359.39, 7.78336254, 15, 12.110378, 100428, 35.2, 33.0, 41.2, 37.0
base-gradient-descent-1, 10, 800, 10, 10, 16, 184.41, 4.20062580, , 0, , 36.4, 33.9, 38.1, 33.0
gradient-descent-1, 10, 800, 10, 10, 16, 355.86, 7.79671340, 14, 10.28711, 94230, 42.0, 36.5, 41.8, 36.1
base-gradient-descent-1, 10, 800, 10, 10, 16, 188.83, 4.19848903, , 0, , 36.4, 33.0, 38.9, 34.1
gradient-descent-1, 10, 800, 10, 10, 16, 352.71, 7.82276805, 37, 4.258042, 243954, 35.4, 34.4, 35.0, 33.8
base-gradient-descent-1, 10, 800, 10, 10, 16, 193.23, 4.19099936, , 0, , 34.0, 33.9, 41.8, 37.0
gradient-descent-1, 10, 800, 10, 10, 16, 355.72, 7.75135220, 20, 6.01817700000001, 133525, 41.0, 37.0, 39.9, 37.0
base-gradient-descent-1, 10, 800, 10, 10, 16, 187.89, 4.20155654, , 0, , 34.5, 33.9, 41.8, 35.6
gradient-descent-1, 10, 800, 10, 10, 16, 352.86, 7.81186947, 26, 14.576002, 171891, 36.6, 32.5, 36.1, 32.5
base-gradient-descent-1, 10, 800, 10, 10, 16, 189.83, 4.19764396, , 0, , 34.8, 33.0, 39.9, 34.6
gradient-descent-1, 10, 800, 10, 10, 16, 321.63, 7.01297985, 20, 8.440657, 132633, 35.4, 34.0, 35.0, 32.8
base-gradient-descent-1, 10, 800, 10, 10, 16, 188.41, 4.18784891, , 0, , 39.1, 36.1, 44.5, 36.9
gradient-descent-1, 10, 800, 10, 10, 16, 362.56, 7.92862333, 31, 8.279865, 204057, 35.9, 33.9, 39.9, 35.1
base-gradient-descent-1, 10, 800, 10, 10, 16, 185.88, 4.17223788, , 0, , 34.8, 33.0, 37.9, 33.0
gradient-descent-1, 10, 800, 10, 10, 16, 349.03, 7.75590584, 26, 16.619342, 172222, 38.9, 36.4, 41.2, 37.0
base-gradient-descent-1, 10, 800, 10, 10, 16, 189.43, 4.18558097, , 0, , 35.4, 33.0, 42.8, 38.2
gradient-descent-1, 10, 800, 10, 10, 16, 352.34, 7.78356639, 32, 14.140757, 211625, 35.4, 34.0, 39.4, 37.0
base-gradient-descent-1, 10, 800, 10, 10, 16, 185.57, 4.18114624, , 0, , 35.4, 33.4, 40.1, 38.8
gradient-descent-1, 10, 800, 10, 10, 16, 354.04, 7.86743300, 25, 11.452108, 165555, 36.4, 33.0, 37.9, 33.2
base-gradient-descent-1, 10, 800, 10, 10, 16, 189.49, 4.17593549, , 0, , 35.9, 33.4, 42.8, 37.0
base-gradient-descent-1, 10, 800, 10, 10, 64, 187.72, 4.19261011, , 0, , 40.1, 36.1, 36.9, 33.0
gradient-descent-1, 10, 800, 10, 10, 64, 354.70, 7.76802989, 27, 5.64834400000001, 178792, 35.9, 33.0, 39.1, 32.5
base-gradient-descent-1, 10, 800, 10, 10, 64, 189.57, 4.19398701, , 0, , 35.4, 32.5, 39.6, 32.5
gradient-descent-1, 10, 800, 10, 10, 64, 346.76, 7.73373931, 19, 12.019469, 127404, 36.6, 32.8, 36.9, 32.8
base-gradient-descent-1, 10, 800, 10, 10, 64, 191.85, 4.19388477, , 0, , 34.5, 33.4, 41.5, 36.6
gradient-descent-1, 10, 800, 10, 10, 64, 354.54, 7.77922042, 15, 5.77377300000001, 100993, 35.9, 33.9, 40.8, 35.6
base-gradient-descent-1, 10, 800, 10, 10, 64, 225.19, 4.33453874, , 0, , 35.4, 34.0, 44.2, 37.2
gradient-descent-1, 10, 800, 10, 10, 64, 373.85, 7.86506081, 31, 7.34854, 204196, 40.4, 36.9, 41.2, 38.0
base-gradient-descent-1, 10, 800, 10, 10, 64, 190.32, 4.18870351, , 0, , 35.4, 33.4, 32.0, 31.5
gradient-descent-1, 10, 800, 10, 10, 64, 359.98, 7.83405452, 17, 8.606764, 113814, 34.0, 32.5, 35.2, 39.4
base-gradient-descent-1, 10, 800, 10, 10, 64, 192.49, 4.18822372, , 0, , 34.9, 33.9, 35.9, 33.2
gradient-descent-1, 10, 800, 10, 10, 64, 361.24, 7.80909525, 55, 9.566351, 359313, 36.4, 33.9, 41.0, 36.1
base-gradient-descent-1, 10, 800, 10, 10, 64, 195.54, 4.25581380, , 0, , 34.8, 33.0, 41.8, 35.1
gradient-descent-1, 10, 800, 10, 10, 64, 352.04, 7.74093297, 23, 8.805205, 152491, 41.0, 37.0, 40.8, 36.6
base-gradient-descent-1, 10, 800, 10, 10, 64, 191.16, 4.19259765, , 0, , 34.5, 33.0, 38.4, 33.8
gradient-descent-1, 10, 800, 10, 10, 64, 370.51, 7.87060752, 23, 9.19122900000001, 152549, 35.0, 33.9, 40.4, 37.8
base-gradient-descent-1, 10, 800, 10, 10, 64, 190.35, 4.19120033, , 0, , 35.8, 33.4, 38.6, 32.8
gradient-descent-1, 10, 800, 10, 10, 64, 356.99, 7.79958707, 15, 11.495962, 101050, 36.1, 33.9, 38.4, 33.8
base-gradient-descent-1, 10, 800, 10, 10, 64, 183.69, 4.18050938, , 0, , 35.0, 33.9, 38.1, 34.4
gradient-descent-1, 10, 800, 10, 10, 64, 346.99, 7.77534539, 28, 10.155207, 184665, 35.9, 33.0, 38.9, 33.8
base-gradient-descent-1, 10, 800, 10, 10, 64, 194.59, 4.22554323, , 0, , 35.2, 32.5, 38.6, 38.5
gradient-descent-1, 10, 800, 10, 10, 64, 355.42, 7.75596390, 32, 6.827735, 210275, 36.4, 33.8, 38.9, 37.2
base-gradient-descent-1, 10, 800, 10, 10, 64, 194.32, 4.22583188, , 0, , 34.5, 33.0, 34.5, 32.5
gradient-descent-1, 10, 800, 10, 10, 64, 355.40, 7.79147840, 14, 14.112545, 94250, 35.4, 33.0, 36.6, 32.5
base-gradient-descent-1, 10, 800, 10, 10, 64, 195.53, 4.20254810, , 0, , 35.4, 33.0, 49.0, 32.5
gradient-descent-1, 10, 800, 10, 10, 64, 355.86, 7.79797857, 30, 11.236918, 197312, 36.1, 33.9, 42.8, 37.2
base-gradient-descent-1, 10, 800, 10, 10, 64, 197.71, 4.20701306, , 0, , 35.4, 33.9, 57.6, 32.8
gradient-descent-1, 10, 800, 10, 10, 64, 359.16, 7.85466531, 18, 7.21427, 119728, 38.1, 33.4, 35.9, 33.8
base-gradient-descent-1, 10, 800, 10, 10, 64, 186.28, 4.18409598, , 0, , 35.8, 33.4, 38.6, 33.0
gradient-descent-1, 10, 800, 10, 10, 64, 348.07, 7.75526810, 22, 9.09414000000001, 146130, 36.1, 32.5, 44.0, 32.8
base-gradient-descent-1, 10, 800, 10, 10, 64, 191.12, 4.20625824, , 0, , 35.4, 32.5, 33.8, 32.0
gradient-descent-1, 10, 800, 10, 10, 64, 353.55, 7.84427815, 26, 13.894068, 171727, 35.4, 32.5, 37.1, 35.1
base-gradient-descent-1, 10, 800, 10, 10, 64, 196.79, 4.21275333, , 0, , 34.8, 33.4, 40.1, 37.2
gradient-descent-1, 10, 800, 10, 10, 64, 342.80, 7.72175821, 14, 11.392348, 94265, 36.1, 34.4, 36.4, 32.0
base-gradient-descent-1, 10, 800, 10, 10, 64, 195.24, 4.20752596, , 0, , 34.2, 33.0, 35.0, 33.0
gradient-descent-1, 10, 800, 10, 10, 64, 358.39, 7.86863617, 13, 10.581352, 87741, 34.5, 33.0, 36.4, 34.6
base-gradient-descent-1, 10, 800, 10, 10, 64, 193.93, 4.20052827, , 0, , 35.0, 33.8, 38.6, 33.2
gradient-descent-1, 10, 800, 10, 10, 64, 356.69, 7.77604137, 22, 12.814609, 146391, 40.8, 36.1, 36.1, 33.5
base-gradient-descent-1, 10, 800, 10, 10, 64, 188.91, 4.19270192, , 0, , 35.0, 33.0, 41.8, 37.0
gradient-descent-1, 10, 800, 10, 10, 64, 345.66, 7.72377051, 12, 9.756803, 81134, 35.0, 33.4, 35.8, 32.0
base-gradient-descent-1, 10, 800, 10, 10, 64, 185.25, 4.18010321, , 0, , 34.5, 32.5, 41.5, 32.8
gradient-descent-1, 10, 800, 10, 10, 64, 353.00, 7.80088370, 19, 10.946475, 126736, 35.4, 32.5, 37.9, 32.8
base-gradient-descent-1, 10, 800, 10, 10, 64, 198.54, 4.22006940, , 0, , 34.9, 33.4, 41.0, 33.8
gradient-descent-1, 10, 800, 10, 10, 64, 343.17, 7.75742652, 30, 14.53669, 197458, 34.5, 32.5, 37.4, 32.0
base-gradient-descent-1, 10, 800, 10, 10, 64, 186.53, 4.18994316, , 0, , 35.9, 33.0, 43.6, 34.9
gradient-descent-1, 10, 800, 10, 10, 64, 353.18, 7.79662861, 13, 11.295787, 87886, 36.1, 33.0, 44.5, 35.6
base-gradient-descent-1, 10, 800, 10, 10, 64, 185.54, 4.20091511, , 0, , 35.4, 33.4, 40.8, 37.0
gradient-descent-1, 10, 800, 10, 10, 64, 349.66, 7.73246175, 28, 7.19153300000001, 184891, 37.1, 34.0, 43.6, 33.2
base-gradient-descent-1, 10, 800, 10, 10, 64, 183.72, 4.18061787, , 0, , 35.2, 33.0, 35.8, 32.0
gradient-descent-1, 10, 800, 10, 10, 64, 345.44, 7.76353728, 35, 12.751313, 229473, 36.1, 33.0, 41.8, 32.5
base-gradient-descent-1, 10, 800, 10, 10, 64, 185.81, 4.17770367, , 0, , 35.8, 32.5, 43.6, 33.2
gradient-descent-1, 10, 800, 10, 10, 64, 355.98, 7.77150941, 27, 8.633763, 178946, 40.2, 36.1, 40.1, 33.2
base-gradient-descent-1, 10, 800, 10, 10, 64, 190.31, 4.18300863, , 0, , 35.4, 33.4, 40.6, 33.5
gradient-descent-1, 10, 800, 10, 10, 64, 349.54, 7.81056487, 31, 10.149447, 204447, 40.4, 36.4, 41.8, 34.6
base-gradient-descent-1, 10, 800, 10, 10, 64, 193.81, 4.21144309, , 0, , 34.2, 32.5, 35.0, 32.0
gradient-descent-1, 10, 800, 10, 10, 64, 353.29, 7.78966356, 14, 15.958671, 93879, 35.4, 33.0, 38.1, 32.5
base-gradient-descent-1, 10, 800, 10, 10, 64, 185.44, 4.18639437, , 0, , 35.4, 33.0, 39.1, 35.1
gradient-descent-1, 10, 800, 10, 10, 64, 346.52, 7.77770580, 22, 9.063912, 146183, 41.2, 35.9, 37.1, 40.6
base-gradient-descent-1, 10, 800, 10, 10, 64, 200.52, 4.21136314, , 0, , 34.8, 33.0, 37.4, 32.5
gradient-descent-1, 10, 800, 10, 10, 64, 376.09, 7.87883008, 29, 10.513591, 191547, 35.4, 33.0, 44.0, 33.8
base-gradient-descent-1, 10, 800, 10, 10, 64, 185.91, 4.19074064, , 0, , 35.4, 33.0, 39.1, 36.1
base-gradient-descent-1, 10, 800, 25, 10, 16, 194.11, 4.19607390, , 0, , 35.8, 33.0, 37.1, 32.5
gradient-descent-1, 10, 800, 25, 10, 16, 351.20, 7.70898701, 35, 12.206651, 230189, 37.1, 33.5, 34.2, 32.5
base-gradient-descent-1, 10, 800, 25, 10, 16, 190.40, 4.16845211, , 0, , 34.8, 33.4, 40.4, 41.6
gradient-descent-1, 10, 800, 25, 10, 16, 381.21, 7.96688729, 46, 12.161927, 301581, 35.8, 33.0, 36.6, 35.1
base-gradient-descent-1, 10, 800, 25, 10, 16, 218.37, 4.23207856, , 0, , 35.4, 32.5, 34.5, 32.8
gradient-descent-1, 10, 800, 25, 10, 16, 350.83, 7.83046837, 35, 16.140123, 230038, 35.0, 33.0, 35.2, 32.0
base-gradient-descent-1, 10, 800, 25, 10, 16, 195.77, 4.18558207, , 0, , 34.5, 33.0, 36.6, 35.4
gradient-descent-1, 10, 800, 25, 10, 16, 347.78, 7.74959620, 37, 9.148039, 243265, 35.2, 33.8, 36.6, 32.5
base-gradient-descent-1, 10, 800, 25, 10, 16, 194.20, 4.19309851, , 0, , 34.8, 33.0, 37.6, 33.2
gradient-descent-1, 10, 800, 25, 10, 16, 352.40, 7.82880190, 44, 12.926849, 288804, 35.9, 33.0, 35.2, 34.1
base-gradient-descent-1, 10, 800, 25, 10, 16, 199.84, 4.21896551, , 0, , 35.0, 33.0, 37.9, 33.9
gradient-descent-1, 10, 800, 25, 10, 16, 378.32, 7.85998474, 53, 5.83873700000001, 345281, 40.2, 37.0, 40.6, 37.0
base-gradient-descent-1, 10, 800, 25, 10, 16, 188.75, 4.17828893, , 0, , 34.5, 33.0, 37.1, 32.5
gradient-descent-1, 10, 800, 25, 10, 16, 351.40, 7.80495774, 76, 8.07606200000001, 495769, 35.9, 33.0, 39.4, 32.5
base-gradient-descent-1, 10, 800, 25, 10, 16, 191.79, 4.19356955, , 0, , 36.4, 33.0, 37.9, 33.0
gradient-descent-1, 10, 800, 25, 10, 16, 353.36, 7.79354380, 75, 8.900023, 488042, 36.1, 33.5, 41.2, 41.4
base-gradient-descent-1, 10, 800, 25, 10, 16, 188.82, 4.16389077, , 0, , 35.4, 33.5, 42.5, 38.9
gradient-descent-1, 10, 800, 25, 10, 16, 360.31, 7.84040650, 53, 3.409964, 345592, 39.6, 37.2, 37.4, 40.9
base-gradient-descent-1, 10, 800, 25, 10, 16, 187.55, 4.19667361, , 0, , 35.0, 33.0, 39.6, 33.2
gradient-descent-1, 10, 800, 25, 10, 16, 359.98, 7.80827326, 63, 11.226321, 412229, 38.4, 35.1, 35.0, 33.2
base-gradient-descent-1, 10, 800, 25, 10, 16, 190.69, 4.18225641, , 0, , 34.5, 33.0, 35.8, 32.5
gradient-descent-1, 10, 800, 25, 10, 16, 359.09, 7.85998545, 79, 4.93062500000001, 512847, 35.9, 33.9, 40.1, 37.0
base-gradient-descent-1, 10, 800, 25, 10, 16, 186.64, 4.18560116, , 0, , 34.5, 32.8, 36.6, 32.2
gradient-descent-1, 10, 800, 25, 10, 16, 356.58, 7.75043216, 37, 8.91113, 244037, 35.8, 32.5, 35.9, 33.0
base-gradient-descent-1, 10, 800, 25, 10, 16, 237.78, 4.30929676, , 0, , 35.0, 33.5, 35.9, 33.2
gradient-descent-1, 10, 800, 25, 10, 16, 382.49, 7.90105097, 39, 6.248239, 256711, 36.9, 33.2, 39.4, 33.2
base-gradient-descent-1, 10, 800, 25, 10, 16, 190.32, 4.18661469, , 0, , 35.1, 33.0, 36.9, 32.5
gradient-descent-1, 10, 800, 25, 10, 16, 361.50, 7.81807077, 40, 5.671408, 262096, 35.9, 33.4, 36.9, 32.5
base-gradient-descent-1, 10, 800, 25, 10, 16, 196.49, 4.21505742, , 0, , 34.0, 33.0, 35.9, 33.8
gradient-descent-1, 10, 800, 25, 10, 16, 349.22, 7.77349394, 48, 9.59508700000001, 314091, 35.8, 33.9, 37.4, 33.0
base-gradient-descent-1, 10, 800, 25, 10, 16, 192.96, 4.20463121, , 0, , 35.4, 33.4, 35.4, 32.0
gradient-descent-1, 10, 800, 25, 10, 16, 356.69, 7.80870231, 72, 6.286304, 467536, 35.4, 32.5, 37.9, 34.1
base-gradient-descent-1, 10, 800, 25, 10, 16, 194.82, 4.18599882, , 0, , 34.0, 33.0, 37.6, 32.8
gradient-descent-1, 10, 800, 25, 10, 16, 349.78, 7.76395762, 31, 6.91455500000001, 203813, 41.2, 37.0, 38.1, 32.0
base-gradient-descent-1, 10, 800, 25, 10, 16, 190.84, 4.18060578, , 0, , 35.4, 32.0, 38.9, 33.2
gradient-descent-1, 10, 800, 25, 10, 16, 349.23, 7.78240810, 40, 7.659935, 262070, 35.4, 33.9, 37.6, 36.9
base-gradient-descent-1, 10, 800, 25, 10, 16, 191.92, 4.19273138, , 0, , 35.8, 33.0, 36.6, 32.0
gradient-descent-1, 10, 800, 25, 10, 16, 352.86, 7.83615288, 48, 3.10850500000001, 312689, 37.4, 33.5, 58.1, 36.1
base-gradient-descent-1, 10, 800, 25, 10, 16, 194.76, 4.19581383, , 0, , 67.9, 33.0, 36.9, 33.2
gradient-descent-1, 10, 800, 25, 10, 16, 351.12, 7.78565795, 53, 7.324459, 346336, 38.9, 35.6, 37.6, 32.0
base-gradient-descent-1, 10, 800, 25, 10, 16, 189.54, 4.20437180, , 0, , 35.9, 32.8, 34.0, 31.5
gradient-descent-1, 10, 800, 25, 10, 16, 360.53, 7.79343883, 56, 5.869697, 364031, 35.0, 33.2, 45.0, 33.2
base-gradient-descent-1, 10, 800, 25, 10, 16, 195.99, 4.21639245, , 0, , 35.0, 33.0, 42.2, 35.6
gradient-descent-1, 10, 800, 25, 10, 16, 360.32, 7.88732879, 62, 6.033575, 404268, 47.4, 37.0, 37.6, 33.8
base-gradient-descent-1, 10, 800, 25, 10, 16, 196.70, 4.25079650, , 0, , 34.9, 33.4, 36.9, 32.0
gradient-descent-1, 10, 800, 25, 10, 16, 357.25, 7.77611571, 33, 8.710497, 217268, 35.4, 33.0, 41.2, 34.1
base-gradient-descent-1, 10, 800, 25, 10, 16, 191.29, 4.19732797, , 0, , 35.9, 34.0, 38.1, 32.8
gradient-descent-1, 10, 800, 25, 10, 16, 362.95, 7.81305068, 62, 3.947794, 403775, 35.9, 33.4, 34.4, 34.1
base-gradient-descent-1, 10, 800, 25, 10, 16, 193.73, 4.19537955, , 0, , 34.9, 33.4, 35.0, 33.0
gradient-descent-1, 10, 800, 25, 10, 16, 355.86, 7.76491289, 31, 9.419256, 204569, 35.0, 33.4, 36.9, 32.5
base-gradient-descent-1, 10, 800, 25, 10, 16, 189.34, 4.18835339, , 0, , 35.2, 33.0, 37.6, 32.5
gradient-descent-1, 10, 800, 25, 10, 16, 354.20, 7.82177139, 43, 11.69724, 282158, 39.9, 36.1, 36.9, 34.6
base-gradient-descent-1, 10, 800, 25, 10, 16, 187.16, 4.17254993, , 0, , 34.0, 33.0, 37.9, 34.4
gradient-descent-1, 10, 800, 25, 10, 16, 354.22, 7.79778179, 60, 6.333186, 390989, 36.6, 34.0, 38.9, 32.8
base-gradient-descent-1, 10, 800, 25, 10, 16, 190.74, 4.19000185, , 0, , 35.4, 33.0, 41.0, 37.5
gradient-descent-1, 10, 800, 25, 10, 16, 353.72, 7.78055113, 70, 5.531131, 457023, 36.1, 33.0, 36.1, 33.8
base-gradient-descent-1, 10, 800, 25, 10, 16, 192.48, 4.20409256, , 0, , 34.5, 33.4, 36.1, 31.8
gradient-descent-1, 10, 800, 25, 10, 16, 351.96, 7.77378542, 69, 6.634011, 447744, 39.4, 37.0, 36.4, 33.0
base-gradient-descent-1, 10, 800, 25, 10, 16, 200.96, 4.21476323, , 0, , 35.0, 33.5, 36.1, 33.0
gradient-descent-1, 10, 800, 25, 10, 16, 356.78, 7.85126907, 51, 8.39050900000001, 333981, 34.5, 33.0, 37.4, 33.6
base-gradient-descent-1, 10, 800, 25, 10, 16, 191.65, 4.18127932, , 0, , 35.2, 33.4, 41.5, 36.6
base-gradient-descent-1, 10, 800, 25, 10, 64, 199.13, 4.22526718, , 0, , 35.9, 33.2, 35.0, 32.5
gradient-descent-1, 10, 800, 25, 10, 64, 359.23, 7.80948394, 37, 10.899536, 242750, 37.9, 33.9, 49.4, 36.9
base-gradient-descent-1, 10, 800, 25, 10, 64, 190.28, 4.18755011, , 0, , 35.4, 33.5, 41.5, 38.0
gradient-descent-1, 10, 800, 25, 10, 64, 386.84, 7.93316475, 47, 3.08313200000001, 306536, 40.2, 35.1, 43.0, 36.1
base-gradient-descent-1, 10, 800, 25, 10, 64, 190.09, 4.18266107, , 0, , 35.4, 33.0, 37.4, 33.2
gradient-descent-1, 10, 800, 25, 10, 64, 356.99, 7.77656000, 38, 10.461065, 249737, 35.9, 34.0, 37.4, 32.8
base-gradient-descent-1, 10, 800, 25, 10, 64, 195.96, 4.22679378, , 0, , 35.4, 33.5, 34.5, 32.0
gradient-descent-1, 10, 800, 25, 10, 64, 361.39, 7.87466572, 37, 10.464422, 243563, 41.8, 39.9, 42.2, 34.1
base-gradient-descent-1, 10, 800, 25, 10, 64, 196.44, 4.21135891, , 0, , 35.4, 33.0, 37.6, 32.2
gradient-descent-1, 10, 800, 25, 10, 64, 354.54, 7.88464194, 57, 6.81369600000001, 370972, 34.5, 33.0, 38.1, 32.8
base-gradient-descent-1, 10, 800, 25, 10, 64, 194.70, 4.20329925, , 0, , 35.4, 32.5, 36.6, 33.2
gradient-descent-1, 10, 800, 25, 10, 64, 364.79, 7.85086365, 31, 12.440842, 204541, 35.0, 32.8, 38.4, 32.2
base-gradient-descent-1, 10, 800, 25, 10, 64, 199.35, 4.22139197, , 0, , 34.8, 33.0, 34.5, 32.0
gradient-descent-1, 10, 800, 25, 10, 64, 354.32, 7.80632946, 81, 7.22202, 525200, 36.4, 33.2, 38.4, 31.8
base-gradient-descent-1, 10, 800, 25, 10, 64, 188.76, 4.17906871, , 0, , 34.0, 33.0, 45.1, 36.9
gradient-descent-1, 10, 800, 25, 10, 64, 398.58, 7.94731656, 36, 8.86405500000001, 236091, 39.9, 38.0, 42.8, 37.2
base-gradient-descent-1, 10, 800, 25, 10, 64, 194.01, 4.19955618, , 0, , 35.4, 33.5, 36.9, 33.8
gradient-descent-1, 10, 800, 25, 10, 64, 360.29, 7.78729219, 33, 3.42558200000001, 217149, 35.0, 33.5, 46.8, 34.6
base-gradient-descent-1, 10, 800, 25, 10, 64, 188.59, 4.18022520, , 0, , 35.4, 33.0, 36.9, 32.8
gradient-descent-1, 10, 800, 25, 10, 64, 356.53, 7.86508067, 41, 9.007694, 268961, 35.8, 33.0, 36.9, 33.0
base-gradient-descent-1, 10, 800, 25, 10, 64, 195.17, 4.22379072, , 0, , 35.0, 33.5, 38.9, 36.9
gradient-descent-1, 10, 800, 25, 10, 64, 363.02, 7.98283575, 52, 8.65933200000001, 340384, 34.0, 33.0, 46.4, 35.1
base-gradient-descent-1, 10, 800, 25, 10, 64, 189.27, 4.17660524, , 0, , 35.8, 33.5, 53.6, 33.4
gradient-descent-1, 10, 800, 25, 10, 64, 353.50, 7.76664498, 33, 6.80296, 216785, 35.4, 33.5, 35.2, 33.8
base-gradient-descent-1, 10, 800, 25, 10, 64, 190.26, 4.20028733, , 0, , 35.0, 33.4, 38.1, 32.5
gradient-descent-1, 10, 800, 25, 10, 64, 363.43, 7.84411931, 29, 7.41331600000001, 191482, 37.6, 33.2, 48.1, 38.0
base-gradient-descent-1, 10, 800, 25, 10, 64, 195.65, 4.20098971, , 0, , 35.4, 33.0, 40.1, 32.8
gradient-descent-1, 10, 800, 25, 10, 64, 369.37, 7.93230197, 49, 11.708165, 319538, 36.1, 33.4, 41.0, 33.5
base-gradient-descent-1, 10, 800, 25, 10, 64, 193.26, 4.19973045, , 0, , 34.5, 33.0, 44.6, 33.9
gradient-descent-1, 10, 800, 25, 10, 64, 356.51, 7.83281688, 48, 6.55672700000001, 314109, 35.4, 33.4, 37.9, 39.9
base-gradient-descent-1, 10, 800, 25, 10, 64, 190.04, 4.20204478, , 0, , 34.5, 33.4, 37.9, 35.1
gradient-descent-1, 10, 800, 25, 10, 64, 367.81, 7.80784836, 48, 11.07506, 314376, 35.4, 33.0, 39.8, 36.5
base-gradient-descent-1, 10, 800, 25, 10, 64, 190.81, 4.19332494, , 0, , 34.0, 32.5, 37.6, 32.5
gradient-descent-1, 10, 800, 25, 10, 64, 357.63, 7.74917341, 31, 9.250175, 205615, 35.2, 33.0, 40.2, 34.4
base-gradient-descent-1, 10, 800, 25, 10, 64, 191.46, 4.18826958, , 0, , 34.5, 32.5, 42.2, 37.5
gradient-descent-1, 10, 800, 25, 10, 64, 370.90, 7.83279039, 41, 7.49431700000001, 269245, 36.9, 35.4, 40.2, 36.9
base-gradient-descent-1, 10, 800, 25, 10, 64, 189.93, 4.19690815, , 0, , 34.2, 33.4, 43.2, 36.1
gradient-descent-1, 10, 800, 25, 10, 64, 351.78, 7.79135369, 65, 5.22578, 424073, 39.1, 33.4, 30.6, 30.5
base-gradient-descent-1, 10, 800, 25, 10, 64, 186.03, 4.17738757, , 0, , 31.8, 31.5, 38.1, 33.0
gradient-descent-1, 10, 800, 25, 10, 64, 353.16, 7.77573554, 39, 11.572942, 255224, 40.8, 37.5, 37.4, 33.0
base-gradient-descent-1, 10, 800, 25, 10, 64, 200.92, 4.20991382, , 0, , 35.2, 33.0, 35.2, 32.8
gradient-descent-1, 10, 800, 25, 10, 64, 371.01, 7.86938111, 41, 8.618179, 269058, 47.6, 33.8, 36.1, 32.5
base-gradient-descent-1, 10, 800, 25, 10, 64, 196.11, 4.20382410, , 0, , 35.4, 33.0, 33.8, 31.5
gradient-descent-1, 10, 800, 25, 10, 64, 353.56, 7.77266220, 37, 6.43797600000001, 243932, 34.8, 32.5, 40.1, 36.1
base-gradient-descent-1, 10, 800, 25, 10, 64, 192.50, 4.20808703, , 0, , 34.8, 33.0, 34.4, 32.0
gradient-descent-1, 10, 800, 25, 10, 64, 359.89, 7.81034898, 52, 6.802222, 338626, 36.1, 33.5, 34.8, 34.6
base-gradient-descent-1, 10, 800, 25, 10, 64, 190.48, 4.19714156, , 0, , 34.0, 32.5, 39.6, 33.8
gradient-descent-1, 10, 800, 25, 10, 64, 356.28, 7.82946514, 69, 9.532415, 450254, 35.4, 33.9, 38.4, 32.5
base-gradient-descent-1, 10, 800, 25, 10, 64, 192.50, 4.21448018, , 0, , 35.4, 33.0, 34.8, 31.5
gradient-descent-1, 10, 800, 25, 10, 64, 359.83, 7.81114124, 68, 6.886307, 442699, 35.8, 33.5, 37.1, 32.2
base-gradient-descent-1, 10, 800, 25, 10, 64, 195.12, 4.18781294, , 0, , 35.0, 33.0, 36.9, 33.2
gradient-descent-1, 10, 800, 25, 10, 64, 363.78, 7.93915653, 80, 7.37696800000001, 519023, 35.0, 33.8, 35.0, 32.5
base-gradient-descent-1, 10, 800, 25, 10, 64, 201.52, 4.21337763, , 0, , 34.5, 33.0, 34.0, 32.0
gradient-descent-1, 10, 800, 25, 10, 64, 356.77, 7.83832833, 79, 7.860738, 514725, 36.4, 32.5, 34.5, 32.5
base-gradient-descent-1, 10, 800, 25, 10, 64, 192.39, 4.20068691, , 0, , 33.5, 32.0, 38.1, 32.5
gradient-descent-1, 10, 800, 25, 10, 64, 354.21, 7.79857435, 30, 6.28841300000001, 197594, 35.2, 33.4, 41.8, 32.8
base-gradient-descent-1, 10, 800, 25, 10, 64, 188.09, 4.19616722, , 0, , 35.4, 33.0, 37.1, 32.5
gradient-descent-1, 10, 800, 25, 10, 64, 358.60, 7.78875670, 44, 9.245052, 287487, 36.1, 33.0, 39.8, 33.8
base-gradient-descent-1, 10, 800, 25, 10, 64, 196.60, 4.20514708, , 0, , 35.4, 33.4, 34.0, 31.2
gradient-descent-1, 10, 800, 25, 10, 64, 355.50, 7.75586890, 38, 6.84421300000001, 249066, 35.0, 32.5, 43.5, 34.9
base-gradient-descent-1, 10, 800, 25, 10, 64, 200.13, 4.23455022, , 0, , 34.5, 33.4, 34.0, 33.0
base-gradient-descent-1, 10, 400, 10, 25, 16, 199.15, 4.21545447, , 0, , 35.2, 33.9, 35.4, 34.6
gradient-descent-1, 10, 400, 10, 25, 16, 309.19, 6.97013397, 20, 15.55988, 37937, 37.9, 34.9, 36.1, 32.5
base-gradient-descent-1, 10, 400, 10, 25, 16, 193.75, 4.21222144, , 0, , 34.8, 33.0, 33.5, 31.5
gradient-descent-1, 10, 400, 10, 25, 16, 366.81, 7.82544133, 17, 11.36085, 32356, 34.8, 32.5, 34.5, 32.5
base-gradient-descent-1, 10, 400, 10, 25, 16, 194.80, 4.21124507, , 0, , 34.2, 33.4, 34.8, 32.8
gradient-descent-1, 10, 400, 10, 25, 16, 350.72, 7.79643030, 34, 5.97285100000001, 64343, 35.0, 32.5, 38.1, 32.5
base-gradient-descent-1, 10, 400, 10, 25, 16, 188.52, 4.18846504, , 0, , 35.8, 33.4, 39.4, 36.5
gradient-descent-1, 10, 400, 10, 25, 16, 321.46, 7.02176978, 14, 11.669906, 27176, 36.9, 34.4, 34.0, 31.5
base-gradient-descent-1, 10, 400, 10, 25, 16, 194.33, 4.22869392, , 0, , 33.5, 32.5, 37.4, 34.6
gradient-descent-1, 10, 400, 10, 25, 16, 353.41, 7.73411778, 19, 13.102187, 36505, 35.9, 33.0, 39.8, 36.4
base-gradient-descent-1, 10, 400, 10, 25, 16, 189.53, 4.18051551, , 0, , 34.8, 33.0, 40.6, 36.1
gradient-descent-1, 10, 400, 10, 25, 16, 324.09, 7.06567822, 33, 8.04209400000001, 62390, 36.9, 33.5, 38.6, 36.5
base-gradient-descent-1, 10, 400, 10, 25, 16, 190.84, 4.17072798, , 0, , 35.0, 33.0, 35.9, 32.8
gradient-descent-1, 10, 400, 10, 25, 16, 355.77, 7.73390657, 12, 9.042975, 23232, 35.0, 33.0, 33.2, 32.2
base-gradient-descent-1, 10, 400, 10, 25, 16, 203.58, 4.21917123, , 0, , 33.5, 33.0, 34.4, 33.2
gradient-descent-1, 10, 400, 10, 25, 16, 311.62, 7.00271652, 15, 14.338318, 29137, 35.4, 34.1, 38.6, 31.8
base-gradient-descent-1, 10, 400, 10, 25, 16, 205.30, 4.21170719, , 0, , 35.4, 32.5, 35.2, 39.0
gradient-descent-1, 10, 400, 10, 25, 16, 322.64, 7.01352275, 20, 9.37103500000001, 38046, 34.0, 33.0, 34.9, 32.5
base-gradient-descent-1, 10, 400, 10, 25, 16, 199.18, 4.20405084, , 0, , 53.2, 33.0, 33.5, 32.0
gradient-descent-1, 10, 400, 10, 25, 16, 322.56, 7.04994309, 26, 8.29660200000001, 49120, 35.0, 33.2, 39.4, 36.9
base-gradient-descent-1, 10, 400, 10, 25, 16, 201.44, 4.21675779, , 0, , 34.5, 33.0, 42.0, 36.4
gradient-descent-1, 10, 400, 10, 25, 16, 357.86, 7.74624220, 34, 8.73626400000001, 64843, 35.0, 34.0, 34.5, 33.8
base-gradient-descent-1, 10, 400, 10, 25, 16, 189.51, 4.17621643, , 0, , 34.5, 33.4, 36.9, 34.4
gradient-descent-1, 10, 400, 10, 25, 16, 326.25, 7.04508822, 15, 10.764698, 28954, 35.9, 34.1, 35.9, 35.9
base-gradient-descent-1, 10, 400, 10, 25, 16, 187.66, 4.19998661, , 0, , 34.5, 33.4, 40.1, 32.0
gradient-descent-1, 10, 400, 10, 25, 16, 349.40, 7.75672280, 26, 10.221802, 49370, 36.6, 32.5, 35.8, 32.8
base-gradient-descent-1, 10, 400, 10, 25, 16, 192.90, 4.19075033, , 0, , 35.0, 33.0, 35.9, 33.5
gradient-descent-1, 10, 400, 10, 25, 16, 320.91, 7.02313008, 24, 8.60433400000001, 45800, 35.4, 34.0, 36.1, 38.5
base-gradient-descent-1, 10, 400, 10, 25, 16, 188.25, 4.19580326, , 0, , 34.5, 32.5, 31.5, 31.0
gradient-descent-1, 10, 400, 10, 25, 16, 322.64, 7.01208511, 21, 10.849319, 40670, 33.2, 32.0, 35.4, 31.8
base-gradient-descent-1, 10, 400, 10, 25, 16, 190.94, 4.20675977, , 0, , 34.0, 32.5, 34.0, 31.5
gradient-descent-1, 10, 400, 10, 25, 16, 326.69, 7.06622338, 14, 8.495225, 26897, 35.9, 32.5, 40.1, 37.5
base-gradient-descent-1, 10, 400, 10, 25, 16, 192.12, 4.19625714, , 0, , 35.8, 32.5, 38.1, 32.0
gradient-descent-1, 10, 400, 10, 25, 16, 319.27, 7.08473082, 24, 10.212007, 45091, 37.6, 33.2, 36.9, 32.5
base-gradient-descent-1, 10, 400, 10, 25, 16, 190.10, 4.19930268, , 0, , 35.4, 33.4, 37.1, 32.0
gradient-descent-1, 10, 400, 10, 25, 16, 359.86, 7.74262563, 22, 9.82437400000001, 42638, 36.1, 32.5, 34.5, 33.2
base-gradient-descent-1, 10, 400, 10, 25, 16, 185.57, 4.17859393, , 0, , 34.5, 33.0, 40.2, 35.9
gradient-descent-1, 10, 400, 10, 25, 16, 347.39, 7.74864115, 18, 13.930682, 34469, 35.2, 33.0, 35.8, 32.0
base-gradient-descent-1, 10, 400, 10, 25, 16, 186.70, 4.18943037, , 0, , 34.5, 32.5, 36.6, 32.5
gradient-descent-1, 10, 400, 10, 25, 16, 349.76, 7.74918718, 21, 12.751193, 39804, 35.9, 33.0, 39.9, 37.5
base-gradient-descent-1, 10, 400, 10, 25, 16, 197.63, 4.22212834, , 0, , 35.0, 33.4, 39.8, 36.1
gradient-descent-1, 10, 400, 10, 25, 16, 324.37, 7.04308190, 30, 9.467326, 57179, 36.1, 33.2, 35.4, 33.8
base-gradient-descent-1, 10, 400, 10, 25, 16, 191.66, 4.21278749, , 0, , 35.0, 32.5, 35.9, 31.6
gradient-descent-1, 10, 400, 10, 25, 16, 319.62, 7.06236152, 31, 11.702998, 59444, 36.4, 32.5, 35.9, 34.1
base-gradient-descent-1, 10, 400, 10, 25, 16, 186.77, 4.16274960, , 0, , 34.5, 33.0, 40.1, 35.4
gradient-descent-1, 10, 400, 10, 25, 16, 382.93, 7.98218147, 20, 9.757501, 38476, 36.9, 38.0, 34.0, 35.6
base-gradient-descent-1, 10, 400, 10, 25, 16, 209.08, 4.33968015, , 0, , 33.5, 35.4, 32.5, 33.9
gradient-descent-1, 10, 400, 10, 25, 16, 329.22, 7.07200044, 31, 8.63310200000001, 59183, 34.5, 34.4, 38.1, 32.8
base-gradient-descent-1, 10, 400, 10, 25, 16, 188.61, 4.17637269, , 0, , 35.4, 33.5, 38.1, 33.4
gradient-descent-1, 10, 400, 10, 25, 16, 324.29, 7.03389421, 20, 13.716534, 38483, 35.8, 33.9, 34.5, 33.2
base-gradient-descent-1, 10, 400, 10, 25, 16, 186.72, 4.18418016, , 0, , 34.0, 33.0, 38.6, 32.8
gradient-descent-1, 10, 400, 10, 25, 16, 345.46, 7.78354351, 29, 5.832865, 54975, 35.4, 33.0, 36.4, 32.5
base-gradient-descent-1, 10, 400, 10, 25, 16, 189.93, 4.19485454, , 0, , 34.5, 33.0, 36.6, 32.5
gradient-descent-1, 10, 400, 10, 25, 16, 316.91, 7.01272278, 42, 7.47425, 79820, 34.8, 33.4, 39.4, 35.6
base-gradient-descent-1, 10, 400, 10, 25, 16, 199.37, 4.22242192, , 0, , 34.0, 32.5, 33.2, 32.0
gradient-descent-1, 10, 400, 10, 25, 16, 353.17, 7.78641988, 24, 13.2696, 46226, 35.0, 33.0, 36.4, 33.0
base-gradient-descent-1, 10, 400, 10, 25, 16, 197.72, 4.21137398, , 0, , 35.4, 33.5, 34.0, 31.1
gradient-descent-1, 10, 400, 10, 25, 16, 353.63, 7.77100332, 22, 12.354206, 41898, 35.9, 33.0, 37.9, 32.5
base-gradient-descent-1, 10, 400, 10, 25, 16, 192.62, 4.20867539, , 0, , 36.4, 33.0, 35.4, 31.5
gradient-descent-1, 10, 400, 10, 25, 16, 358.65, 7.80194857, 13, 10.839861, 25374, 35.0, 32.5, 38.4, 32.8
base-gradient-descent-1, 10, 400, 10, 25, 16, 194.40, 4.21048398, , 0, , 35.9, 33.5, 37.9, 35.6
base-gradient-descent-1, 10, 400, 10, 25, 64, 196.97, 4.23167577, , 0, , 34.2, 32.5, 40.6, 36.5
gradient-descent-1, 10, 400, 10, 25, 64, 308.40, 6.96453028, 31, 6.258089, 58947, 36.9, 33.9, 36.1, 32.5
base-gradient-descent-1, 10, 400, 10, 25, 64, 189.33, 4.17823560, , 0, , 35.9, 32.8, 36.4, 33.5
gradient-descent-1, 10, 400, 10, 25, 64, 317.14, 7.02914106, 22, 10.544484, 41892, 36.4, 34.1, 33.8, 32.5
base-gradient-descent-1, 10, 400, 10, 25, 64, 203.13, 4.21320327, , 0, , 34.0, 33.0, 55.5, 33.8
gradient-descent-1, 10, 400, 10, 25, 64, 317.83, 7.01167192, 13, 11.61019, 25243, 34.8, 34.1, 36.9, 32.0
base-gradient-descent-1, 10, 400, 10, 25, 64, 196.66, 4.20233945, , 0, , 34.5, 32.5, 38.4, 33.5
gradient-descent-1, 10, 400, 10, 25, 64, 319.93, 7.01416660, 17, 16.474973, 32492, 38.9, 35.4, 35.4, 31.6
base-gradient-descent-1, 10, 400, 10, 25, 64, 194.52, 4.20843658, , 0, , 34.2, 33.0, 34.4, 32.5
gradient-descent-1, 10, 400, 10, 25, 64, 330.77, 7.03999434, 21, 10.213422, 40060, 34.8, 33.0, 39.4, 36.6
base-gradient-descent-1, 10, 400, 10, 25, 64, 186.27, 4.19013853, , 0, , 34.8, 33.4, 37.1, 32.0
gradient-descent-1, 10, 400, 10, 25, 64, 329.94, 7.03349058, 24, 14.168523, 45128, 35.4, 33.0, 36.1, 33.0
base-gradient-descent-1, 10, 400, 10, 25, 64, 195.83, 4.21724273, , 0, , 34.8, 33.9, 34.2, 32.0
gradient-descent-1, 10, 400, 10, 25, 64, 348.41, 7.78702899, 16, 6.92341300000001, 30446, 35.2, 32.5, 40.6, 36.9
base-gradient-descent-1, 10, 400, 10, 25, 64, 191.76, 4.19906262, , 0, , 35.8, 33.0, 38.4, 34.4
gradient-descent-1, 10, 400, 10, 25, 64, 325.07, 7.06339986, 19, 14.336367, 36546, 36.4, 34.1, 36.4, 32.5
base-gradient-descent-1, 10, 400, 10, 25, 64, 188.41, 4.18425748, , 0, , 35.0, 33.0, 37.4, 32.5
gradient-descent-1, 10, 400, 10, 25, 64, 350.25, 7.75480107, 15, 8.213718, 28819, 36.1, 33.0, 35.0, 33.8
base-gradient-descent-1, 10, 400, 10, 25, 64, 192.29, 4.19220120, , 0, , 34.8, 33.0, 38.9, 34.1
gradient-descent-1, 10, 400, 10, 25, 64, 313.15, 7.01039285, 43, 9.650462, 81742, 39.4, 37.8, 34.2, 31.5
base-gradient-descent-1, 10, 400, 10, 25, 64, 200.51, 4.22126214, , 0, , 34.5, 32.5, 34.2, 32.5
gradient-descent-1, 10, 400, 10, 25, 64, 319.86, 6.97596588, 15, 13.134031, 29378, 35.4, 33.8, 42.0, 33.4
base-gradient-descent-1, 10, 400, 10, 25, 64, 191.69, 4.19616294, , 0, , 43.2, 33.0, 36.4, 33.0
gradient-descent-1, 10, 400, 10, 25, 64, 319.47, 7.01885321, 38, 6.12639300000001, 72095, 35.9, 33.4, 35.9, 32.8
base-gradient-descent-1, 10, 400, 10, 25, 64, 184.86, 4.17684494, , 0, , 34.5, 33.0, 36.6, 33.0
gradient-descent-1, 10, 400, 10, 25, 64, 324.42, 7.07040129, 15, 13.476152, 28755, 37.4, 33.0, 35.2, 32.5
base-gradient-descent-1, 10, 400, 10, 25, 64, 189.83, 4.17239244, , 0, , 34.5, 32.5, 37.9, 34.6
gradient-descent-1, 10, 400, 10, 25, 64, 318.32, 7.06553141, 30, 9.223355, 57665, 43.5, 33.4, 35.2, 32.2
base-gradient-descent-1, 10, 400, 10, 25, 64, 183.31, 4.17991411, , 0, , 34.5, 33.0, 36.4, 32.0
gradient-descent-1, 10, 400, 10, 25, 64, 350.09, 7.77335779, 18, 6.52898400000001, 34168, 40.2, 36.1, 38.4, 32.5
base-gradient-descent-1, 10, 400, 10, 25, 64, 191.11, 4.20259039, , 0, , 35.0, 33.0, 39.9, 36.1
gradient-descent-1, 10, 400, 10, 25, 64, 325.62, 7.04065320, 19, 8.244699, 36275, 45.0, 36.6, 39.4, 37.5
base-gradient-descent-1, 10, 400, 10, 25, 64, 193.79, 4.19920522, , 0, , 34.5, 33.0, 38.6, 34.6
gradient-descent-1, 10, 400, 10, 25, 64, 320.76, 7.01461426, 19, 10.904102, 36456, 35.2, 33.4, 33.5, 32.8
base-gradient-descent-1, 10, 400, 10, 25, 64, 190.52, 4.21597565, , 0, , 34.0, 33.0, 33.5, 31.5
gradient-descent-1, 10, 400, 10, 25, 64, 321.61, 7.03486102, 23, 8.70594, 43459, 35.2, 33.0, 34.5, 32.0
base-gradient-descent-1, 10, 400, 10, 25, 64, 192.28, 4.19717027, , 0, , 34.8, 33.0, 40.1, 32.8
gradient-descent-1, 10, 400, 10, 25, 64, 353.44, 7.77182663, 23, 7.823881, 43721, 42.8, 35.9, 37.4, 40.4
base-gradient-descent-1, 10, 400, 10, 25, 64, 194.81, 4.21069808, , 0, , 35.0, 33.9, 35.2, 32.5
gradient-descent-1, 10, 400, 10, 25, 64, 320.94, 7.02842475, 20, 12.602267, 38044, 38.1, 35.6, 39.4, 37.0
base-gradient-descent-1, 10, 400, 10, 25, 64, 194.14, 4.19282599, , 0, , 34.8, 33.4, 39.9, 33.2
gradient-descent-1, 10, 400, 10, 25, 64, 322.24, 7.05005863, 21, 7.995148, 39805, 35.4, 34.0, 48.9, 38.5
base-gradient-descent-1, 10, 400, 10, 25, 64, 225.96, 4.29940114, , 0, , 53.1, 40.6, 44.0, 38.2
gradient-descent-1, 10, 400, 10, 25, 64, 334.00, 7.05246793, 21, 14.202582, 40194, 40.8, 36.1, 34.8, 32.5
base-gradient-descent-1, 10, 400, 10, 25, 64, 188.24, 4.18106578, , 0, , 34.0, 32.5, 43.0, 32.5
gradient-descent-1, 10, 400, 10, 25, 64, 351.50, 7.77813880, 15, 14.332227, 29091, 35.9, 33.0, 45.9, 36.1
base-gradient-descent-1, 10, 400, 10, 25, 64, 185.87, 4.19350490, , 0, , 36.4, 33.4, 39.1, 34.4
gradient-descent-1, 10, 400, 10, 25, 64, 324.73, 7.02569448, 17, 9.383921, 32816, 36.1, 33.0, 36.1, 32.2
base-gradient-descent-1, 10, 400, 10, 25, 64, 192.82, 4.20133848, , 0, , 34.5, 32.5, 36.9, 32.5
gradient-descent-1, 10, 400, 10, 25, 64, 361.20, 7.80852133, 14, 7.52779000000001, 26948, 48.9, 33.5, 36.9, 34.1
base-gradient-descent-1, 10, 400, 10, 25, 64, 186.81, 4.18856100, , 0, , 33.5, 33.0, 36.6, 32.0
gradient-descent-1, 10, 400, 10, 25, 64, 318.10, 7.05843042, 25, 15.034328, 46694, 35.8, 32.5, 37.1, 32.0
base-gradient-descent-1, 10, 400, 10, 25, 64, 191.41, 4.19035532, , 0, , 35.9, 33.0, 35.9, 32.5
gradient-descent-1, 10, 400, 10, 25, 64, 326.28, 7.03323674, 13, 9.453394, 24696, 35.0, 34.1, 33.8, 32.0
base-gradient-descent-1, 10, 400, 10, 25, 64, 190.85, 4.20723690, , 0, , 33.5, 32.5, 35.8, 32.0
gradient-descent-1, 10, 400, 10, 25, 64, 321.64, 7.01319201, 23, 12.989804, 44107, 36.6, 33.5, 35.0, 33.0
base-gradient-descent-1, 10, 400, 10, 25, 64, 216.21, 4.28030703, , 0, , 35.0, 33.0, 37.9, 33.0
gradient-descent-1, 10, 400, 10, 25, 64, 352.06, 7.78200797, 16, 5.72291700000001, 31007, 35.4, 33.4, 39.4, 33.8
base-gradient-descent-1, 10, 400, 10, 25, 64, 184.43, 4.19293213, , 0, , 35.8, 33.4, 39.4, 32.8
gradient-descent-1, 10, 400, 10, 25, 64, 317.35, 7.01112042, 13, 4.499139, 25344, 37.6, 34.9, 36.6, 31.8
base-gradient-descent-1, 10, 400, 10, 25, 64, 202.67, 4.23999703, , 0, , 39.6, 33.0, 34.2, 31.8
base-gradient-descent-1, 10, 400, 25, 25, 16, 201.76, 4.20369952, , 0, , 36.4, 33.5, 34.5, 32.5
gradient-descent-1, 10, 400, 25, 25, 16, 318.42, 7.04229580, 44, 12.025437, 82449, 35.4, 33.5, 38.4, 39.6
base-gradient-descent-1, 10, 400, 25, 25, 16, 192.19, 4.16519306, , 0, , 35.2, 33.5, 37.9, 33.8
gradient-descent-1, 10, 400, 25, 25, 16, 318.78, 7.05500634, 72, 7.434257, 135463, 35.4, 34.0, 36.1, 32.0
base-gradient-descent-1, 10, 400, 25, 25, 16, 185.86, 4.18454424, , 0, , 35.0, 32.5, 38.4, 32.8
gradient-descent-1, 10, 400, 25, 25, 16, 324.09, 7.01701170, 49, 5.83330600000001, 92646, 40.1, 35.6, 42.5, 38.5
base-gradient-descent-1, 10, 400, 25, 25, 16, 187.03, 4.16567888, , 0, , 53.6, 33.0, 36.1, 33.0
gradient-descent-1, 10, 400, 25, 25, 16, 352.50, 7.76805068, 64, 7.602498, 120431, 35.0, 33.5, 36.4, 33.0
base-gradient-descent-1, 10, 400, 25, 25, 16, 191.77, 4.19715344, , 0, , 35.1, 33.8, 38.4, 32.2
gradient-descent-1, 10, 400, 25, 25, 16, 323.35, 7.02273017, 44, 11.398425, 83286, 40.1, 36.4, 35.4, 32.2
base-gradient-descent-1, 10, 400, 25, 25, 16, 193.50, 4.19935618, , 0, , 34.5, 33.0, 38.1, 33.0
gradient-descent-1, 10, 400, 25, 25, 16, 321.80, 7.06654958, 61, 7.69792000000001, 114743, 35.4, 33.4, 35.9, 34.1
base-gradient-descent-1, 10, 400, 25, 25, 16, 185.73, 4.17017661, , 0, , 35.0, 33.5, 31.5, 31.0
gradient-descent-1, 10, 400, 25, 25, 16, 320.15, 7.04095062, 45, 7.514933, 84612, 33.5, 32.0, 40.8, 35.4
base-gradient-descent-1, 10, 400, 25, 25, 16, 189.26, 4.20109925, , 0, , 35.0, 32.5, 37.6, 32.5
gradient-descent-1, 10, 400, 25, 25, 16, 318.84, 7.00619943, 34, 5.858137, 63986, 40.2, 34.4, 34.8, 32.0
base-gradient-descent-1, 10, 400, 25, 25, 16, 195.29, 4.20440387, , 0, , 34.5, 33.0, 36.9, 32.2
gradient-descent-1, 10, 400, 25, 25, 16, 315.92, 7.02173067, 39, 9.51024100000001, 74175, 34.5, 33.0, 35.2, 32.8
base-gradient-descent-1, 10, 400, 25, 25, 16, 192.60, 4.18206122, , 0, , 34.0, 32.5, 36.9, 33.0
gradient-descent-1, 10, 400, 25, 25, 16, 318.19, 7.01525850, 39, 5.282414, 73613, 35.4, 33.0, 34.2, 32.0
base-gradient-descent-1, 10, 400, 25, 25, 16, 198.94, 4.21228597, , 0, , 34.2, 33.0, 33.5, 32.0
gradient-descent-1, 10, 400, 25, 25, 16, 355.03, 7.82195706, 64, 7.70096500000001, 119920, 35.4, 32.5, 36.4, 38.5
base-gradient-descent-1, 10, 400, 25, 25, 16, 197.92, 4.20705635, , 0, , 35.4, 32.8, 34.5, 31.5
gradient-descent-1, 10, 400, 25, 25, 16, 326.25, 7.05476732, 42, 11.328662, 78945, 35.4, 32.5, 37.4, 32.8
base-gradient-descent-1, 10, 400, 25, 25, 16, 195.58, 4.20452236, , 0, , 35.8, 33.0, 34.5, 31.8
gradient-descent-1, 10, 400, 25, 25, 16, 324.38, 7.05277561, 41, 4.38301, 77536, 34.5, 32.2, 40.4, 33.0
base-gradient-descent-1, 10, 400, 25, 25, 16, 191.98, 4.20135528, , 0, , 35.0, 33.4, 38.6, 33.0
gradient-descent-1, 10, 400, 25, 25, 16, 319.89, 7.02305574, 29, 10.524906, 55482, 35.9, 33.4, 49.6, 32.0
base-gradient-descent-1, 10, 400, 25, 25, 16, 189.45, 4.18765437, , 0, , 35.4, 32.5, 40.6, 38.0
gradient-descent-1, 10, 400, 25, 25, 16, 324.56, 7.03871984, 69, 6.956709, 130458, 35.4, 33.0, 37.6, 33.0
base-gradient-descent-1, 10, 400, 25, 25, 16, 188.88, 4.18737331, , 0, , 35.0, 33.0, 36.1, 32.0
gradient-descent-1, 10, 400, 25, 25, 16, 330.52, 7.06271685, 37, 8.21012500000001, 70485, 38.1, 33.9, 44.1, 34.9
base-gradient-descent-1, 10, 400, 25, 25, 16, 193.51, 4.20018325, , 0, , 35.9, 34.0, 40.4, 39.2
gradient-descent-1, 10, 400, 25, 25, 16, 325.23, 7.05194022, 35, 9.401976, 65912, 36.4, 34.9, 35.0, 33.0
base-gradient-descent-1, 10, 400, 25, 25, 16, 184.25, 4.16923921, , 0, , 34.5, 33.4, 38.1, 32.8
gradient-descent-1, 10, 400, 25, 25, 16, 319.63, 7.03234877, 50, 11.529505, 95160, 35.4, 32.8, 36.9, 41.9
base-gradient-descent-1, 10, 400, 25, 25, 16, 186.11, 4.19975997, , 0, , 34.5, 33.4, 37.6, 32.5
gradient-descent-1, 10, 400, 25, 25, 16, 331.58, 7.08641051, 94, 9.77406500000001, 177053, 35.4, 33.0, 47.4, 34.6
base-gradient-descent-1, 10, 400, 25, 25, 16, 191.07, 4.16477419, , 0, , 36.1, 33.9, 37.9, 33.0
gradient-descent-1, 10, 400, 25, 25, 16, 316.83, 7.03291483, 56, 7.092439, 106886, 35.4, 33.5, 36.9, 32.5
base-gradient-descent-1, 10, 400, 25, 25, 16, 191.59, 4.18983633, , 0, , 35.0, 32.5, 44.5, 34.6
gradient-descent-1, 10, 400, 25, 25, 16, 322.12, 7.05341133, 43, 9.257941, 81502, 42.5, 35.9, 40.1, 37.5
base-gradient-descent-1, 10, 400, 25, 25, 16, 195.41, 4.18155107, , 0, , 35.2, 33.0, 38.1, 32.5
gradient-descent-1, 10, 400, 25, 25, 16, 319.40, 7.03147180, 48, 4.63986100000001, 89707, 35.9, 33.0, 35.4, 32.2
base-gradient-descent-1, 10, 400, 25, 25, 16, 192.12, 4.21283331, , 0, , 34.8, 32.5, 34.0, 32.0
gradient-descent-1, 10, 400, 25, 25, 16, 317.41, 7.02291727, 87, 5.37763100000001, 163515, 35.2, 33.0, 34.5, 32.8
base-gradient-descent-1, 10, 400, 25, 25, 16, 198.51, 4.20468941, , 0, , 34.5, 33.0, 34.0, 31.0
gradient-descent-1, 10, 400, 25, 25, 16, 327.17, 7.02079586, 72, 6.99797100000001, 135630, 34.8, 32.0, 37.4, 32.8
base-gradient-descent-1, 10, 400, 25, 25, 16, 191.63, 4.19380466, , 0, , 34.0, 33.0, 36.4, 33.0
gradient-descent-1, 10, 400, 25, 25, 16, 356.21, 7.75847262, 38, 6.81123500000001, 71227, 35.9, 33.5, 37.9, 32.5
base-gradient-descent-1, 10, 400, 25, 25, 16, 188.94, 4.18997583, , 0, , 35.8, 33.4, 37.1, 33.4
gradient-descent-1, 10, 400, 25, 25, 16, 355.72, 7.79797966, 66, 9.24333300000001, 123665, 35.4, 33.5, 36.9, 32.8
base-gradient-descent-1, 10, 400, 25, 25, 16, 193.44, 4.20398667, , 0, , 35.4, 33.8, 39.9, 35.9
gradient-descent-1, 10, 400, 25, 25, 16, 345.05, 7.65760062, 71, 3.54925800000001, 134427, 39.6, 36.1, 34.5, 33.2
base-gradient-descent-1, 10, 400, 25, 25, 16, 191.15, 4.20736944, , 0, , 35.0, 33.4, 34.2, 31.5
gradient-descent-1, 10, 400, 25, 25, 16, 317.09, 7.05397869, 88, 6.742953, 166751, 35.8, 32.5, 36.1, 32.0
base-gradient-descent-1, 10, 400, 25, 25, 16, 195.27, 4.22024784, , 0, , 35.0, 33.0, 35.4, 31.8
gradient-descent-1, 10, 400, 25, 25, 16, 326.93, 7.04484222, 33, 10.190438, 63141, 36.1, 33.2, 39.6, 36.1
base-gradient-descent-1, 10, 400, 25, 25, 16, 193.38, 4.20497986, , 0, , 34.5, 33.0, 39.8, 32.8
gradient-descent-1, 10, 400, 25, 25, 16, 314.99, 7.02207627, 54, 12.902782, 103599, 42.8, 37.2, 35.2, 32.8
base-gradient-descent-1, 10, 400, 25, 25, 16, 196.69, 4.22191152, , 0, , 33.8, 32.2, 34.8, 32.0
base-gradient-descent-1, 10, 400, 25, 25, 64, 186.57, 4.18090688, , 0, , 35.2, 33.0, 37.1, 33.8
gradient-descent-1, 10, 400, 25, 25, 64, 350.30, 7.74846080, 38, 8.39703200000001, 71915, 35.4, 32.5, 35.8, 35.9
base-gradient-descent-1, 10, 400, 25, 25, 64, 191.80, 4.16953511, , 0, , 35.4, 33.2, 36.6, 34.6
gradient-descent-1, 10, 400, 25, 25, 64, 322.36, 7.04185808, 55, 5.45814, 103701, 35.0, 33.4, 35.0, 32.8
base-gradient-descent-1, 10, 400, 25, 25, 64, 189.74, 4.18063834, , 0, , 35.0, 33.0, 41.0, 37.5
gradient-descent-1, 10, 400, 25, 25, 64, 317.00, 7.03031272, 49, 6.06564800000001, 93765, 35.0, 33.4, 39.8, 37.5
base-gradient-descent-1, 10, 400, 25, 25, 64, 189.85, 4.17217529, , 0, , 34.0, 32.5, 36.9, 32.5
gradient-descent-1, 10, 400, 25, 25, 64, 331.36, 7.04881417, 66, 8.464596, 123725, 35.4, 32.5, 34.8, 32.2
base-gradient-descent-1, 10, 400, 25, 25, 64, 193.46, 4.19240726, , 0, , 34.0, 33.0, 40.2, 38.8
gradient-descent-1, 10, 400, 25, 25, 64, 346.89, 7.77553028, 31, 11.250833, 58998, 36.4, 33.5, 43.2, 33.2
base-gradient-descent-1, 10, 400, 25, 25, 64, 197.01, 4.20478664, , 0, , 36.1, 32.5, 34.0, 32.0
gradient-descent-1, 10, 400, 25, 25, 64, 353.83, 7.76200235, 42, 11.28175, 78952, 34.9, 33.0, 41.8, 37.2
base-gradient-descent-1, 10, 400, 25, 25, 64, 192.46, 4.18055078, , 0, , 35.4, 33.5, 38.1, 36.1
gradient-descent-1, 10, 400, 25, 25, 64, 368.19, 7.92296849, 42, 8.36809700000001, 79703, 35.9, 33.4, 35.2, 45.1
base-gradient-descent-1, 10, 400, 25, 25, 64, 192.88, 4.18848654, , 0, , 34.5, 32.5, 36.9, 33.4
gradient-descent-1, 10, 400, 25, 25, 64, 353.64, 7.78278106, 47, 9.02612500000001, 88310, 35.6, 34.0, 38.1, 41.6
base-gradient-descent-1, 10, 400, 25, 25, 64, 185.81, 4.18397374, , 0, , 35.4, 33.0, 40.6, 34.6
gradient-descent-1, 10, 400, 25, 25, 64, 320.05, 7.07831381, 71, 6.409633, 134243, 36.9, 33.0, 40.2, 36.4
base-gradient-descent-1, 10, 400, 25, 25, 64, 188.87, 4.18323354, , 0, , 35.0, 32.5, 38.4, 33.0
gradient-descent-1, 10, 400, 25, 25, 64, 324.84, 7.01118373, 35, 9.052031, 66556, 35.9, 33.2, 34.9, 32.8
base-gradient-descent-1, 10, 400, 25, 25, 64, 187.55, 4.17587000, , 0, , 34.5, 33.0, 36.1, 32.5
gradient-descent-1, 10, 400, 25, 25, 64, 316.97, 7.09527270, 40, 8.335452, 75190, 35.4, 33.0, 40.6, 32.2
base-gradient-descent-1, 10, 400, 25, 25, 64, 192.28, 4.19863529, , 0, , 35.9, 32.5, 36.9, 34.4
gradient-descent-1, 10, 400, 25, 25, 64, 357.38, 7.80914024, 47, 4.888818, 88491, 35.4, 33.4, 35.9, 32.0
base-gradient-descent-1, 10, 400, 25, 25, 64, 188.69, 4.20206720, , 0, , 34.5, 32.5, 38.6, 32.5
gradient-descent-1, 10, 400, 25, 25, 64, 392.57, 8.02918126, 57, 5.866208, 106304, 35.0, 35.1, 39.9, 37.5
base-gradient-descent-1, 10, 400, 25, 25, 64, 207.40, 4.30258450, , 0, , 33.5, 34.4, 35.4, 36.5
gradient-descent-1, 10, 400, 25, 25, 64, 353.08, 7.26817358, 54, 7.48251500000001, 101870, 34.0, 35.9, 36.1, 35.4
base-gradient-descent-1, 10, 400, 25, 25, 64, 205.93, 4.29629617, , 0, , 34.8, 34.9, 33.2, 35.9
gradient-descent-1, 10, 400, 25, 25, 64, 348.59, 7.25445516, 40, 6.666825, 76362, 34.9, 35.6, 42.0, 38.5
base-gradient-descent-1, 10, 400, 25, 25, 64, 215.21, 4.31604433, , 0, , 34.0, 34.4, 34.9, 33.9
gradient-descent-1, 10, 400, 25, 25, 64, 354.82, 7.76215988, 45, 4.47277600000001, 84966, 34.0, 33.9, 41.0, 37.5
base-gradient-descent-1, 10, 400, 25, 25, 64, 191.66, 4.19068902, , 0, , 35.8, 33.0, 37.4, 33.0
gradient-descent-1, 10, 400, 25, 25, 64, 322.70, 7.04106546, 37, 11.464065, 68968, 35.4, 34.0, 35.0, 33.2
base-gradient-descent-1, 10, 400, 25, 25, 64, 186.50, 4.19905786, , 0, , 38.4, 36.6, 37.6, 32.5
gradient-descent-1, 10, 400, 25, 25, 64, 326.41, 7.05221962, 47, 5.133262, 89731, 36.1, 32.5, 36.9, 32.0
base-gradient-descent-1, 10, 400, 25, 25, 64, 209.01, 4.27750872, , 0, , 35.4, 33.0, 38.6, 32.5
gradient-descent-1, 10, 400, 25, 25, 64, 353.23, 7.79958665, 55, 9.109381, 103810, 39.1, 36.6, 42.0, 37.5
base-gradient-descent-1, 10, 400, 25, 25, 64, 191.77, 4.18899262, , 0, , 35.9, 33.0, 36.9, 33.5
gradient-descent-1, 10, 400, 25, 25, 64, 353.37, 7.76896454, 54, 13.657708, 101941, 35.4, 33.5, 41.2, 36.5
base-gradient-descent-1, 10, 400, 25, 25, 64, 191.37, 4.19538360, , 0, , 35.8, 34.0, 35.4, 32.5
gradient-descent-1, 10, 400, 25, 25, 64, 348.25, 7.79494297, 85, 6.27212900000001, 159908, 35.4, 33.4, 41.8, 38.2
base-gradient-descent-1, 10, 400, 25, 25, 64, 190.42, 4.20405547, , 0, , 35.9, 33.5, 38.1, 38.8
gradient-descent-1, 10, 400, 25, 25, 64, 322.53, 7.07457144, 55, 7.63688400000001, 102767, 34.5, 33.5, 38.1, 32.0
base-gradient-descent-1, 10, 400, 25, 25, 64, 199.82, 4.21841360, , 0, , 35.9, 33.0, 43.2, 37.8
gradient-descent-1, 10, 400, 25, 25, 64, 371.86, 7.81993796, 33, 8.155669, 62411, 38.4, 35.4, 39.1, 33.2
base-gradient-descent-1, 10, 400, 25, 25, 64, 190.82, 4.19993422, , 0, , 35.4, 33.5, 37.6, 32.2
gradient-descent-1, 10, 400, 25, 25, 64, 316.22, 7.02955002, 31, 4.937162, 59178, 36.6, 33.0, 35.2, 33.9
base-gradient-descent-1, 10, 400, 25, 25, 64, 189.23, 4.18405425, , 0, , 38.4, 34.9, 35.4, 32.5
gradient-descent-1, 10, 400, 25, 25, 64, 355.86, 7.77130118, 70, 8.72409400000001, 131388, 35.8, 34.1, 36.4, 33.2
base-gradient-descent-1, 10, 400, 25, 25, 64, 200.28, 4.21212298, , 0, , 35.2, 33.0, 36.9, 32.8
gradient-descent-1, 10, 400, 25, 25, 64, 352.61, 7.77911008, 66, 5.77285400000001, 124590, 34.5, 33.0, 41.8, 34.4
base-gradient-descent-1, 10, 400, 25, 25, 64, 197.62, 4.22250939, , 0, , 42.2, 40.1, 33.8, 32.5
gradient-descent-1, 10, 400, 25, 25, 64, 321.72, 7.01456239, 37, 7.66856800000001, 70163, 35.0, 33.5, 35.0, 32.1
base-gradient-descent-1, 10, 400, 25, 25, 64, 186.32, 4.17610426, , 0, , 38.9, 35.6, 36.9, 32.5
gradient-descent-1, 10, 400, 25, 25, 64, 321.39, 7.00690599, 48, 9.651746, 90539, 35.2, 32.5, 41.5, 33.0
base-gradient-descent-1, 10, 400, 25, 25, 64, 195.07, 4.19465711, , 0, , 34.5, 32.5, 45.8, 34.1
gradient-descent-1, 10, 400, 25, 25, 64, 320.07, 7.05004000, 51, 6.99897200000001, 96870, 35.4, 33.4, 34.5, 33.0
base-gradient-descent-1, 10, 400, 25, 25, 64, 196.25, 4.21395406, , 0, , 34.0, 33.0, 32.0, 31.5
gradient-descent-1, 10, 400, 25, 25, 64, 317.35, 7.04374182, 32, 11.438992, 59959, 33.5, 32.0, 35.9, 33.8
base-gradient-descent-1, 10, 400, 25, 25, 64, 194.05, 4.18906762, , 0, , 35.4, 32.5, 37.9, 32.5
base-gradient-descent-1, 10, 800, 10, 25, 16, 185.19, 4.18399671, , 0, , 39.1, 35.9, 40.1, 34.9
gradient-descent-1, 10, 800, 10, 25, 16, 325.41, 7.05023575, 25, 9.06559900000001, 95326, 35.4, 32.5, 31.5, 31.5
base-gradient-descent-1, 10, 800, 10, 25, 16, 190.70, 4.20108876, , 0, , 32.0, 31.0, 38.9, 33.0
gradient-descent-1, 10, 800, 10, 25, 16, 347.26, 7.80363222, 15, 5.474361, 57818, 35.4, 33.2, 42.2, 35.6
base-gradient-descent-1, 10, 800, 10, 25, 16, 192.70, 4.20555000, , 0, , 35.0, 32.0, 34.5, 31.5
gradient-descent-1, 10, 800, 10, 25, 16, 315.05, 7.02319983, 23, 10.043249, 88476, 34.5, 32.5, 39.1, 36.1
base-gradient-descent-1, 10, 800, 10, 25, 16, 189.04, 4.18118215, , 0, , 35.4, 33.0, 37.6, 32.8
gradient-descent-1, 10, 800, 10, 25, 16, 352.12, 7.20734206, 21, 8.12100600000001, 80607, 30.6, 31.0, 33.0, 33.0
base-gradient-descent-1, 10, 800, 10, 25, 16, 210.23, 4.30741738, , 0, , 33.0, 33.4, 33.8, 33.4
gradient-descent-1, 10, 800, 10, 25, 16, 350.35, 7.20865627, 16, 7.917416, 61434, 33.5, 33.8, 34.2, 33.4
base-gradient-descent-1, 10, 800, 10, 25, 16, 213.20, 4.31301880, , 0, , 33.8, 33.9, 33.5, 33.4
gradient-descent-1, 10, 800, 10, 25, 16, 331.09, 7.06306833, 17, 10.480638, 65314, 34.5, 34.1, 32.0, 31.5
base-gradient-descent-1, 10, 800, 10, 25, 16, 189.92, 4.20454046, , 0, , 32.0, 31.5, 33.5, 31.5
gradient-descent-1, 10, 800, 10, 25, 16, 354.70, 7.80802031, 34, 9.334874, 129839, 35.2, 32.5, 34.5, 32.0
base-gradient-descent-1, 10, 800, 10, 25, 16, 183.59, 4.17346235, , 0, , 34.0, 33.0, 35.8, 32.1
gradient-descent-1, 10, 800, 10, 25, 16, 345.60, 7.65982208, 24, 13.993048, 92870, 30.6, 30.5, 32.5, 31.5
base-gradient-descent-1, 10, 800, 10, 25, 16, 217.17, 4.32402171, , 0, , 32.0, 32.0, 37.4, 34.1
gradient-descent-1, 10, 800, 10, 25, 16, 352.78, 7.22561878, 20, 10.988369, 76679, 34.0, 34.4, 31.5, 31.5
base-gradient-descent-1, 10, 800, 10, 25, 16, 209.55, 4.31569885, , 0, , 31.5, 31.5, 36.4, 33.8
gradient-descent-1, 10, 800, 10, 25, 16, 384.96, 7.97955283, 17, 10.989612, 65873, 33.5, 34.4, 35.2, 35.4
base-gradient-descent-1, 10, 800, 10, 25, 16, 201.50, 4.29907960, , 0, , 34.2, 35.4, 34.2, 37.5
gradient-descent-1, 10, 800, 10, 25, 16, 389.31, 7.97669475, 20, 13.020303, 76623, 33.0, 35.9, 32.0, 32.5
base-gradient-descent-1, 10, 800, 10, 25, 16, 210.24, 4.32008392, , 0, , 32.5, 32.5, 40.8, 37.5
gradient-descent-1, 10, 800, 10, 25, 16, 319.66, 7.02279057, 17, 9.958878, 65866, 35.0, 34.6, 53.2, 34.9
base-gradient-descent-1, 10, 800, 10, 25, 16, 190.09, 4.20541706, , 0, , 37.4, 33.9, 34.8, 32.0
gradient-descent-1, 10, 800, 10, 25, 16, 369.99, 7.84476766, 21, 7.04456400000001, 80338, 35.9, 33.4, 31.5, 31.5
base-gradient-descent-1, 10, 800, 10, 25, 16, 210.23, 4.31637504, , 0, , 31.5, 31.5, 31.5, 32.5
gradient-descent-1, 10, 800, 10, 25, 16, 379.60, 7.97870815, 19, 8.777811, 73063, 33.0, 33.0, 34.5, 34.9
base-gradient-descent-1, 10, 800, 10, 25, 16, 206.92, 4.32664406, , 0, , 33.5, 34.4, 34.0, 33.4
gradient-descent-1, 10, 800, 10, 25, 16, 324.19, 7.04659368, 18, 6.07320300000001, 69163, 34.9, 34.4, 38.6, 34.6
base-gradient-descent-1, 10, 800, 10, 25, 16, 196.12, 4.21759341, , 0, , 34.5, 33.0, 40.6, 35.4
gradient-descent-1, 10, 800, 10, 25, 16, 359.96, 7.81002445, 13, 3.222584, 50117, 36.1, 33.9, 33.5, 32.0
base-gradient-descent-1, 10, 800, 10, 25, 16, 187.56, 4.16732613, , 0, , 33.5, 32.0, 36.4, 33.2
gradient-descent-1, 10, 800, 10, 25, 16, 357.98, 7.74320600, 27, 10.549438, 104142, 35.4, 33.0, 35.9, 32.8
base-gradient-descent-1, 10, 800, 10, 25, 16, 191.04, 4.19540780, , 0, , 35.0, 33.0, 38.4, 32.5
gradient-descent-1, 10, 800, 10, 25, 16, 358.76, 7.75187555, 15, 10.655577, 57621, 31.1, 30.5, 35.2, 33.0
base-gradient-descent-1, 10, 800, 10, 25, 16, 189.09, 4.17971494, , 0, , 35.4, 33.0, 37.1, 33.2
gradient-descent-1, 10, 800, 10, 25, 16, 317.92, 7.02714700, 21, 13.886166, 80778, 37.9, 35.6, 34.0, 32.5
base-gradient-descent-1, 10, 800, 10, 25, 16, 188.32, 4.19574449, , 0, , 33.8, 32.5, 35.9, 32.0
gradient-descent-1, 10, 800, 10, 25, 16, 346.08, 7.78025826, 29, 7.178522, 109598, 37.1, 32.5, 41.0, 35.9
base-gradient-descent-1, 10, 800, 10, 25, 16, 185.97, 4.17669296, , 0, , 35.2, 32.5, 35.9, 32.5
gradient-descent-1, 10, 800, 10, 25, 16, 321.39, 7.01283690, 33, 7.779661, 125221, 35.4, 32.5, 35.9, 32.8
base-gradient-descent-1, 10, 800, 10, 25, 16, 186.23, 4.17413116, , 0, , 38.6, 36.6, 48.1, 36.6
gradient-descent-1, 10, 800, 10, 25, 16, 318.05, 7.05842731, 30, 5.15173900000001, 114097, 41.2, 35.6, 36.4, 35.6
base-gradient-descent-1, 10, 800, 10, 25, 16, 190.08, 4.17449649, , 0, , 40.1, 36.1, 32.2, 30.5
gradient-descent-1, 10, 800, 10, 25, 16, 352.08, 7.75862636, 24, 6.79373200000001, 91321, 33.5, 31.0, 37.4, 40.9
base-gradient-descent-1, 10, 800, 10, 25, 16, 186.58, 4.19188714, , 0, , 35.0, 33.8, 37.1, 32.0
gradient-descent-1, 10, 800, 10, 25, 16, 315.31, 7.03322372, 24, 7.501738, 92167, 36.6, 33.0, 35.0, 31.5
base-gradient-descent-1, 10, 800, 10, 25, 16, 194.02, 4.20867618, , 0, , 34.5, 32.5, 33.2, 32.5
gradient-descent-1, 10, 800, 10, 25, 16, 362.40, 7.80672782, 37, 10.162742, 139806, 35.2, 33.5, 34.5, 32.5
base-gradient-descent-1, 10, 800, 10, 25, 16, 188.73, 4.21001538, , 0, , 35.2, 33.0, 35.0, 32.0
gradient-descent-1, 10, 800, 10, 25, 16, 355.92, 7.76635835, 21, 5.16805600000001, 79689, 34.5, 33.0, 36.1, 33.8
base-gradient-descent-1, 10, 800, 10, 25, 16, 186.84, 4.18184910, , 0, , 35.4, 33.8, 37.1, 33.8
gradient-descent-1, 10, 800, 10, 25, 16, 346.94, 7.78342079, 28, 9.26538500000001, 107656, 39.1, 39.0, 38.6, 32.5
base-gradient-descent-1, 10, 800, 10, 25, 16, 186.45, 4.17228106, , 0, , 35.2, 32.5, 35.9, 32.0
gradient-descent-1, 10, 800, 10, 25, 16, 314.64, 7.06878274, 39, 7.29538100000001, 148049, 36.6, 32.2, 36.1, 31.8
base-gradient-descent-1, 10, 800, 10, 25, 16, 189.28, 4.18377378, , 0, , 36.9, 33.5, 35.0, 33.0
gradient-descent-1, 10, 800, 10, 25, 16, 352.47, 7.73858527, 24, 7.308403, 92077, 36.1, 34.4, 34.8, 32.0
base-gradient-descent-1, 10, 800, 10, 25, 16, 185.28, 4.19797270, , 0, , 35.0, 32.5, 38.1, 32.5
gradient-descent-1, 10, 800, 10, 25, 16, 350.61, 7.73820841, 22, 11.956441, 84284, 36.4, 32.5, 39.4, 36.9
base-gradient-descent-1, 10, 800, 10, 25, 16, 188.47, 4.16714486, , 0, , 34.5, 33.0, 36.4, 32.0
base-gradient-descent-1, 10, 800, 10, 25, 64, 192.74, 4.21719215, , 0, , 35.9, 32.5, 34.8, 32.0
gradient-descent-1, 10, 800, 10, 25, 64, 310.71, 7.02231636, 33, 6.769808, 125750, 35.4, 33.0, 35.9, 33.8
base-gradient-descent-1, 10, 800, 10, 25, 64, 192.97, 4.19017998, , 0, , 35.2, 32.8, 42.2, 33.0
gradient-descent-1, 10, 800, 10, 25, 64, 353.02, 7.74367016, 23, 7.29302, 88012, 35.8, 33.4, 35.8, 32.2
base-gradient-descent-1, 10, 800, 10, 25, 64, 183.40, 4.16658887, , 0, , 35.4, 32.5, 36.6, 32.8
gradient-descent-1, 10, 800, 10, 25, 64, 340.78, 7.77276222, 30, 9.99493600000001, 114574, 37.4, 33.9, 36.1, 32.5
base-gradient-descent-1, 10, 800, 10, 25, 64, 193.54, 4.18155757, , 0, , 35.8, 33.0, 40.2, 33.8
gradient-descent-1, 10, 800, 10, 25, 64, 316.41, 7.03402657, 17, 9.54123100000001, 65431, 37.9, 34.9, 35.2, 31.8
base-gradient-descent-1, 10, 800, 10, 25, 64, 185.05, 4.18312963, , 0, , 35.0, 33.0, 41.8, 38.2
gradient-descent-1, 10, 800, 10, 25, 64, 325.86, 7.00571537, 22, 9.07701, 84784, 37.6, 33.8, 35.2, 32.5
base-gradient-descent-1, 10, 800, 10, 25, 64, 188.72, 4.18559046, , 0, , 34.8, 33.0, 39.8, 34.1
gradient-descent-1, 10, 800, 10, 25, 64, 319.05, 7.00600145, 27, 6.215654, 104086, 35.9, 32.8, 35.0, 33.2
base-gradient-descent-1, 10, 800, 10, 25, 64, 183.77, 4.19054712, , 0, , 34.0, 33.0, 40.6, 34.9
gradient-descent-1, 10, 800, 10, 25, 64, 352.55, 7.79691084, 36, 10.722064, 136412, 36.1, 32.5, 36.9, 34.4
base-gradient-descent-1, 10, 800, 10, 25, 64, 190.88, 4.19503176, , 0, , 35.4, 33.4, 37.6, 33.9
gradient-descent-1, 10, 800, 10, 25, 64, 350.38, 7.79437409, 37, 7.866917, 139784, 35.9, 33.8, 36.4, 32.0
base-gradient-descent-1, 10, 800, 10, 25, 64, 191.19, 4.18234176, , 0, , 35.9, 32.5, 35.9, 33.9
gradient-descent-1, 10, 800, 10, 25, 64, 322.17, 7.00622190, 26, 7.55539300000001, 100141, 35.4, 33.5, 35.0, 32.2
base-gradient-descent-1, 10, 800, 10, 25, 64, 190.76, 4.19017794, , 0, , 35.0, 33.5, 36.4, 34.9
gradient-descent-1, 10, 800, 10, 25, 64, 348.93, 7.76805062, 20, 15.244885, 76676, 38.4, 35.9, 41.8, 36.1
base-gradient-descent-1, 10, 800, 10, 25, 64, 187.69, 4.18288786, , 0, , 35.0, 33.0, 36.1, 32.5
gradient-descent-1, 10, 800, 10, 25, 64, 317.53, 6.97869563, 18, 6.447912, 69372, 36.1, 33.0, 36.9, 32.8
base-gradient-descent-1, 10, 800, 10, 25, 64, 191.62, 4.18606267, , 0, , 35.0, 33.2, 40.8, 36.6
gradient-descent-1, 10, 800, 10, 25, 64, 314.56, 7.01006915, 18, 13.674517, 68898, 36.1, 33.4, 33.8, 32.5
base-gradient-descent-1, 10, 800, 10, 25, 64, 197.82, 4.20521597, , 0, , 33.5, 32.5, 39.4, 35.6
gradient-descent-1, 10, 800, 10, 25, 64, 354.05, 7.76779354, 24, 6.20699900000001, 91380, 35.0, 33.0, 35.0, 33.8
base-gradient-descent-1, 10, 800, 10, 25, 64, 184.22, 4.18100773, , 0, , 35.0, 33.0, 40.8, 38.0
gradient-descent-1, 10, 800, 10, 25, 64, 323.26, 7.00844314, 15, 8.00619, 58216, 35.9, 32.5, 35.2, 32.0
base-gradient-descent-1, 10, 800, 10, 25, 64, 187.35, 4.19653331, , 0, , 35.0, 33.0, 37.6, 32.5
gradient-descent-1, 10, 800, 10, 25, 64, 354.43, 7.79427263, 25, 11.122238, 94819, 35.4, 33.4, 37.9, 32.0
base-gradient-descent-1, 10, 800, 10, 25, 64, 191.37, 4.18654050, , 0, , 35.9, 33.0, 37.9, 33.0
gradient-descent-1, 10, 800, 10, 25, 64, 328.41, 7.04143424, 26, 5.247986, 98682, 35.4, 33.8, 35.8, 32.8
base-gradient-descent-1, 10, 800, 10, 25, 64, 192.12, 4.21005110, , 0, , 35.2, 32.5, 38.1, 35.1
gradient-descent-1, 10, 800, 10, 25, 64, 346.19, 7.73989656, 14, 7.95299, 53832, 35.9, 33.2, 34.8, 31.5
base-gradient-descent-1, 10, 800, 10, 25, 64, 198.05, 4.20808875, , 0, , 34.0, 32.0, 34.5, 32.2
gradient-descent-1, 10, 800, 10, 25, 64, 315.56, 6.98612896, 18, 10.755636, 68500, 35.8, 33.9, 39.4, 33.2
base-gradient-descent-1, 10, 800, 10, 25, 64, 187.70, 4.17676874, , 0, , 35.9, 33.2, 44.1, 33.5
gradient-descent-1, 10, 800, 10, 25, 64, 322.77, 7.06094430, 36, 4.88688900000001, 136271, 35.4, 34.0, 35.9, 33.0
base-gradient-descent-1, 10, 800, 10, 25, 64, 186.00, 4.18427843, , 0, , 34.5, 33.0, 36.1, 32.0
gradient-descent-1, 10, 800, 10, 25, 64, 347.45, 7.77614328, 31, 7.639268, 117536, 36.6, 32.5, 36.6, 34.1
base-gradient-descent-1, 10, 800, 10, 25, 64, 187.09, 4.19173930, , 0, , 35.4, 32.5, 42.0, 32.5
gradient-descent-1, 10, 800, 10, 25, 64, 321.08, 7.05404660, 23, 8.59060600000001, 87592, 35.8, 33.0, 38.6, 39.4
base-gradient-descent-1, 10, 800, 10, 25, 64, 190.16, 4.20754280, , 0, , 35.4, 33.0, 34.2, 32.0
gradient-descent-1, 10, 800, 10, 25, 64, 321.03, 7.03701829, 35, 8.233869, 133018, 36.1, 32.5, 35.0, 32.0
base-gradient-descent-1, 10, 800, 10, 25, 64, 191.74, 4.18770544, , 0, , 35.4, 32.2, 36.6, 34.4
gradient-descent-1, 10, 800, 10, 25, 64, 322.42, 7.04576445, 27, 11.081127, 102171, 36.1, 32.5, 38.4, 34.4
base-gradient-descent-1, 10, 800, 10, 25, 64, 186.40, 4.18248840, , 0, , 35.2, 33.0, 41.2, 32.5
gradient-descent-1, 10, 800, 10, 25, 64, 317.66, 7.00780983, 15, 10.136127, 57687, 39.1, 35.1, 37.4, 34.4
base-gradient-descent-1, 10, 800, 10, 25, 64, 191.95, 4.18956482, , 0, , 35.9, 33.0, 39.1, 32.5
gradient-descent-1, 10, 800, 10, 25, 64, 348.51, 7.76652075, 22, 5.913956, 84272, 36.1, 32.5, 41.5, 36.4
base-gradient-descent-1, 10, 800, 10, 25, 64, 191.59, 4.19389467, , 0, , 35.2, 32.5, 42.2, 34.1
gradient-descent-1, 10, 800, 10, 25, 64, 346.77, 7.75133687, 20, 6.907582, 76832, 35.4, 33.9, 35.0, 32.5
base-gradient-descent-1, 10, 800, 10, 25, 64, 192.29, 4.19020109, , 0, , 34.5, 32.5, 41.5, 35.1
gradient-descent-1, 10, 800, 10, 25, 64, 355.93, 7.81498245, 30, 5.26119300000001, 114246, 36.1, 33.0, 35.2, 31.8
base-gradient-descent-1, 10, 800, 10, 25, 64, 192.91, 4.22301180, , 0, , 33.0, 32.0, 34.0, 31.5
gradient-descent-1, 10, 800, 10, 25, 64, 355.99, 7.82869315, 24, 7.931161, 91518, 34.8, 32.8, 34.8, 32.0
base-gradient-descent-1, 10, 800, 10, 25, 64, 199.21, 4.21006964, , 0, , 33.8, 33.0, 33.8, 31.8
gradient-descent-1, 10, 800, 10, 25, 64, 320.22, 7.04963274, 42, 4.759134, 158921, 35.2, 33.0, 48.6, 33.5
base-gradient-descent-1, 10, 800, 10, 25, 64, 199.26, 4.24088648, , 0, , 35.1, 33.4, 33.8, 32.5
gradient-descent-1, 10, 800, 10, 25, 64, 317.93, 7.01199970, 27, 7.22026200000001, 103533, 35.8, 34.1, 36.9, 36.1
base-gradient-descent-1, 10, 800, 10, 25, 64, 190.44, 4.17747027, , 0, , 34.0, 33.4, 39.9, 34.6
base-gradient-descent-1, 10, 800, 25, 25, 16, 195.19, 4.21205448, , 0, , 36.4, 34.1, 33.8, 32.0
gradient-descent-1, 10, 800, 25, 25, 16, 321.50, 7.00733105, 33, 12.795399, 125819, 34.8, 33.4, 34.0, 32.0
base-gradient-descent-1, 10, 800, 25, 25, 16, 193.75, 4.19958992, , 0, , 34.0, 33.0, 36.9, 33.2
gradient-descent-1, 10, 800, 25, 25, 16, 349.73, 7.79415788, 32, 7.64871600000001, 122496, 35.4, 33.5, 36.9, 32.5
base-gradient-descent-1, 10, 800, 25, 25, 16, 186.18, 4.18232319, , 0, , 35.4, 33.9, 41.8, 37.0
gradient-descent-1, 10, 800, 25, 25, 16, 320.82, 7.06338105, 33, 10.849563, 126177, 37.4, 33.9, 42.0, 35.6
base-gradient-descent-1, 10, 800, 25, 25, 16, 192.00, 4.20184694, , 0, , 35.9, 33.0, 43.2, 37.5
gradient-descent-1, 10, 800, 25, 25, 16, 326.21, 7.08395354, 80, 3.093475, 301343, 36.6, 34.0, 39.9, 40.1
base-gradient-descent-1, 10, 800, 25, 25, 16, 197.61, 4.20537712, , 0, , 34.5, 33.4, 43.0, 37.0
gradient-descent-1, 10, 800, 25, 25, 16, 313.76, 7.05832935, 53, 11.314154, 200938, 35.0, 33.4, 42.8, 34.5
base-gradient-descent-1, 10, 800, 25, 25, 16, 186.16, 4.18797388, , 0, , 35.0, 32.5, 38.1, 31.6
gradient-descent-1, 10, 800, 25, 25, 16, 330.22, 7.09142374, 58, 3.281238, 219006, 36.1, 33.0, 39.1, 40.6
base-gradient-descent-1, 10, 800, 25, 25, 16, 189.92, 4.19050674, , 0, , 36.9, 33.9, 41.0, 35.6
gradient-descent-1, 10, 800, 25, 25, 16, 329.24, 7.07534383, 65, 5.052452, 245558, 38.6, 33.9, 37.4, 33.0
base-gradient-descent-1, 10, 800, 25, 25, 16, 188.79, 4.18677134, , 0, , 35.9, 33.4, 37.4, 32.5
gradient-descent-1, 10, 800, 25, 25, 16, 347.46, 7.77886819, 34, 4.34541800000001, 129225, 38.4, 33.9, 42.0, 39.4
base-gradient-descent-1, 10, 800, 25, 25, 16, 195.52, 4.20472319, , 0, , 35.0, 32.5, 37.9, 35.9
gradient-descent-1, 10, 800, 25, 25, 16, 355.13, 7.79419994, 33, 9.124314, 124901, 35.4, 33.9, 40.4, 38.8
base-gradient-descent-1, 10, 800, 25, 25, 16, 188.04, 4.17935286, , 0, , 35.0, 33.4, 39.1, 35.9
gradient-descent-1, 10, 800, 25, 25, 16, 351.27, 7.75226989, 31, 8.61245000000001, 117888, 35.9, 33.0, 35.4, 34.1
base-gradient-descent-1, 10, 800, 25, 25, 16, 195.37, 4.21510437, , 0, , 34.5, 33.5, 35.4, 35.1
gradient-descent-1, 10, 800, 25, 25, 16, 319.02, 7.03187138, 68, 9.86789, 257062, 35.9, 33.0, 38.6, 37.2
base-gradient-descent-1, 10, 800, 25, 25, 16, 187.56, 4.20530605, , 0, , 34.0, 33.4, 38.6, 32.5
gradient-descent-1, 10, 800, 25, 25, 16, 315.41, 6.99787794, 33, 4.338161, 124518, 35.9, 32.5, 31.5, 31.0
base-gradient-descent-1, 10, 800, 25, 25, 16, 184.85, 4.17315738, , 0, , 33.0, 32.0, 38.9, 38.5
gradient-descent-1, 10, 800, 25, 25, 16, 366.86, 7.86814345, 36, 9.34427700000001, 136633, 35.9, 32.8, 40.6, 39.4
base-gradient-descent-1, 10, 800, 25, 25, 16, 184.43, 4.17432181, , 0, , 35.0, 33.4, 36.6, 33.8
gradient-descent-1, 10, 800, 25, 25, 16, 350.80, 7.78235967, 48, 6.34583000000001, 181026, 39.6, 37.8, 40.6, 32.5
base-gradient-descent-1, 10, 800, 25, 25, 16, 183.88, 4.18024247, , 0, , 35.0, 32.5, 36.1, 34.1
gradient-descent-1, 10, 800, 25, 25, 16, 320.22, 7.06776568, 84, 5.26851500000001, 316327, 35.0, 33.0, 38.4, 40.9
base-gradient-descent-1, 10, 800, 25, 25, 16, 183.72, 4.18311284, , 0, , 35.4, 33.4, 36.6, 32.2
gradient-descent-1, 10, 800, 25, 25, 16, 323.09, 7.06696313, 80, 7.659575, 302534, 36.1, 32.5, 36.4, 34.1
base-gradient-descent-1, 10, 800, 25, 25, 16, 186.82, 4.19510776, , 0, , 39.4, 38.0, 36.4, 33.0
gradient-descent-1, 10, 800, 25, 25, 16, 312.51, 7.07818455, 37, 5.86921100000001, 140861, 35.8, 33.4, 37.1, 32.5
base-gradient-descent-1, 10, 800, 25, 25, 16, 190.17, 4.19234969, , 0, , 35.9, 32.5, 36.9, 33.8
gradient-descent-1, 10, 800, 25, 25, 16, 360.22, 7.87366639, 47, 4.949009, 177338, 39.9, 36.4, 43.0, 33.9
base-gradient-descent-1, 10, 800, 25, 25, 16, 188.31, 4.15654273, , 0, , 35.9, 33.4, 38.9, 33.9
gradient-descent-1, 10, 800, 25, 25, 16, 352.25, 7.80116222, 39, 7.93323500000001, 148457, 34.5, 33.4, 36.9, 33.0
base-gradient-descent-1, 10, 800, 25, 25, 16, 184.18, 4.17018415, , 0, , 35.4, 33.0, 37.1, 34.9
gradient-descent-1, 10, 800, 25, 25, 16, 358.14, 7.81588325, 38, 10.187419, 143934, 35.4, 33.0, 38.1, 37.5
base-gradient-descent-1, 10, 800, 25, 25, 16, 191.54, 4.20227617, , 0, , 35.2, 33.4, 40.8, 37.0
gradient-descent-1, 10, 800, 25, 25, 16, 319.20, 7.04718104, 52, 10.444334, 196716, 36.4, 34.4, 38.4, 38.0
base-gradient-descent-1, 10, 800, 25, 25, 16, 188.61, 4.18143855, , 0, , 39.1, 38.8, 36.4, 33.8
gradient-descent-1, 10, 800, 25, 25, 16, 352.68, 7.86844634, 65, 5.30087300000001, 245345, 37.6, 34.9, 37.6, 32.5
base-gradient-descent-1, 10, 800, 25, 25, 16, 186.41, 4.19463661, , 0, , 34.5, 32.5, 37.4, 32.5
gradient-descent-1, 10, 800, 25, 25, 16, 355.17, 7.79181977, 41, 7.025093, 153903, 38.6, 33.8, 38.9, 38.9
base-gradient-descent-1, 10, 800, 25, 25, 16, 184.58, 4.18207198, , 0, , 36.9, 33.0, 56.1, 32.0
gradient-descent-1, 10, 800, 25, 25, 16, 321.29, 7.08211213, 35, 6.265665, 133668, 35.8, 32.5, 43.6, 35.6
base-gradient-descent-1, 10, 800, 25, 25, 16, 183.91, 4.17483155, , 0, , 36.1, 33.2, 38.6, 36.5
gradient-descent-1, 10, 800, 25, 25, 16, 350.63, 7.78724043, 48, 7.65380900000001, 181302, 37.6, 33.0, 37.4, 32.8
base-gradient-descent-1, 10, 800, 25, 25, 16, 202.23, 4.20836378, , 0, , 35.4, 33.4, 34.0, 31.5
gradient-descent-1, 10, 800, 25, 25, 16, 330.66, 7.13357378, 33, 8.345872, 125699, 35.0, 32.0, 39.4, 33.5
base-gradient-descent-1, 10, 800, 25, 25, 16, 185.84, 4.18247181, , 0, , 34.9, 33.0, 37.1, 32.8
gradient-descent-1, 10, 800, 25, 25, 16, 326.01, 7.01639864, 32, 11.680008, 120493, 35.9, 32.5, 41.0, 33.2
base-gradient-descent-1, 10, 800, 25, 25, 16, 186.35, 4.18113479, , 0, , 39.4, 34.1, 35.8, 32.5
gradient-descent-1, 10, 800, 25, 25, 16, 323.52, 7.03732549, 34, 9.123636, 129546, 36.4, 33.5, 37.1, 39.9
base-gradient-descent-1, 10, 800, 25, 25, 16, 190.68, 4.19676415, , 0, , 39.8, 37.2, 39.9, 34.0
gradient-descent-1, 10, 800, 25, 25, 16, 349.47, 7.77598415, 35, 7.941692, 132528, 35.8, 32.2, 40.6, 36.4
base-gradient-descent-1, 10, 800, 25, 25, 16, 187.08, 4.18050137, , 0, , 35.8, 32.5, 36.6, 33.8
gradient-descent-1, 10, 800, 25, 25, 16, 357.89, 7.84082743, 55, 7.399411, 206630, 35.4, 33.4, 36.4, 33.2
base-gradient-descent-1, 10, 800, 25, 25, 16, 187.60, 4.17530865, , 0, , 34.2, 33.0, 37.4, 32.2
base-gradient-descent-1, 10, 800, 25, 25, 64, 190.57, 4.17934193, , 0, , 36.9, 32.5, 35.4, 32.5
gradient-descent-1, 10, 800, 25, 25, 64, 348.46, 7.74064097, 48, 5.22069900000001, 181346, 35.9, 33.5, 35.4, 33.4
base-gradient-descent-1, 10, 800, 25, 25, 64, 188.34, 4.19070423, , 0, , 34.5, 33.4, 38.1, 32.5
gradient-descent-1, 10, 800, 25, 25, 64, 319.25, 7.02102310, 38, 9.269476, 144268, 39.6, 35.9, 35.0, 32.0
base-gradient-descent-1, 10, 800, 25, 25, 64, 190.30, 4.23674237, , 0, , 36.9, 34.4, 34.5, 32.0
gradient-descent-1, 10, 800, 25, 25, 64, 315.49, 7.10442949, 60, 6.18785800000001, 226334, 36.4, 32.5, 37.9, 32.5
base-gradient-descent-1, 10, 800, 25, 25, 64, 187.38, 4.18347929, , 0, , 35.9, 32.5, 42.5, 37.0
gradient-descent-1, 10, 800, 25, 25, 64, 311.63, 7.02931276, 71, 4.176519, 267032, 36.4, 33.8, 35.9, 31.8
base-gradient-descent-1, 10, 800, 25, 25, 64, 193.71, 4.21274706, , 0, , 35.0, 32.5, 34.8, 31.0
gradient-descent-1, 10, 800, 25, 25, 64, 319.21, 7.06537794, 64, 8.840936, 241495, 35.9, 32.5, 36.1, 32.0
base-gradient-descent-1, 10, 800, 25, 25, 64, 188.57, 4.17778957, , 0, , 35.0, 33.0, 36.6, 32.5
gradient-descent-1, 10, 800, 25, 25, 64, 322.68, 7.08555536, 43, 9.522521, 161957, 34.9, 33.0, 36.9, 33.0
base-gradient-descent-1, 10, 800, 25, 25, 64, 196.36, 4.20739016, , 0, , 36.4, 33.5, 39.4, 35.9
gradient-descent-1, 10, 800, 25, 25, 64, 356.06, 7.79616465, 74, 6.69735800000001, 280329, 37.1, 33.5, 38.4, 33.2
base-gradient-descent-1, 10, 800, 25, 25, 64, 198.61, 4.22601444, , 0, , 35.6, 33.5, 42.5, 35.1
gradient-descent-1, 10, 800, 25, 25, 64, 360.35, 7.86398714, 31, 10.487158, 117832, 34.5, 32.5, 40.6, 33.2
base-gradient-descent-1, 10, 800, 25, 25, 64, 185.62, 4.17014642, , 0, , 34.9, 33.0, 35.2, 32.5
gradient-descent-1, 10, 800, 25, 25, 64, 363.80, 7.80864419, 75, 7.67971900000001, 283582, 36.4, 33.4, 34.5, 33.8
base-gradient-descent-1, 10, 800, 25, 25, 64, 195.60, 4.21049880, , 0, , 34.0, 33.0, 39.1, 35.6
gradient-descent-1, 10, 800, 25, 25, 64, 346.49, 7.77558752, 58, 5.861965, 219068, 36.6, 34.4, 36.4, 35.6
base-gradient-descent-1, 10, 800, 25, 25, 64, 196.14, 4.21886528, , 0, , 35.4, 33.0, 35.2, 32.0
gradient-descent-1, 10, 800, 25, 25, 64, 318.82, 7.04799859, 32, 9.31052200000001, 121988, 35.9, 32.8, 35.4, 33.5
base-gradient-descent-1, 10, 800, 25, 25, 64, 193.67, 4.18523498, , 0, , 35.4, 33.4, 42.5, 40.1
gradient-descent-1, 10, 800, 25, 25, 64, 366.08, 7.82895456, 57, 4.832634, 214303, 36.9, 34.4, 31.1, 30.1
base-gradient-descent-1, 10, 800, 25, 25, 64, 195.23, 4.20896621, , 0, , 31.1, 30.5, 34.0, 32.5
gradient-descent-1, 10, 800, 25, 25, 64, 319.90, 7.01988551, 40, 5.723254, 150480, 34.0, 32.5, 39.9, 33.9
base-gradient-descent-1, 10, 800, 25, 25, 64, 189.62, 4.19776135, , 0, , 31.1, 31.0, 36.4, 33.2
gradient-descent-1, 10, 800, 25, 25, 64, 353.55, 7.78778854, 36, 7.39790600000001, 136680, 35.6, 33.8, 37.9, 33.0
base-gradient-descent-1, 10, 800, 25, 25, 64, 194.63, 4.21164141, , 0, , 37.9, 33.0, 32.0, 31.5
gradient-descent-1, 10, 800, 25, 25, 64, 532.22, 8.06627402, 51, 8.335865, 192187, 33.5, 32.0, 41.8, 38.2
base-gradient-descent-1, 10, 800, 25, 25, 64, 290.34, 4.32243700, , 0, , 38.4, 36.4, 35.0, 34.4
gradient-descent-1, 10, 800, 25, 25, 64, 540.13, 8.06164140, 41, 3.937185, 155218, 35.4, 34.4, 36.9, 34.9
base-gradient-descent-1, 10, 800, 25, 25, 64, 288.24, 4.32689717, , 0, , 39.8, 37.0, 41.0, 37.8
gradient-descent-1, 10, 800, 25, 25, 64, 486.99, 7.32342603, 113, 5.0382, 425638, 36.1, 34.9, 35.4, 34.9
base-gradient-descent-1, 10, 800, 25, 25, 64, 291.76, 4.32307655, , 0, , 35.9, 34.9, 42.0, 38.8
gradient-descent-1, 10, 800, 25, 25, 64, 533.15, 8.03418204, 77, 7.025858, 291059, 38.4, 35.9, 36.4, 34.9
base-gradient-descent-1, 10, 800, 25, 25, 64, 289.37, 4.32684582, , 0, , 37.1, 35.4, 37.9, 35.6
gradient-descent-1, 10, 800, 25, 25, 64, 481.09, 7.30413786, 55, 4.64685, 207554, 37.1, 35.4, 43.5, 40.9
base-gradient-descent-1, 10, 800, 25, 25, 64, 295.14, 4.34387737, , 0, , 43.0, 40.4, 37.9, 35.4
gradient-descent-1, 10, 800, 25, 25, 64, 533.08, 8.02943142, 48, 9.372027, 181839, 46.9, 39.4, 37.4, 34.9
base-gradient-descent-1, 10, 800, 25, 25, 64, 290.50, 4.32435821, , 0, , 42.8, 40.1, 42.0, 39.2
gradient-descent-1, 10, 800, 25, 25, 64, 481.75, 7.28104941, 88, 6.390124, 331795, 43.5, 36.9, 50.5, 38.2
base-gradient-descent-1, 10, 800, 25, 25, 64, 293.42, 4.32933381, , 0, , 43.6, 40.1, 39.1, 35.4
gradient-descent-1, 10, 800, 25, 25, 64, 478.67, 7.28530052, 42, 7.103362, 160049, 43.2, 42.2, 43.2, 40.1
base-gradient-descent-1, 10, 800, 25, 25, 64, 292.38, 4.32603148, , 0, , 38.9, 37.2, 40.2, 36.6
gradient-descent-1, 10, 800, 25, 25, 64, 490.40, 7.30644083, 47, 10.073249, 177293, 39.4, 36.9, 37.1, 36.2
base-gradient-descent-1, 10, 800, 25, 25, 64, 290.37, 4.32302802, , 0, , 40.2, 37.8, 48.0, 39.0
gradient-descent-1, 10, 800, 25, 25, 64, 541.43, 8.08050738, 66, 7.89215300000001, 249076, 43.6, 38.8, 37.4, 35.9
base-gradient-descent-1, 10, 800, 25, 25, 64, 292.00, 4.32950425, , 0, , 43.5, 41.1, 37.4, 35.9
gradient-descent-1, 10, 800, 25, 25, 64, 533.32, 8.07672748, 56, 8.445167, 212317, 39.9, 39.0, 38.4, 37.2
base-gradient-descent-1, 10, 800, 25, 25, 64, 293.13, 4.33220923, , 0, , 37.9, 37.0, 38.4, 36.4
gradient-descent-1, 10, 800, 25, 25, 64, 527.03, 7.93382470, 50, 5.845724, 190198, 41.2, 40.1, 36.6, 35.9
base-gradient-descent-1, 10, 800, 25, 25, 64, 290.25, 4.32845119, , 0, , 37.4, 36.2, 36.4, 35.9
gradient-descent-1, 10, 800, 25, 25, 64, 535.36, 8.00602336, 34, 6.41874300000001, 129953, 37.4, 36.2, 46.4, 41.4
base-gradient-descent-1, 10, 800, 25, 25, 64, 288.09, 4.32726139, , 0, , 44.6, 41.9, 42.5, 36.9
gradient-descent-1, 10, 800, 25, 25, 64, 478.21, 7.27959642, 66, 5.28054800000001, 249470, 42.5, 40.6, 43.2, 38.8
base-gradient-descent-1, 10, 800, 25, 25, 64, 291.32, 4.32891823, , 0, , 38.9, 37.2, 42.8, 39.8
gradient-descent-1, 10, 800, 25, 25, 64, 533.00, 8.06098140, 34, 3.852187, 129134, 41.2, 40.9, 43.6, 39.9
base-gradient-descent-1, 10, 800, 25, 25, 64, 290.38, 4.32117893, , 0, , 38.9, 37.8, 45.9, 39.8
gradient-descent-1, 10, 800, 25, 25, 64, 531.64, 8.07083320, 36, 9.40601600000001, 138260, 39.1, 37.0, 38.4, 36.2
base-gradient-descent-1, 10, 800, 25, 25, 64, 290.37, 4.32279243, , 0, , 43.6, 40.9, 36.9, 35.9
